subscription_id,show_id,subscription_type,subscription_price,billing_cycle,start_date
S1,464237c8-d,Standard,4.08,Yearly,2025-04-06
S2,ef1d668f-9,Basic,23.16,Monthly,2021-08-16
S3,61e8d17c-4,Standard,8.25,Yearly,2022-05-15
S4,43e4d2cc-d,Premium,16.06,Yearly,2023-04-20
S5,050cb3d7-4,Standard,12.48,Monthly,2025-11-17
S6,22745f2c-8,Standard,18.95,Yearly,2024-02-16
S7,a1a65796-8,Standard,12.27,Yearly,2025-03-20
S8,2058fcf8-2,Basic,16.13,Yearly,2021-06-19
S9,a78dcbd2-d,Basic,4.32,Monthly,2025-10-28
S10,fb33ce5b-2,Standard,21.42,yearly,2025-11-23
S11,ff6fbcfa-a,Premium,14.23,Monthly,2025-03-01
S12,27ce6e78-7,Premium,17.92,Monthly,2024-07-31
S13,63bc5eb5-4,Basic,17.94,Yearly,2024-12-17
S14,0e4bc972-e,Basic,23.83,Yearly,2023-03-16
S15,aad771a0-b,Standard,11.84,Yearly,2022-01-05
S16,6b131e92-b,Premium,12.63,Yearly,2021-07-08
S17,da0bb47a-c,Basic,15.51,Monthly,2021-07-17
S18,4e734dcf-a,Premium,24.45,Monthly,2025-04-30
S19,9f13cba3-8,Standard,13.52,Monthly,2025-03-20
S20,8dff7919-b,Standard,11.36,Yearly,2023-06-02
S21,e9a8e7fe-4,Premium,13.84,Monthly,2024-01-24
S22,6ccbe5d3-f,Standard,7.53,Yearly,2021-12-19
S23,fb833204-f,Basic,8.17,Yearly,2022-08-23
S24,e3d7f0f7-1,Basic,8.42,Yearly,2022-10-22
S25,5e386b62-d,Premium,8.07,Monthly,2025-12-07
S26,3039a48a-c,Standard,11.74,Yearly,2025-06-18
S27,d429cb33-9,Standard,12.93,Monthly,2023-11-28
S28,72b6c443-b,Basic,20.26,Monthly,2021-02-22
S29,07ec50c1-6,Basic,6.77,Monthly,2023-11-24
S30,41a65c21-3,Basic,15.1,Monthly,2022-12-20
S31,6acb2f2f-2,Basic,24.56,Monthly,2022-08-29
S32,05e05f11-4,Basic,21.65,Yearly,2025-12-23
S33,d57f3986-d,Premium,9.65,Yearly,2024-04-06
S34,85fe3390-6,Basic,24.06,Yearly,2023-02-17
S35,0157824e-4,Premium,16.62,Monthly,2021-07-30
S36,f6e499e2-f,Premium,5.27,Monthly,2024-03-31
S37,4dbeda7b-8,Standard,3.3,Monthly,2021-10-15
S38,d24fa7b0-6,Basic,3.44,Yearly,
S39,ca423f6d-5,Standard,17.85,Monthly,2022-07-24
S40,12d64620-c,Standard,13.02,Monthly,2022-06-05
S41,15f4cdbf-7,Premium,9.61,Monthly,2024-02-23
S42,83721fe9-9,Basic,12.33,Yearly,2022-02-01
S43,763b746f-a,Standard,8.44,Monthly,2025-12-26
S44,22f764f1-9,Standard,23.12,Yearly,2025-11-19
S45,3a781b69-f,Premium,14.18,Yearly,2024-10-02
S46,d86ed357-e,Premium,19.6,Monthly,2024-02-04
S47,2f4ecfc8-3,Standard,11.63,yearly,2022-11-28
S48,ab8c58a8-c,Premium,20.91,Monthly,2024-04-10
S49,2bca75b5-d,Premium,10.2,Yearly,2024-07-19
S50,90f81dac-b,Premium,5.98,Yearly,2026-01-11
S51,9efc102b-1,Standard,24.78,Yearly,2021-10-08
S52,8a4de723-2,Premium,20.5,Yearly,2021-08-10
S53,571ba780-b,Standard,4.89,Yearly,2024-09-15
S54,4af7d85f-1,Basic,22.58,Yearly,2022-09-21
S55,90e0682c-4,Premium,13.29,Yearly,2024-03-30
S56,dcd040f9-2,Premium,15.35,Yearly,2023-06-22
S57,a7db6beb-5,Standard,7.17,Monthly,2023-08-21
S58,2c43536a-4,Standard,18.74,Monthly,
S59,a10c1a8c-b,Premium,8.45,Yearly,2025-09-22
S60,391777ab-0,Premium,7.96,Monthly,2022-02-11
S61,26492b46-f,Basic,14.76,Yearly,2021-07-02
S62,54f93795-b,Basic,12.0,Yearly,2021-09-01
S63,572f8dfd-e,Premium,23.56,,2021-03-10
S64,bdeb13e9-a,Premium,17.96,Yearly,2024-12-19
S65,6cbfd9eb-c,Premium,13.86,Monthly,2024-11-30
S66,cdf6ed4e-8,Premium,13.41,Yearly,2023-09-04
S67,7dfedee7-a,Premium,5.92,Monthly,2022-05-21
S68,b2302635-1,Standard,24.58,Monthly,2024-09-16
S69,48e5a897-b,Standard,15.25,Monthly,2021-07-09
S70,68bd88f6-e,Premium,12.26,Yearly,2025-06-28
S71,3839cd57-a,Premium,3.85,Monthly,2022-12-29
S72,13b29c77-7,Basic,5.42,Yearly,2025-03-07
S73,28c73baf-9,Premium,22.75,Yearly,2022-11-24
S74,9790d2a2-3,Standard,19.67,Yearly,2025-12-02
S75,34135f2f-d,Standard,7.13,Yearly,2021-03-23
S76,671a69c9-d,Standard,15.2,Yearly,2024-05-14
S77,f3ac19fa-8,Premium,20.65,Monthly,2025-07-12
S78,8c04a733-4,Standard,3.38,Monthly,2024-11-20
S79,795c54ff-5,Basic,5.08,Monthly,2021-02-11
S80,96e7efe5-c,Standard,4.72,Monthly,2023-12-10
S81,cc1e3b3a-3,Premium,7.48,Monthly,2023-02-02
S82,e7a2e8e4-9,Standard,9.05,Yearly,
S83,780401fa-a,Basic,18.09,Monthly,2024-11-03
S84,fa578228-5,Premium,11.41,Monthly,2025-05-28
S85,5952c2e5-e,Premium,21.67,Monthly,2023-12-04
S86,c00dad6b-f,Standard,19.92,Yearly,2024-08-23
S87,35270b9b-d,Premium,10.47,Monthly,2021-08-17
S88,5f683f67-c,Standard,18.23,Monthly,2025-02-07
S89,23fed625-c,Standard,11.23,Yearly,2025-10-21
S90,88828cbf-4,Basic,17.49,Yearly,2023-06-27
S91,2f41c7de-f,Premium,12.56,Yearly,2025-06-25
S92,f1ecb2cc-1,Premium,15.78,Monthly,
S93,e0c22165-f,Premium,20.65,Monthly,2026-01-03
S94,4764bb48-d,Basic,22.85,Yearly,2025-10-22
S95,46df49af-8,Basic,12.66,Yearly,2023-08-04
S96,3c883579-6,Standard,10.62,Monthly,2025-01-04
S97,2bcd3b51-c,Standard,20.33,Monthly,2023-09-12
S98,9a8b523d-8,Standard,10.15,Monthly,2021-08-26
S99,11dfd4b4-5,Standard,15.21,Monthly,2024-06-11
S100,58155c4b-6,Premium,16.32,Monthly,2024-04-06
S101,88f39bd3-7,Basic,20.63,Monthly,2023-12-28
S102,b80bbe5d-d,Standard,6.22,Yearly,
S103,767c2098-f,Basic,15.38,Yearly,2023-01-28
S104,d9dfd4ca-f,Premium,12.51,Monthly,2025-12-01
S105,83ebb0cd-9,Basic,21.71,Yearly,2023-01-11
S106,21eeda93-6,Basic,10.04,Monthly,2021-05-24
S107,408131f3-3,Basic,7.55,Yearly,2025-03-16
S108,c08afc0a-6,Standard,12.5,Monthly,2022-04-19
S109,9ab25994-8,Premium,20.72,Yearly,2025-03-20
S110,42e11db8-0,Standard,5.39,Monthly,2023-06-29
S111,71c2c85f-6,Premium,11.34,Monthly,2024-03-19
S112,22176108-b,Standard,20.06,Yearly,2024-05-31
S113,02017a24-1,Standard,22.37,Yearly,2023-01-07
S114,0907c3b3-2,Standard,4.28,Yearly,2025-04-20
S115,fd2f2f5c-7,Premium,10.29,Yearly,2024-03-22
S116,201535db-e,Premium,21.76,Yearly,2023-04-02
S117,49984064-1,Standard,22.89,Yearly,2021-02-24
S118,29b34174-0,Basic,13.34,Monthly,2024-08-08
S119,6d1367f5-2,Premium,11.72,Yearly,2024-03-09
S120,051cd833-b,Premium,22.09,Monthly,2024-05-17
S121,5a59a318-a,Premium,18.21,Monthly,2024-05-28
S122,60ee23ae-1 ,Basic,9.69,Monthly,2024-11-16
S123,f51ef5d3-b,Basic,22.78,Yearly,2021-03-22
S124,c26f4aea-4,Premium,6.77,monthly,2024-04-24
S125,0386c037-f,Standard,5.09,Monthly,2024-08-07
S126,b54033f7-2,Basic,11.69,Yearly,2025-10-23
S127,a435e612-b,Basic,16.33,Monthly,2024-02-21
S128,5634e4b4-8,Basic,6.11,Monthly,2023-12-21
S129,e65bfc98-6,Standard,4.35,Monthly,2024-12-07
S130,3ac20ea0-9,Basic,15.08,Monthly,2021-08-30
S131,7cf887de-c,Standard,14.68,Monthly,2022-11-19
S132,9ac890b8-c,Standard,20.81,Monthly,2026-01-07
S133,0099bd6d-7,Basic,14.0,Monthly,2021-03-17
S134,ab09f1fd-8,Standard,19.83,Monthly,2021-04-06
S135,2f5208f5-4,Premium,10.52,Monthly,2025-08-13
S136,a854669b-e,Standard,13.38,Yearly,
S137,68bf60c7-8,Premium,11.19,Monthly,2025-02-08
S138,89931b32-2,Standard,14.13,Monthly,2022-04-01
S139,a1c7207a-9,Premium,4.77,Monthly,2024-10-14
S140,97ed0f49-c,Standard,19.73,Monthly,2026-01-11
S141,71b341af-e,Basic,16.91,Yearly,2023-11-14
S142,be70afea-4,Standard,5.79,Yearly,2025-10-26
S143,974d9e53-b,Standard,5.62,Yearly,2021-06-13
S144,2bb86449-8,Premium,12.04,Yearly,2024-10-04
S145,b9d804cc-0,Premium,6.16,Yearly,2024-04-12
S146,e1afffa0-f,Standard,5.11,Monthly,2024-09-28
S147,c5a5ac1d-3,Premium,7.27,Monthly,2024-02-19
S148,289497f9-a,Premium,12.8,Monthly,2022-12-07
S149,8a720e3c-3,Standard,21.67,Yearly,2023-03-15
S150,807280d5-2,Standard,15.69,Monthly,2022-05-29
S151,f9b4e3aa-0,Basic,8.03,Monthly,2025-11-08
S152,5c345baf-e,Basic,23.42,Yearly,2024-01-20
S153,218bdb66-a,Standard,19.74,Monthly,2022-06-08
S154,9b26f58c-e,Premium,24.77,Monthly,2023-10-01
S155,e913be69-3,Basic,10.33,Monthly,2025-10-29
S156,b5770310-3,Premium,7.47,Monthly,2024-12-28
S157,,Premium,23.62,Monthly,2025-06-09
S158,d5539d4d-8,Premium,5.95,Monthly,2025-04-21
S159,89dd4ed9-5,Standard,23.36,Monthly,2022-05-30
S160,b47af1d2-9,Basic,7.48,Yearly,2023-10-14
S161,573ad3ae-a,Standard,9.77,Yearly,2022-06-19
S162,c9172ca4-7,Premium,23.3,Monthly,2025-03-31
S163,d19caa50-b,Premium,6.03,Yearly,2023-05-18
S164,99e7a860-8,Premium,3.79,Monthly,2022-11-11
S165,deca544d-1,Basic,19.48,Monthly,2021-03-19
S166,0008281c-4,Standard,13.09,Monthly,2023-12-26
S167,65f8db3a-1,Premium,8.14,Monthly,2022-09-25
S168,3f7f44e8-7,Premium,20.27,Monthly,2023-09-19
S169,8fce9a98-f,Standard,16.91,Yearly,2023-02-03
S170,1d78ddb8-6,Premium,4.22,Monthly,2025-09-15
S171,56dda41c-4,Premium,3.42,Yearly,2025-12-08
S172,9cfaf1e3-8,Basic,9.45,Monthly,2021-11-03
S173,dd21cb1a-f,Premium,20.31,Yearly,2023-11-06
S174,06841b95-7,Premium,11.82,Yearly,2021-09-26
S175,a1a36e04-3,Premium,6.55,Monthly,2021-06-11
S176,b1eed147-e,Standard,5.25,Monthly,2024-06-19
S177,b1d45a3a-4,Standard,13.47,Monthly,2021-10-06
S178,1088667e-a,Basic,20.15,Yearly,2022-01-05
S179,b985b8c5-0,Basic,7.78,Yearly,2023-03-25
S180,38027a9f-5,Premium,10.3,Monthly,2024-11-27
S181,4aafd4f5-d,Standard,22.84,Yearly,2025-11-29
S182,f7c804fb-c,Premium,24.86,Yearly,2024-09-13
S183,7d7e16e0-b,Basic,3.16,Monthly,2023-07-17
S184,c1a29169-1,Standard,9.38,Yearly,2025-01-15
S185,6bd240ff-f,Basic,10.36,Monthly,2024-01-07
S186,64e34a0e-a,Premium,24.18,Monthly,2025-08-22
S187,ce5828cd-9,Basic,13.29,Monthly,2025-07-22
S188,7644dec1-4,premium,3.99,Yearly,2024-02-24
S189,77f8c5f2-c,Basic,3.67,Yearly,2022-08-22
S190,9036ef32-9,Premium,19.21,Monthly,2025-11-01
S191,e67c565f-5,Premium,22.9,,2025-07-17
S192,655e7d13-1,Standard,5.96,Monthly,
S193,21266eb5-8,Basic,10.57,Monthly,2023-05-08
S194,11b15a4a-f,Standard,19.81,Monthly,2023-10-07
S195,ff7e5edc-8,Premium,6.97,Yearly,2021-02-24
S196,e24ad57d-a,Premium,13.29,,2022-08-02
S197,3d39d6d4-a,Standard,21.17,Monthly,2023-06-12
S198,f487699a-8,Standard,21.49,Monthly,2025-12-18
S199,e789055b-d,Standard,17.81,Monthly,2023-06-15
S200,d9772e4d-9,Basic,9.75,Monthly,2025-05-08
S201,198bb79a-0,Standard,6.8,Monthly,2023-12-01
S202,f37e059b-9,Premium,4.52,Monthly,2024-07-16
S203,616e9ca3-0,Premium,19.64,Monthly,2025-09-23
S204,dcadab15-a,Basic,14.67,Yearly,2022-04-03
S205,b9c2499b-7,Premium,12.92,Yearly,2024-10-27
S206,3548bc6b-9,Basic,12.16,Yearly,2026-01-05
S207,f5c4395d-f,Premium,20.39,Monthly,2024-05-22
S208,b5ecb3dd-e,Basic,9.66,Monthly,2025-03-06
S209,54c6c464-8,Premium,9.96,Monthly,2023-02-12
S210,8d0f50a8-7,Basic,23.93,Monthly,2025-05-17
S211,141f13ef-a,Basic,9.02,Yearly,2023-09-01
S212,50adddd0-4,Premium,8.08,Yearly,2025-06-23
S213,9cffc3b7-d,Standard,10.72,Yearly,2022-09-13
S214,06cd0c7c-8,Premium,12.67,Yearly,2024-10-01
S215,d76d52ec-6,Premium,23.88,Yearly,2022-08-20
S216,26fc36ef-e,Premium,16.14,Yearly,2024-10-12
S217,d211c479-f,Standard,14.26,Yearly,2023-05-12
S218,9bf00bd5-5,Standard,22.95,Monthly,2021-05-22
S219,d182dba3-3,Premium,11.99,Monthly,2025-06-09
S220,6e044633-3,Premium,16.19,Yearly,2021-07-27
S221,95ca8780-0,Basic,15.63,Monthly,2022-04-23
S222,4951b583-0,Premium,16.58,Yearly,2025-08-30
S223,1716fa8f-4,Premium,3.71,Yearly,2025-07-21
S224,aaed186c-a,Premium,17.86,Monthly,2021-08-19
S225,d1d5405a-1,Premium,8.86,Yearly,2025-06-17
S226,554f063c-d,Basic,8.74,Yearly,2025-07-05
S227,bcdae101-d,Premium,23.97,Monthly,2023-12-10
S228,2207ce0e-e,Basic,18.52,Yearly,2024-10-20
S229,7dce6954-7,Basic,14.91,Yearly,2021-09-28
S230,734d58a0-5,Premium,8.88,Monthly,2023-07-29
S231,5d627e2a-2,Basic,15.29,Yearly,2024-06-03
S232,48e22835-d,Premium,10.25,Monthly,2021-03-30
S233,db1e4c56-8,Premium,21.65,Monthly,2025-08-29
S234,ca5b9e40-e,Basic,5.41,Monthly,2023-07-14
S235,821fdf3d-3,Standard,13.56,,2023-11-05
S236,80663104-c,Standard,10.59,Monthly,2026-01-20
S237,52f7150b-9,Premium,3.31,Yearly,2025-12-14
S238,a987258b-7,Basic,10.6,Yearly,2023-01-19
S239,cf82d8a9-5,Standard,20.35,Monthly,2022-05-05
S240,64235a3c-7,Premium,19.51,Yearly,2022-06-27
S241,94c7e5fa-a,Basic,5.51,Monthly,2021-05-05
S242,5653339b-b,Premium,20.99,Yearly,2024-09-24
S243,1fd042b6-d,Standard,3.36,Monthly,2021-07-20
S244,1495ebe4-1,Premium,15.09,Yearly,2023-03-20
S245,18faad8c-f,Basic,,Yearly,2022-09-15
S246,f522bb8c-b,Basic,10.9,Yearly,2023-12-06
S247,d8753448-2,Basic,18.53,Yearly,2021-03-13
S248,9b27ccdc-e,Premium,19.99,Monthly,2025-11-23
S249,95f36ac0-8,Standard,23.95,Monthly,2021-06-08
S250,942cb714-0,Premium,18.06,Monthly,2025-06-10
S251,d7a373f8-b,Premium,24.32,Yearly,2025-10-02
S252,ce9cc128-0,Standard,20.28,Yearly,2022-02-03
S253,9f73d0e3-c,Premium,12.64,Monthly,2022-10-12
S254,e4df1725-5,Premium,22.01,Monthly,2022-06-13
S255,86998cd6-2,Standard,8.1,Monthly,2021-09-23
S256,6418e971-c,Basic,6.9,Monthly,2023-02-05
S257,e26010f4-d,Basic,5.44,Yearly,2021-05-14
S258,84bdda64-f,Basic,21.82,Monthly,2025-06-18
S259,03f9a6d8-a,Standard,11.59,Monthly,2022-10-07
S260,a846bdae-1,Basic,14.64,Yearly,2025-07-20
S261,1e5fdbd0-a,Standard,11.86,Monthly,2021-10-08
S262,2463f43b-6,Standard,7.71,Yearly,2023-05-18
S263,72144ef7-2,Basic,15.25,Yearly,2024-03-21
S264,3d626b83-2,Standard,23.62,Yearly,2024-03-29
S265,eca46abc-1,Standard,10.36,Monthly,2025-12-18
S266,73e9a357-f,Premium,23.36,Yearly,2021-02-11
S267,b0fe117d-d,Premium,18.63,Monthly,2025-01-19
S268,af2bf3e8-e,Basic,5.01,Yearly,2021-11-29
S269,0149d5d1-5,Standard,15.4,Monthly,2025-06-01
S270,6a311fc0-3,Premium,16.2,Yearly,2025-02-01
S271,f726f109-a,Basic,24.49,Yearly,2024-09-03
S272,221e135d-3,Standard,23.94,Yearly,2024-12-09
S273,0bbbd261-f,Premium,6.98,Yearly,2024-10-06
S274,38453a10-a,Basic,20.57,Yearly,2025-05-24
S275,7eb0dd2d-a,Premium,7.29,Monthly,2023-12-14
S276,ab5661a1-b,Premium,4.72,Yearly,2025-03-30
S277,f7ad3314-f,Basic,12.84,Monthly,2021-06-27
S278,39a304bb-6,Standard,4.93,Monthly,2022-06-29
S279,38d17052-4,Standard,4.62,Monthly,2025-06-07
S280,328e22b4-8,Standard,19.5,Monthly,2022-05-03
S281,f94e543b-6,Basic,20.6,Monthly,2025-12-01
S282,88eb7a9e-f,Premium,10.23,,2023-05-24
S283,7c1f2656-9,Basic,21.57,Yearly,2026-01-21
S284,98eb1b23-d,Standard,13.17,Monthly,2024-02-24
S285,996ddeab-5,Standard,16.85,Yearly,2023-04-16
S286,3a9b51fe-5,Premium,20.34,Yearly,2022-03-09
S287,ffb89ec6-1,Standard,23.11,Yearly,2025-09-20
S288,0a73216e-8,Premium,21.23,Monthly,2025-05-18
S289,829aa269-8,Basic,21.77,Monthly,2024-11-14
S290,3cb096f3-d,Basic,23.34,Monthly,2022-11-06
S291,66216b78-4,Premium,14.53,Monthly,2025-08-18
S292,983e507c-2,Premium,5.04,Yearly,2024-08-09
S293,56cc5186-8,Standard,6.81,Yearly,2024-06-23
S294,dd11995e-c,Basic,15.25,Monthly,2023-07-05
S295,5085331c-b,Standard,23.53,Yearly,2025-11-11
S296,fba7cd17-4,Premium,5.38,Monthly,2024-03-18
S297,9d3d373b-5,Standard,24.91,Yearly,2022-12-26
S298,d8c70be2-2,Basic,22.48,Monthly,2022-02-26
S299,8bc2acd5-8,Standard,22.48,Monthly,2025-12-25
S300,6fd6a3d0-e,Basic,7.08,Yearly,2024-01-24
S301,45ec9db1-9,Premium,21.38,Yearly,2021-09-05
S302,1c397e26-c,Basic,3.4,Yearly,2021-05-20
S303,8ebbe7fe-f,Standard,3.53,Monthly,2025-04-01
S304,9a6be27a-9,Premium,9.73,Monthly,2022-06-30
S305,84377585-1,Premium,19.88,Monthly,2021-07-20
S306,6b023406-2,Basic,13.68,Yearly,2025-11-08
S307,3363f5be-d,Premium,19.21,Yearly,2022-02-04
S308,ff0b2cdc-b,Basic,20.93,Monthly,2021-07-10
S309,a9d7c2f7-9,Basic,4.09,Monthly,2023-03-21
S310,872927c1-1,Standard,23.13,Monthly,2022-03-13
S311,27ebd85e-5,Standard,20.94,Monthly,2022-10-16
S312,c44aed88-c,Premium,5.12,Monthly,2023-01-09
S313,49b8cba4-a,Basic,12.69,Monthly,2021-12-24
S314,e6748a82-f,Standard,8.32,Monthly,2025-11-10
S315,69965a67-2,Premium,16.58,Monthly,2024-11-07
S316,7c10c316-0,Basic,16.62,Monthly,2021-03-18
S317,3b93c8de-d,Standard,13.23,Monthly,2022-12-21
S318,068f9ec8-8,Premium,7.64,Yearly,2026-02-08
S319,,Basic,9.32,Monthly,2024-10-13
S320,50d18d62-1,Premium,8.07,Yearly,2021-12-15
S321,06422bd7-2,Standard,22.56,Monthly,2022-05-01
S322,e2ee695b-d,Standard,24.8,Yearly,2023-08-15
S323,3c544c1e-1,Premium,13.64,Monthly,2024-04-02
S324,383c7589-7,Standard,18.02,Yearly,2022-07-04
S325,e6bf5f87-6,Basic,21.84,Monthly,2022-09-14
S326,6bf91685-e,Standard,10.63,Monthly,2023-06-13
S327,facbdabe-e,Standard,10.86,Monthly,2025-08-22
S328,c1b22260-2,Standard,16.53,Yearly,2022-07-13
S329,16b6bcb3-b,Basic,12.03,Yearly,2022-05-18
S330,3654a71a-7,Basic,20.64,Yearly,2023-07-02
S331,ae6bc03d-c,Standard,22.86,Yearly,2023-08-29
S332,8212f99f-1,Basic,12.79,Yearly,2021-06-26
S333,989e0463-4,Premium,12.12,Monthly,2022-04-08
S334,faceda23-3,Standard,24.93,Monthly,2024-08-27
S335,5bd411b7-4,Premium,14.54,Yearly,2021-04-19
S336,66c27d35-2,Basic,15.73,Yearly,2023-11-08
S337,d8a231ca-d,Basic,12.56,Monthly,2023-10-10
S338,b3f7f173-3,Premium,17.24,Monthly,2021-09-18
S339,08773496-c,Premium,23.38,Yearly,2024-06-07
S340,ad89c36c-d,Standard,24.43,Monthly,2025-04-24
S341,2475980e-4,Standard,6.72,Monthly,2023-06-13
S342,1e38846e-9,Basic,7.84,Monthly,2021-08-13
S343,56f51e43-d,Premium,23.26,Yearly,2025-03-24
S344,55b74b4f-9,Standard,8.48,Yearly,2022-02-10
S345,b055340b-b,Standard,18.88,Monthly,2024-08-03
S346,eafb271e-5,Standard,9.27,Yearly,2024-08-04
S347,21752939-c,Basic,5.98,Yearly,2024-06-24
S348,41dbab94-7,Standard,21.16,Yearly,2021-06-11
S349,33d656d1-b,Premium,21.93,Monthly,2024-05-05
S350,772e15cd-1,Basic,4.88,Yearly,2024-09-28
S351,80121fbd-5,Premium,14.86,Yearly,2025-07-16
S352,c14fa1c5-3,Basic,16.16,Monthly,2023-03-09
S353,cde58862-9,Standard,17.02,Yearly,2025-01-14
S354,822fd1d7-e,Premium,6.53,Monthly,2021-07-01
S355,ec33ff2f-0,Premium,14.94,Yearly,2023-08-25
S356,46b3283d-4,Premium,24.58,Yearly,2022-11-21
S357,86b982ef-c,Basic,24.18,Yearly,2021-06-24
S358,fe8efed9-8,Premium,23.65,Yearly,2025-10-20
S359,ae999c13-a,Basic,13.07,Monthly,2021-10-11
S360,7bed974e-8,Basic,24.21,Monthly,2024-06-07
S361,2fa77e4c-8,Premium,15.86,Yearly,2026-01-18
S362,e651e7cc-5,Premium,3.81,,2022-08-17
S363,6e35e60c-f,Basic,18.35,Monthly,2021-12-18
S364,a700db57-6,Basic,7.65,,2021-05-05
S365,102c5e55-2,Basic,11.87,Monthly,2023-04-22
S366,ba6bbdf5-4,Premium,12.41,Yearly,2025-01-21
S367,15aac47d-2,Standard,23.52,Yearly,2023-08-15
S368,9a4706bf-8,Standard,21.24,Yearly,2022-10-16
S369,d434c972-d,Standard,23.0,Yearly,2021-05-24
S370,352d122b-c,Basic,8.48,Monthly,2023-10-07
S371,e87562d5-9,Standard,13.36,Yearly,2022-04-10
S372,3273f8af-0,Premium,10.16,Monthly,2022-09-18
S373,aa585c2a-5,Basic,13.41,Yearly,2021-12-15
S374,411077ef-9,Basic,12.71,Monthly,2024-10-19
S375,68362805-c,Basic,24.27,Monthly,2022-07-13
S376,312edb6b-b,Basic,14.22,Yearly,2024-03-26
S377,fcebaff4-0,Standard,4.02,Monthly,2025-08-04
S378,63ae39fc-6,Standard,21.84,Monthly,2021-07-25
S379,1bf4124d-0,Standard,11.24,Yearly,2021-12-20
S380,f21e36d0-2,Standard,23.62,Yearly,2023-08-20
S381,a17f0eaa-3,Premium,21.95,Monthly,2024-07-31
S382,03d1ffcc-7,Basic,5.47,Yearly,2025-12-16
S383,afd04d21-5,Standard,24.11,Yearly,2022-09-09
S384,19cd37d2-3,Basic,17.39,Monthly,2026-02-01
S385,70339683-e,Standard,24.03,Monthly,2022-03-08
S386,12425078-7,Premium,7.49,Monthly,2021-05-21
S387,8a3ae8cc-1,Basic,19.33,Yearly,2021-03-10
S388,c1e0cedc-6,Standard,23.83,Yearly,2024-03-24
S389,f2c4c9e9-7,Basic,19.25,Monthly,2024-08-02
S390,b3d12596-a,Standard,21.8,Monthly,2021-03-31
S391,908bc189-0,Basic,14.59,Monthly,2023-01-25
S392,a6d8ced6-7,Basic,5.65,Monthly,2025-09-19
S393,d5c1c0a7-6,Premium,6.0,Monthly,2024-01-13
S394,784c7178-1,Standard,16.41,Yearly,2022-06-06
S395,33409f4e-7,Premium,17.73,Monthly,2023-07-16
S396,4e8b87ca-6,Premium,7.43,Monthly,2025-08-18
S397,e20d26f9-0,Premium,19.74,Monthly,2022-06-10
S398,17bf17e5-1,Basic,4.42,Yearly,2024-05-11
S399,46a08d5b-0,Premium,22.82,Yearly,2025-11-23
S400,0c5b1b0a-3,Standard,9.16,Monthly,2025-03-14
S401,ec4088ea-4,Premium,10.8,Yearly,2024-12-15
S402,c7bdcb52-3,Standard,19.3,Yearly,2024-12-02
S403,3c9cdb61-a,Basic,3.07,Monthly,2021-06-06
S404,0d874332-d,Premium,5.94,Yearly,2025-01-12
S405,07f13d2a-e,Standard,9.1,Yearly,2026-01-24
S406,8acb2853-6,Standard,14.27,Monthly,2025-05-29
S407,4f393b9d-d,Basic,11.32,Yearly,2025-08-07
S408,a29dc2a1-9,Basic,23.51,Monthly,2022-08-24
S409,b2f0b4af-1,Basic,16.73,Monthly,2024-05-21
S410,e1722323-9,Premium,14.74,Monthly,2022-11-04
S411,37c1d357-3,Basic,18.37,Monthly,2021-08-27
S412,31c16402-2,Premium,9.78,Monthly,2023-08-28
S413,3479a7bc-a,Basic,13.55,Yearly,2024-11-12
S414,4419c7ac-e,Premium,24.12,Monthly,2021-10-07
S415,cd2a440b-c,Basic,22.91,Monthly,2024-10-29
S416,0fa69204-e,Premium,22.98,Monthly,2023-01-26
S417,859b1329-b,Basic,17.86,Yearly,2022-10-17
S418,e4e4f8d2-c,Basic,11.47,Yearly,2021-07-31
S419,d45dc77e-f,Premium ,17.91,Monthly,2023-03-15
S420,289a93a5-5,Basic,21.98,Yearly,2021-07-31
S421,1398aacc-e,Standard,10.38,Yearly,2022-01-25
S422,6ff0b815-4,Basic,4.34,Yearly,2021-02-24
S423,a79dbd3a-4,Standard,22.87,Yearly,
S424,7a06aa5d-2,Premium,23.21,Yearly,2025-02-25
S425,3c940fc6-b,Standard,10.48,Yearly,
S426,ba3836cf-4,Basic,13.15,Monthly,2025-06-19
S427,ccd525ba-2,Premium,14.15,Monthly,2025-03-23
S428,9ff139c7-e,Premium,8.41,Yearly,2022-12-09
S429,28519078-3,Premium,21.63,Yearly,2025-03-17
S430,433990b1-c,Basic,12.51,Monthly,2021-12-15
S431,b4dfb272-f,Basic ,24.26,Yearly,2023-11-08
S432,5ac2ea5d-1,Basic,5.75,Yearly,2022-06-02
S433,,,15.07,Yearly,2024-12-13
S434,50c27dec-6,Premium,15.21,Monthly,2025-11-18
S435,0830641f-d,Basic,10.57,Yearly,2025-03-29
S436,7587b572-8,Premium,21.24,Monthly,2023-07-13
S437,9abeb45e-7,Standard,6.65,Yearly,2021-12-07
S438,af6aa078-5,Basic,8.55,Yearly,2025-11-22
S439,fba724f4-b,Standard,6.82,Yearly,2021-10-10
S440,c4edc221-e,Basic,6.55,Monthly,2022-04-02
S441,f7f129ca-2,,13.98,Yearly,2024-05-25
S442,b1a4b0f7-2,Basic,24.26,Monthly,2022-07-19
S443,60ed03a5-c,Basic,22.77,Yearly,2024-07-08
S444,2a7e5594-4,Standard,9.48,Monthly,2023-07-16
S445,d144a09c-3,Standard,20.76,Monthly,2024-11-22
S446,b2f76cd9-1,Premium,5.35,Yearly,2023-05-19
S447,86f87cda-7,Standard,12.98,Monthly,2022-07-19
S448,ddfa0c31-9,Premium,13.12,Monthly,2024-02-13
S449,0cdeeb09-4,Basic,24.36,Yearly,2024-06-25
S450,98ca928e-e,Premium,15.67,Monthly,2022-08-26
S451,cbce76a4-2,Premium,11.47,Monthly,2024-03-25
S452,de59d257-4,Premium,10.51,Yearly,2024-06-23
S453,2dd59734-9,Premium,,Monthly,2024-01-29
S454,2dd7374f-6,Standard,24.98,Monthly,2024-07-17
S455,12ff0b1e-8,Premium,16.0,Yearly,2021-10-25
S456,74cbe7f7-5,Standard,8.91,Yearly,2025-11-06
S457,92dc6c6d-a,Premium,13.01,Monthly,2023-01-08
S458,4b577306-b,Basic,13.49,Monthly,2021-03-02
S459,3d9f3415-2,Basic,24.2,Monthly,2021-03-07
S460,13ec6a64-b,Premium,18.66,Monthly,2021-02-13
S461,86bb1b93-6,Basic,9.54,Monthly,2025-11-30
S462,dec6d4dc-3,Premium,5.76,Monthly,2022-07-31
S463,ef7cf955-b,Standard,4.17,Monthly,2023-09-03
S464,fa242827-a,Standard,7.87,Monthly,2025-07-04
S465,9073e228-e,Standard,12.66,Monthly,2023-03-26
S466,f73f2def-a,Basic,18.51,Monthly,2024-10-29
S467,5de06b4c-b,Premium,10.94,Yearly,2025-08-14
S468,ff079090-1,Basic,9.85,Yearly,2025-11-23
S469,5c193693-b,Basic,10.46,Monthly,2021-12-11
S470,8853568d-1,Premium,15.12,Monthly,2023-06-23
S471,11ed0334-8,Basic,3.29,Monthly,2025-03-19
S472,eb5c7fd0-6,Premium,13.17,Yearly,2023-07-14
S473,05f5aea7-8,Basic,5.46,Yearly,2021-12-16
S474,fbe94ec6-0,Premium,6.23,Monthly,2022-10-05
S475,03b6342f-f,Premium,6.26,Yearly,2022-05-10
S476,af30387b-e,Standard,12.37,Yearly,2021-10-30
S477,fd04d91e-2,Basic,19.6,Yearly,2024-05-20
S478,44b04b4b-f,Premium,18.83,Yearly,2025-03-11
S479,c034def4-d,Premium,14.19,Monthly,2024-05-23
S480,d64b659d-8,Premium,11.73,Yearly,2023-11-11
S481,e698ef25-1,Premium,7.78,Monthly,2024-10-26
S482,c111e387-7,Standard,15.91,Monthly,2021-04-26
S483,8e424c1e-a ,Basic,15.9,Yearly,2023-03-05
S484,91a658fa-d,Premium,7.4,Yearly,2024-08-23
S485,f78c20a1-e,Premium,22.33,Monthly,2023-02-20
S486,12e09fef-2,Basic,13.35,Yearly,2025-01-15
S487,82de4801-8,Standard,4.33,Yearly,2025-02-15
S488,221d6779-5,Basic,17.95,Monthly,2024-09-26
S489,960e6005-f,Basic,10.0,Monthly,2025-08-01
S490,43e4cbe0-a,Premium,13.65,Monthly,2025-09-10
S491,b981f8df-b,Basic,8.66,Yearly,2023-01-09
S492,1db0ed70-c,Standard,16.71,Yearly,2024-07-22
S493,d731ddca-f,,15.85,Monthly,2023-11-05
S494,d4e14094-a,Standard,10.7,Yearly,2023-12-05
S495,20f6d1fc-d,Basic,5.21,Monthly,2026-01-26
S496,28ff9519-c,Premium,21.63,Monthly,2022-10-22
S497,3d1f2137-c,Standard,19.74,Yearly,2025-03-29
S498,d7d62ac3-5,Basic,4.9,Monthly,2023-06-10
S499,43e085c7-4,Basic,17.4,Monthly,2022-12-07
S500,9e4f0ab7-7,Basic,21.56,Monthly,2024-03-11
S501,a8396c5d-8,Standard,7.53,Yearly,2021-03-03
S502,e73977db-a,Basic,12.82,Yearly,2024-02-03
S503,ce343d9d-7,Standard,10.57,Yearly,2023-12-23
S504,75cbcd3a-1,Premium,9.35,Monthly,2023-11-01
S505,89d990af-9,Premium,15.14,Monthly,2025-10-19
S506,5d15286a-6,Standard,23.15,Monthly,2021-09-17
S507,48d77608-a,Premium ,23.61,Monthly,2022-01-22
S508,273548c1-d,Premium,6.36,Yearly,2023-12-20
S509,9ba03f7e-2,Basic,3.11,Monthly,2021-11-07
S510,d6971ade-a,Premium,17.68,Yearly,2024-08-12
S511,63c3c9dd-a,Premium,6.13,Monthly,2025-03-07
S512,4f652782-2,Premium,10.59,Monthly,2025-11-09
S513,2bbc23ee-9,Basic,9.77,Yearly,2024-10-19
S514,1cf4418d-e,Basic,9.56,Monthly,2024-10-26
S515,9d65fb7e-7,Standard,20.76,Yearly,2021-02-19
S516,05fe4912-6,Basic,13.05,Yearly,2024-04-17
S517,06060343-3,Standard,8.2,Yearly,2025-10-21
S518,1c113305-e,Basic,7.5,Yearly,2025-06-16
S519,eda7b332-3,Premium,7.42,Y3arly,2025-03-20
S520,7bf8e1df-e,Standard,24.72,Monthly,2021-11-14
S521,3a51aaee-2,Basic,19.79,Monthly,2025-01-30
S522,e8c58fba-e,Basic,3.56,Monthly,2022-01-15
S523,95246e62-a,Premium,9.14,Monthly,2021-12-21
S524,8c28b67f-7,Standard,5.22,Yearly,2023-06-22
S525,f07efdbe-4,Standard,10.14,Yearly,2023-01-31
S526,adb87f64-7,Basic,15.14,Yearly,2023-07-11
S527,4dd6a58a-1,Premium,23.97,Monthly,2024-09-16
S528,f61c4646-6,Premium,11.22,Monthly,2022-02-12
S529,aa2b0bf1-2,Basic,13.58,Monthly,2022-11-07
S530,7fa032fa-5,Standard,23.88,Yearly,2024-05-18
S531,0c35aa2f-1,Premium,8.2,Monthly,2024-07-10
S532,09ed323c-2,Premium,10.44,Yearly,2025-04-18
S533,81678165-1,Standard,23.58,Yearly,2022-07-03
S534,e70a8050-5,Premium,24.23,Monthly,
S535,f12a7260-3,Premium,18.29,Yearly,2022-10-22
S536,9e972af4-8,Standard,14.65,Monthly,2022-06-29
S537,28e3edf9-6,Premium,4.92,Monthly,2023-01-01
S538,9d703803-0,Premium,5.74,Monthly,2021-08-30
S539,a86aba0f-9,Standard,19.47,Monthly,2024-10-29
S540,df91b3f3-e,Premium,22.72,Yearly,2025-07-17
S541,4ba3b86c-a,Basic,23.3,Yearly,2023-07-28
S542,dbdccb14-a,Basic,5.71,Yearly,2022-03-31
S543,4e1dd882-6,Premium,16.52,Monthly,2025-02-27
S544,5618baa7-e,Premium,9.03,Yearly,2025-02-15
S545,11657ac0-8,Standard,3.76,Monthly,
S546,1f28904e-c,Premium,,Yearly,2025-11-24
S547,c4e634de-5,Premium,17.85,Monthly,2021-05-27
S548,f69d9ff9-c,Basic,22.45,Yearly,2023-01-14
S549,,Basic,10.13,Monthly,2024-12-24
S550,6e30df5f-a,Standard,24.4,Monthly,
S551,27b25413-0,Standard,24.85,Monthly,2024-01-22
S552,93feff3b-5,Premium,15.46,Monthly,2024-06-03
S553,75a17ce5-d,Basic,10.93,Monthly,2021-07-08
S554,3bf5c500-5,Premium,21.06,Monthly,2021-07-28
S555,8cd242ef-1,Premium,20.04,Monthly,2025-06-08
S556,7be09671-c,Basic,13.04,Yearly,2022-06-19
S557,cbc12935-b,Premium,15.44,Yearly,2022-01-25
S558,bcfc11f3-e,Basic,4.21,Yearly,2022-08-17
S559,7dcd70cf-0,Basic,13.57,Yearly,2025-08-14
S560,45c2a055-2,Premium,17.12,Monthly,2023-06-14
S561,b37a6c56-0,Premium,16.0,Monthly,2025-01-08
S562,c715d7c8-4,Basic,13.55,Yearly,2022-05-02
S563,d5978f21-1,Premium,22.33,Yearly,2021-09-21
S564,8c30d8aa-0,Basic,6.17,Monthly,2022-03-25
S565,e9ffe777-8,Basic,10.01,Monthly,2025-07-13
S566,0b9dbda4-b,Standard,20.96,Monthly,2023-11-08
S567,9aeef010-3,Standard,18.16,Yearly,2022-07-23
S568,13f53830-8,Basic,24.48,Yearly,2022-12-07
S569,731404f5-e,Standard,6.98,Yearly,2024-09-03
S570,55bad593-3,Premium,24.34,Monthly,2021-11-25
S571,e83ea180-e,Basic,10.23,Yearly,2022-06-18
S572,0e1242e9-c,Standard,6.66,Monthly,2024-05-16
S573,a6cb4d9e-4,Basic,14.77,Monthly,2022-08-23
S574,49056b5c-7,Standard,24.43,Monthly,2024-02-12
S575,42aa836a-5,Standard,14.25,Monthly,2021-06-30
S576,3639bb44-f,Premium,17.01,Monthly,2025-07-04
S577,6c3cd347-4,Premium,17.68,Yearly,2021-11-19
S578,9a09357d-a,Premium,14.16,Yearly,2022-02-16
S579,e61c21e6-c,Standard,21.12,Monthly,2025-05-15
S580,3a2bb342-6,Premium,17.81,Yearly,2024-02-18
S581,cc1fab78-b,Standard,23.75,Yearly,2024-01-07
S582,53feb2cc-e,,6.56,Monthly,2023-11-04
S583,d3bbfff4-d,Standard,21.57,Monthly,2021-08-11
S584,4758d6f0-1,Premium,4.73,Monthly,2025-04-19
S585,22da9252-1,Standard,24.66,Monthly,2023-12-16
S586,bfc971eb-3,Standard,5.73,Yearly,2025-06-22
S587,67c6de82-c,Standard,14.17,Monthly,2026-01-13
S588,83a21f12-7,Standard,13.05,Monthly,2021-08-13
S589,7cb13ffb-3,Premium,11.09,Yearly,2025-09-16
S590,ffa71675-8,Basic,21.94,Monthly,2025-02-24
S591,07d807b5-b,Standard,6.02,Monthly,2022-11-16
S592,3d3ebc3a-0,Premium,,Yearly,2023-01-22
S593,eab062c0-0,Premium,22.25,Yearly,2022-10-04
S594,1859ab2a-3,Premium,11.96,Monthly,2023-02-17
S595,eab59c75-2,Premium,19.07,Yearly,2022-04-22
S596,9d69cfe4-0,Standard,16.03,Yearly,2024-04-20
S597,739674c4-2,Premium,22.11,Yearly,2022-07-08
S598,05e982e3-d,Premium,12.41,Yearly,2025-04-01
S599,4c0cb552-7,Basic,8.17,Monthly,2025-01-24
S600,b27334c1-3,Standard,15.98,Monthly,2023-01-21
S601,b0c62998-b,Basic,24.44,Monthly,2025-10-01
S602,bd60e6ad-6,Premium,13.62,Monthly,2022-08-05
S603,ac28ae09-4,Standard,24.28,Monthly,2023-02-02
S604,b9ab9f84-3,Premium,12.65,,2021-07-19
S605,882bc88e-9,Standard,6.3,Yearly,2024-03-29
S606,7589df22-0,Premium,20.16,Yearly,2021-03-26
S607,d995b34d-2,Premium,20.36,Yearly,2022-06-07
S608,1a1e1101-1,Basic,18.7,Monthly,2025-02-24
S609,1a1f24d0-e,Standard,14.98,Yearly,2026-01-14
S610,21d8c605-5,Basic,16.23,Yearly,2025-07-08
S611,a2a64632-b,Premium,9.14,Monthly,2022-11-30
S612,3dd86bcf-c,Basic,5.82,Monthly,2022-06-18
S613,199d991f-7,Basic,23.12,Yearly,2025-01-06
S614,5dcb53fa-f,Standard,16.07,Monthly,2021-03-09
S615,10090e53-7,Premium,21.27,Yearly,2023-12-29
S616,e2010e83-1,Standard,4.56,Monthly,2025-04-19
S617,4f4d1abf-7,Standard,15.18,Monthly,2023-10-19
S618,cdadbb23-d,Premium,19.47,Monthly,2023-05-19
S619,3b731544-7,Premium,15.0,Yearly,2024-07-23
S620,da6c5b82-8,Premium,10.87,Yearly,2023-07-09
S621,3bae79d4-5,Premium,23.46,Yearly,2023-11-11
S622,a4858daf-b,Standard,6.6,Monthly,2024-01-05
S623,a5a8535d-b,Standard,10.64,Yearly,2021-06-16
S624,934debb9-e,Premium,11.2,Monthly,2022-08-07
S625,2bd45a11-9,Premium,14.63,Yearly,2021-11-19
S626,3af95689-f,Standard,15.2,Monthly,2022-07-07
S627,a76eac3a-a,Standard,15.4,Yearly,2022-04-16
S628,e55b5a10-8,Standard,14.0,Monthly,2025-04-13
S629,e84fe75a-9,Premium,5.88,Yearly,2021-05-10
S630,5927112a-7,Premium,17.35,Yearly,2025-12-28
S631,dfaf96eb-9,Basic,18.85,Yearly,2022-10-24
S632,abce1b19-3,Basic,18.46,Yearly,2021-09-23
S633,7308ebd3-d,Standard,17.24,Yearly,2021-03-14
S634,32d641c0-7,Basic,11.67,Yearly,2024-01-09
S635,297b8803-0,Premium,3.58,Yearly,2024-06-10
S636,bf16aa60-d,Standard,18.09,Yearly,2024-02-02
S637,86593aab-e,Premium,6.36,Yearly,2021-06-07
S638,1011aa0f-9,Standard,15.26,Yearly,2024-05-30
S639,418dba45-5,Premium,11.78,Monthly,2024-01-17
S640,212cb1ae-c,Premium,22.5,Monthly,2025-07-24
S641,aa606321-0,Premium,8.13,Monthly,2022-10-08
S642,a6d46593-1,Basic,8.86,Yearly,2024-06-27
S643,1b04e773-4,Basic,10.2,Yearly,2024-03-03
S644,f5b336b9-2,Standard,4.25,Yearly,2023-03-05
S645,3606874c-c,Standard,22.22,Monthly,2022-11-02
S646,a07444aa-7,Basic,13.78,Monthly,2023-01-04
S647,daa556b0-b,Basic,10.89,Monthly,2022-08-17
S648,e1264085-6,Basic,9.33,Monthly,2022-05-16
S649,c330bcab-a,Basic,4.13,Monthly,2022-01-12
S650,27f2ae67-8,Standard,15.38,Monthly,2022-03-24
S651,10a0e600-5,Standard,13.17,Monthly,2022-12-07
S652,c54055e2-9,Premium,14.58,Yearly,2024-01-30
S653,c5614cf1-e,Standard,12.75,Monthly,2023-12-19
S654,c9792ca8-8,Premium,5.78,Monthly,2023-10-20
S655,3e11297a-0,Premium,23.56,Yearly,2023-09-20
S656,a7c23c5e-0,Standard,19.16,Monthly,2025-11-10
S657,0fda8afc-c,Standard,18.25,Yearly,2022-02-20
S658,e82ce7e3-a,Premium,6.79,Yearly,2022-09-10
S659,0e0b2f02-b,Basic,6.32,Monthly,2024-05-26
S660,3e3eec2d-5,Standard,8.97,Monthly,2024-05-31
S661,51462f26-3,Standard,15.94,Monthly,2025-07-20
S662,2807adcd-f,Standard,3.62,Yearly,2021-05-13
S663,3486983c-3,Premium,9.83,,2023-03-29
S664,df8dd28e-d,Premium,16.47,Yearly,2023-10-03
S665,de378646-2,Standard,6.65,Monthly,2024-01-11
S666,1af0d46a-4,Premium,13.31,Monthly,2024-02-14
S667,16d1a284-c,Standard,23.1,Yearly,2022-07-06
S668,d89313c1-e,Premium,22.59,Monthly,2023-10-08
S669,61eb2006-9,Basic,9.24,Yearly,2023-04-12
S670,22a294ed-1,Premium,13.06,Monthly,2024-02-02
S671,1497b243-f,Basic,21.78,Monthly,2022-02-18
S672,de0d60a4-9,Standard,17.82,Monthly,2022-03-19
S673,544e9c71-2,Standard,3.57,Monthly,2021-10-25
S674,952715af-c,Premium,11.12,Monthly,2024-12-06
S675,c01c34e6-7,Basic,19.01,Yearly,2021-03-06
S676,283432d7-3,Standard,15.97,Yearly,2021-12-11
S677,ef4a44fa-8,Basic,19.05,Monthly,2024-01-17
S678,d50d344c-f,Standard,4.74,Yearly,2022-03-27
S679,10b768cb-3,Premium,3.8,Yearly,2022-11-19
S680,d76624ec-8,Premium,13.51,Yearly,2022-07-06
S681,7c26a1a6-3,Basic,16.78,Monthly,2024-04-28
S682,cbce8c49-2,Premium,22.76,Monthly,2023-11-14
S683,af85f08e-a,Standard,8.42,Yearly,2024-10-29
S684,49e62f7b-0,Premium,10.53,Yearly,2021-11-18
S685,fd8a9488-6,Standard,3.78,Yearly,2023-05-09
S686,7c3be11f-3,Premium,4.14,Yearly,2023-10-22
S687,ae6ff125-d,Standard,12.88,Monthly,2023-07-14
S688,c1aea370-c,Basic,19.44,Monthly,2021-05-29
S689,77b62d32-1,Standard,8.92,Monthly,2022-08-13
S690,5748716b-7,Basic,15.55,,2023-01-09
S691,19bf5868-a,Premium,15.78,Yearly ,2023-01-20
S692,d4b0620b-4,Basic,19.16,Yearly,2022-08-15
S693,1c886bea-b,Premium,15.92,Monthly,2025-11-14
S694,ecd86610-b,Standard,7.02,Yearly,2024-07-02
S695,82033b3e-f,Premium,4.31,,2021-06-20
S696,bb29c1c9-5,Standard,13.87,Monthly,2023-02-28
S697,d7a092e4-f,Basic,4.53,Monthly,
S698,a1148e3d-5,Premium,22.58,Monthly,2024-04-01
S699,48b4272e-4,Premium,19.24,Yearly,2024-04-28
S700,39dddb3a-2,Standard,14.81,Yearly,2022-11-05
S701,f4727aff-5,Basic,10.92,Monthly,2024-05-27
S702,5f430c8e-3,Standard,13.7,Yearly,2024-03-14
S703,ec991bd7-1,Basic,18.94,Yearly,2025-10-23
S704,3c6685db-a,Standard,21.35,Yearly,2022-07-20
S705,991412a6-5,Premium,24.39,Monthly,2023-03-05
S706,a0edc8c7-8,Standard,7.99,Yearly,2024-01-03
S707,,Standard,13.32,Yearly,2024-09-21
S708,4638f023-a,Premium,14.38,Monthly,2023-08-16
S709,7a978916-e,Premium,,Yearly,2023-09-26
S710,2377d5e0-8,Standard,4.92,Yearly,2024-11-21
S711,10459657-6,Basic,12.69,Monthly,2025-02-23
S712,3d6a2714-f,Standard,10.69,Yearly,2021-04-16
S713,87f61df2-8,Basic ,22.82,Yearly,2025-04-14
S714,fdce3f94-9,Standard,7.84,Monthly,2021-06-03
S715,25044ffb-e,Basic,18.54,Monthly,2025-08-29
S716,3478f926-6,Premium,10.6,,2025-07-29
S717,,Basic,8.07,Monthly,2023-10-04
S718,f2a20ab9-e,Basic,4.61,Monthly,2022-02-13
S719,c79408ed-b,Standard,,Monthly,
S720,6bf39304-9,Basic,16.18,Yearly,2025-11-16
S721,02cc1523-c,Standard,7.18,Monthly,2023-03-29
S722,4aecb6af-a,Basic,20.62,Yearly,2021-08-03
S723,ae3c4964-e,Standard,9.99,Yearly,2023-03-07
S724,4d739b92-1,Premium,10.68,Yearly,2024-10-28
S725,83c03c37-c,Basic,12.32,Yearly,2023-06-06
S726,9c6f3bef-d,Standard,8.56,Monthly,2023-09-12
S727,e250d69c-f,Basic,24.58,Monthly,2021-07-13
S728,b51710b7-e,Basic,11.32,Monthly,2025-10-11
S729,654133a1-a,Basic,18.38,Monthly,2023-05-24
S730,2d790fdd-b,Standard,13.67,Yearly,2021-06-01
S731,2e35164a-5,Premium,8.77,Yearly,2023-10-13
S732,a870dca3-f,Basic,22.75,Yearly,2024-10-18
S733,112f9add-4,Standard,21.87,Monthly,2022-04-01
S734,3043f636-5,Basic,22.41,Monthly,2022-11-29
S735,e82be4af-0,Standard,18.33,Yearly,2025-12-31
S736,043d4d6c-8,Basic,11.64,Yearly,2024-07-27
S737,a6e9a610-f,Basic,14.65,Monthly,2024-06-11
S738,5e7a9e47-6,Premium,6.74,Yearly,2021-06-24
S739,6664f9f4-8,Basic,16.97,Yearly,2025-04-22
S740,201712e1-3,Standard,20.15,Monthly,2023-08-01
S741,1b13d9e0-a,Basic,5.37,Monthly,2023-09-23
S742,5989721f-0,Premium,15.63,Monthly,2023-08-19
S743,,Basic,23.59,Monthly,2025-03-11
S744,b9a1c8b5-d,Basic,18.75,Yearly,2023-07-29
S745,08daf40a-e,Standard,11.12,Monthly,2021-06-30
S746,77bb05f5-7,Standard,23.36,Yearly,2026-01-20
S747,fdaf9dbe-b,Premium,12.21,Yearly,2023-01-09
S748,ef0a65ac-4,Basic,,Monthly,2025-01-10
S749,2b15baf3-2,Premium,10.1,Monthly,2023-08-11
S750,1c3b2d9d-9,Premium,14.43,Monthly,2025-03-10
S751,4f1f914f-1,Standard,22.05,Yearly,2022-04-30
S752,300c0ab3-1,Basic,12.13,Yearly,2022-01-12
S753,49003528-d,Basic,18.15,Monthly,2024-11-15
S754,d6921706-1,Basic,19.42,Yearly,2021-07-07
S755,2fb70044-5,Basic,5.56,Yearly,2022-12-21
S756,b631f3ef-0,Premium,11.74,Yearly,2023-05-29
S757,59660d81-b,Basic,19.06,Yearly,2022-09-04
S758,4d83c7f5-1,Basic,8.78,Monthly,2024-05-17
S759,b356963b-9,Premium,12.21,Monthly,2024-07-07
S760,fc621ce7-0,Premium,19.46,Yearly,2022-08-22
S761,71a4d11a-b,Standard,14.0,Monthly,2023-05-03
S762,bea4fe83-4,Basic,,Yearly,2024-07-09
S763,334a4abd-9,Basic,23.29,Yearly,2025-11-16
S764,023cb2eb-d,Premium,15.16,Monthly,2022-03-28
S765,6312133a-0,Basic,14.59,Yearly,2024-01-19
S766,580103c4-f,Standard,16.79,Monthly,2024-08-04
S767,48048ebf-2,Premium,23.02,Monthly,2025-06-24
S768,c3c8b33a-8,Standard,20.54,Monthly,2024-04-27
S769,f5471566-0,Standard,11.8,Monthly,2022-05-31
S770,0f652b5e-4,Standard,13.1,Yearly,2023-09-19
S771,52eb39ed-c,Basic,14.29,Monthly,2024-04-23
S772,c748bc6f-0,Basic,21.32,Monthly,2024-03-20
S773,5d308ce0-c,Basic,6.2,Monthly,2022-01-24
S774,6bfac595-b,Standard,22.25,Yearly,2021-10-01
S775,feb3b0d0-7,Basic,19.8,Monthly,2022-05-04
S776,5eb789ee-4,Standard,14.97,Yearly,2024-10-03
S777,9a01b5ff-d,Premium,4.47,Yearly,2023-06-03
S778,0d2ba57d-3,Basic,3.04,Monthly,2024-11-20
S779,00a62a75-5,Standard ,6.8,Monthly,2023-08-02
S780,f317577c-5,Basic,19.93,Yearly,2025-08-07
S781,e11513c3-b,Standard,12.73,Monthly,2024-08-30
S782,c6cdf80b-6,Standard,6.54,Yearly,2021-08-01
S783,7450190c-d,Premium,22.09,Monthly,2021-12-16
S784,57de1c54-5,Premium,8.47,Yearly,2022-08-27
S785,dfba6c5f-6,Premium,8.8,Yearly,2025-03-26
S786,bf8cc252-b,Standard,3.4,Monthly,2024-03-14
S787,8f1f2b2b-f,Standard,5.52,Yearly,2024-05-17
S788,518301c2-3,Premium,22.3,Monthly,2024-09-06
S789,a6b430a1-6,Standard,7.56,Yearly,2021-05-18
S790,96880448-d,Basic,10.81,Monthly,2023-10-24
S791,a7259687-0,Premium,15.32,Monthly,2025-04-26
S792,be62c486-1,Standard,5.19,Yearly,2025-07-20
S793,62de3944-0,Basic,16.14,Yearly,2024-01-24
S794,6e39e5a4-e,Basic,3.45,Monthly,2025-10-19
S795,27ab7322-0,Basic,14.84,Monthly,2023-06-20
S796,eec5090a-d,Standard,21.26,Monthly,2023-10-19
S797,61e01a71-6,Standard,14.81,Yearly,2023-09-15
S798,c788486d-4,Basic,3.39,Yearly,2023-03-28
S799,60399fb1-2,Basic,20.75,Yearly,2022-10-27
S800,bde55479-a,Standard,10.37,Yearly,2022-02-09
S801,56ca4510-2,Basic,3.04,Yearly,2021-12-23
S802,5c1185f7-c,Premium,18.93,Yearly,2026-01-30
S803,48b466ce-3,Standard,20.54,Monthly,2021-02-17
S804,e4a5393d-6,Basic,23.34,Yearly,2021-10-08
S805,17c7b9fe-3,Premium,17.65,Yearly,2024-05-17
S806,216a2ec9-d,Standard,14.44,Monthly,2023-10-19
S807,26df8471-3,Standard,22.11,Yearly,2023-04-25
S808,136151c2-5,Premium,23.97,Yearly,2024-03-10
S809,a1061f48-4,Standard,8.42,Yearly,2023-04-27
S810,8a8164e3-0,Basic,18.53,Monthly,2023-04-17
S811,79346fa2-e,Basic,18.31,Yearly,2021-11-22
S812,d1511e36-4,Premium,8.54,Monthly,2023-04-27
S813,e4a0dd43-c,Standard,20.54,Monthly,2022-03-05
S814,79ca315c-0,Basic,22.98,Monthly,2025-11-19
S815,bae2f66d-9,Basic,20.87,Monthly,2022-04-13
S816,5ef6ad2e-a,Premium,21.73,Yearly,2023-10-10
S817,f01169ce-a,Basic,13.78,Yearly,2024-11-28
S818,5dea940c-5,Premium,9.85,Yearly,2025-02-10
S819,7bc8e1a1-3,Standard,19.81,Yearly,2023-02-09
S820,0bf4f4fa-8,Standard,14.53,Monthly,2023-07-24
S821,d1a0ea22-d,Basic,15.71,Monthly,2024-12-30
S822,7b3f4d57-8,Basic,23.21,Yearly,2021-05-28
S823,eb12310c-3,Standard,10.5,Yearly,2025-09-12
S824,30d87ef0-e,Standard,16.65,Yearly,2022-07-29
S825,da8077d2-6,Basic,3.31,Yearly,2024-08-16
S826,8f86b4f2-3,Standard,23.57,Monthly,2023-05-15
S827,426330fb-6,Basic,7.89,Monthly,2023-09-06
S828,8d153a64-0,Basic,11.78,Monthly,2025-08-23
S829,88198dd0-8,Premium,21.59,Yearly,2025-04-16
S830,772658fb-5,Basic,14.11,Monthly,2021-04-05
S831,b04845af-f,Premium,13.62,Monthly,2023-05-19
S832,f6d8ebdc-8,Premium,22.06,Yearly,2023-12-03
S833,92e56c44-5,Premium,20.97,Monthly,2024-02-25
S834,c97b9533-6,Basic,21.44,Monthly,2021-03-21
S835,c9bc5bc1-6,Premium,,Yearly,2025-06-04
S836,a87bcbcd-3,Standard,10.68,Yearly,
S837,2bfb5e0f-3,Premium,4.12,Monthly,2025-04-30
S838,541a0e54-9,Standard,11.15,Yearly,2022-03-18
S839,e17fc476-9,Basic,6.66,Yearly,2025-01-02
S840,d322b631-4,Basic,7.35,Monthly,2023-08-12
S841,b116b62e-3,Premium,20.92,Monthly,2024-01-04
S842,d6e4d846-b,Basic,22.79,Yearly,2025-03-11
S843,a04c71ca-4,Premium,9.59,Yearly,2025-08-07
S844,7e0320c8-d,Basic,6.11,Monthly,2021-05-26
S845,218a2655-8,Premium,16.58,Monthly,
S846,d10288bb-b,Standard,20.05,Yearly,2022-07-20
S847,4b5a2bba-3,Basic,7.49,Monthly,2025-02-15
S848,b7fc7cbd-e,Basic,3.07,Yearly,2023-08-24
S849,939d2c9a-3,Basic,7.14,Monthly,2025-12-25
S850,c76444e1-4,Basic,13.92,Monthly,2021-11-20
S851,9fbfb3ab-5,Standard,5.7,Yearly,2024-11-05
S852,87b342ae-b,Basic,4.44,Yearly,2023-11-11
S853,3e77e20d-0,Standard,9.11,Yearly,2024-03-08
S854,ca84221a-0,Basic,17.27,Yearly,2023-07-06
S855,aaece899-5,Basic,9.73,Monthly,2021-05-16
S856,6ac08c4d-3,Basic,8.64,Yearly,2024-03-01
S857,6360c62f-d,Premium,3.7,Yearly,2022-04-10
S858,6bddbefe-c,Premium,13.24,Yearly,2022-01-22
S859,4f9dd1c3-7,Basic,5.05,Monthly,2025-02-04
S860,0b9f93a1-d,Pr3mium,21.19,Monthly,2025-11-06
S861,566dc1e4-8,Standard,14.97,Yearly,2025-11-19
S862,a2f368d7-5,Basic,6.91,Monthly,2023-02-21
S863,39100f5a-f,Basic,19.2,Monthly,2023-12-02
S864,a8abb05d-d,Basic,23.81,Yearly,2025-04-16
S865,8e7b1951-e,Standard,3.89,Yearly,2024-06-10
S866,13044226-1,Basic,15.32,Monthly,2025-06-14
S867,0cdb8985-5,Basic,20.01,Yearly,2022-12-13
S868,5774215b-9,Basic,9.35,Monthly,2021-08-25
S869,de0d1bd4-5,Premium,20.35,Yearly,2025-05-15
S870,594d60c4-3,Standard,14.14,Yearly,2023-02-04
S871,d98cfd91-5,Standard,6.57,Monthly,2024-01-09
S872,95d3d5cc-f,Basic,10.79,Monthly,2021-07-26
S873,a494dcd1-2,Premium,16.31,Yearly,2022-01-12
S874,5b0df629-3,Standard,18.29,Monthly,2024-08-14
S875,f4abd781-b,Basic,5.96,Monthly,2021-02-28
S876,54615772-b,Basic,,Monthly,2025-02-11
S877,173d78e8-d,Premium,8.02,Monthly,2021-12-02
S878,40ed4aad-7,Premium,15.16,Monthly,2023-06-28
S879,a9739d34-6,Basic,24.84,Yearly,2024-12-06
S880,fc069900-f,Premium,8.02,Monthly,2021-07-15
S881,a80c54b2-e,Standard,13.4,Monthly,2024-11-17
S882,be349ea7-7,Standard,17.01,Yearly,2024-04-28
S883,999dedca-d,Standard,21.39,Monthly,2021-12-03
S884,a4a43031-9,Basic,3.21,Monthly,2022-03-24
S885,9bd8331a-3,Premium,17.01,Yearly,2023-08-02
S886,a5dd3f33-4,Basic,3.21,Yearly,2024-06-10
S887,8df14499-5,Basic,13.47,Yearly,2022-06-16
S888,545c68e8-9,Basic,8.44,Yearly,2026-01-16
S889,8b74806e-2,Standard,7.2,Monthly,2024-06-06
S890,604ccdfc-b,Standard,6.0,Monthly,2024-12-29
S891,4e386d0c-d,Standard,21.01,Monthly,2022-07-05
S892,4b161319-7,Basic,7.42,Monthly,2021-06-19
S893,485846dc-f,Basic,15.78,monthly,2023-08-28
S894,8a25c418-d,Standard,18.39,Yearly,2024-10-05
S895,b171d786-1,Standard,19.52,Monthly,2022-02-17
S896,92d8950b-0,Standard,19.08,Monthly,2023-01-24
S897,4fd40658-b,Standard,19.89,Monthly,2022-07-17
S898,aef669dd-d,Basic,18.52,Yearly,2025-01-11
S899,c3a20f2d-c,Standard,14.91,Yearly,2023-04-08
S900,5db96021-1,Premium,3.35,Monthly,2024-02-11
S901,68bc1750-8,Premium,17.03,Monthly,2024-12-10
S902,75407a31-6,Standard,16.44,Monthly,2022-07-29
S903,8181b386-6,Standard,13.01,Yearly,2025-09-11
S904,e9e9b8d1-5,Standard,11.87,Monthly,2022-09-19
S905,419b2852-1,Premium,5.26,Monthly,2024-02-27
S906,fc7a9dc7-1,Standard,9.05,Monthly,2023-09-01
S907,733985ca-c,Basic,10.76,Monthly,2023-12-09
S908,6f44bfe2-d,Standard,4.97,Monthly,2024-05-19
S909,21ed0120-9,Premium,15.38,Monthly,2024-04-03
S910,b0bdec6e-f,Standard,5.81,Monthly,2025-05-21
S911,6eda22b5-a,Standard,17.54,Monthly,2022-06-21
S912,09f956b1-7,Standard,21.89,Monthly,2022-12-27
S913,9dfda553-7,Premium,17.36,Yearly,2024-01-28
S914,01bbda85-5,Basic,6.77,Yearly,2025-05-03
S915,6934293c-7,Standard,16.18,Yearly,2022-08-27
S916,d273421a-c,Standard,7.86,Yearly,2022-06-03
S917,531fe9b1-4,Standard,10.2,Yearly,2022-01-05
S918,b82cfce2-7,Standard,15.28,Monthly,2023-01-15
S919,fef276ea-f,Standard,15.58,Yearly,2022-03-27
S920,c137c725-5,Premium,7.19,Yearly,2021-05-08
S921,92bb5445-f,Standard,15.52,Yearly,2022-08-08
S922,611782f2-9,Pr3mium,4.69,Yearly,2022-12-11
S923,e6734038-0,Standard,7.77,Yearly,2024-11-24
S924,ba77a27b-c,Basic,7.53,Y3arly,2022-06-20
S925,0780a13b-f,Basic,16.43,Yearly,2023-11-30
S926,bd35919a-7,Standard,23.9,Yearly,2022-01-28
S927,4a651f20-c,Standard,13.24,,2025-02-17
S928,de6f1b3a-6,Standard,4.48,Yearly,2021-07-19
S929,366d63a7-5,Basic,4.6,Monthly,2021-09-18
S930,c39f5f74-f,Basic,18.47,Yearly,2024-01-03
S931,3206df06-2 ,Basic,24.17,Monthly,2023-03-31
S932,5d17feca-e,Premium,7.18,Monthly,2024-09-20
S933,496e47ae-2,Premium,22.57,Monthly,2025-01-02
S934,20c8b71d-d,Basic,22.87,Monthly,2024-11-08
S935,4139bdb8-1,Premium,12.08,Yearly,2022-08-19
S936,24052993-c,Basic,8.91,Monthly,2023-11-08
S937,cbdd9de7-a,Premium,13.4,Monthly,2023-05-22
S938,70024d24-a,Standard,11.23,Monthly,2022-11-06
S939,8ab92020-d,Premium,8.34,Yearly,2024-04-05
S940,7fc362d2-b,Premium,8.46,Yearly,2022-06-01
S941,47b2ad5b-8,Basic,11.29,,2024-01-26
S942,cda0bbbe-a,Basic,5.39,Yearly,2022-08-28
S943,39b14493-5,Standard,3.07,Monthly,2024-09-28
S944,3da8f234-7,Basic,4.13,Yearly,2025-05-10
S945,80729bd7-b,Standard,3.66,Monthly,2021-10-29
S946,692f2d1f-7,Basic,4.8,Yearly,2023-09-14
S947,a170159f-5,Basic,22.66,Yearly,2022-11-09
S948,a4b37364-3,Basic,6.18,Yearly,2023-08-20
S949,fcc969e7-0,Standard,11.83,Monthly,2023-11-16
S950,4770ecc3-4,Standard,13.42,Monthly,2023-07-11
S951,f8543b0e-d,Basic,18.97,Yearly,2022-09-21
S952,a6a07059-0,Standard,5.31,Monthly,2023-07-01
S953,7e44c43c-5,Standard,16.02,Yearly,2024-10-19
S954,9e9c6865-d,Premium,17.09,Monthly,2023-07-07
S955,dd1a3d22-b,Basic,4.85,Yearly,2021-10-11
S956,53c9704b-6,Basic,24.59,Yearly,2024-01-21
S957,9f9c0a4f-2,Premium,20.75,Yearly,2025-08-30
S958,e3590db8-7,Premium,15.65,Monthly,2024-07-22
S959,7c685c16-d,Premium,5.6,Monthly,2022-07-20
S960,57716ad9-c,Standard,15.15,Monthly,2021-08-03
S961,6a3e303f-0,Premium,22.39,Yearly,2022-11-20
S962,66c3a48c-2,Basic,8.28,Monthly,2022-11-04
S963,9bbc469c-9,Premium,4.04,Monthly,2024-11-27
S964,4fd5cea2-1,Standard,6.03,Yearly,2023-01-24
S965,7937dcd3-a,Basic,22.15,Monthly,2025-11-18
S966,b735a925-a,Standard,17.99,Monthly,2022-05-20
S967,13ed7d3b-7,Premium,17.29,Yearly,2024-03-08
S968,98c0b803-1,Basic,23.69,Yearly,2024-07-11
S969,95418a3c-6,Basic,18.65,Monthly,2023-05-08
S970,31f34a31-e,Basic,6.86,Yearly,2025-06-26
S971,8c28dc81-b,Premium,18.38,Yearly,2021-02-24
S972,43d0c4ae-d,Standard,18.85,Monthly,2021-08-26
S973,30490523-f,Standard,15.22,,2025-08-24
S974,4c9fc603-f,Premium,16.6,Yearly,2022-10-16
S975,31a3f90d-3,Premium,23.47,Yearly,2022-11-07
S976,0f1d837b-3,,14.53,Monthly,2022-05-17
S977,a569e3e8-9,Basic,9.6,Yearly,2023-04-10
S978,80e1fd01-4,Standard,7.34,Monthly,2025-03-12
S979,123595c3-0,Premium,16.9,Monthly,2024-08-06
S980,d2e848fb-4,Premium,8.52,Monthly,2022-05-21
S981,1ea31f79-6,Basic,24.49,Monthly,2022-12-21
S982,4377a9f6-3,Premium,16.31,Yearly,2022-08-31
S983,d9db3537-a,Premium,17.63,Yearly,2021-04-06
S984,42e79936-9,Basic,22.4,Monthly,2021-05-25
S985,61ec86a7-5,Basic,10.35,Monthly,2024-02-01
S986,a6e046c5-6,Basic,10.51,Yearly,2025-04-19
S987,91b6195e-6,Premium,18.04,Yearly,2021-11-03
S988,015e447d-3,Basic,15.16,Monthly,2021-03-29
S989,02bfb0ff-e,Premium,23.05,Monthly,2024-09-17
S990,cb00a043-e,Basic,5.09,Yearly,2024-11-11
S991,5148f7a1-3,Premium,21.59,Monthly,2023-12-11
S992,ce108cd7-4,Premium,16.86,Monthly,2024-10-16
S993,69b93dee-e,Basic,9.02,Yearly,2022-10-19
S994,fb214aa6-7,Basic,12.3,Monthly,2023-02-26
S995,5125208a-7,Standard,16.17,Yearly,2024-07-07
S996,dd4e1a81-a,Premium,19.79,Monthly,2022-01-20
S997,ce54dab2-c,Basic,23.63,,2021-07-14
S998,bad80e82-2,Standard,20.35,Monthly,2022-09-29
S999,fcd9e913-4,Standard,5.7,Yearly,2025-10-24
S1000,2f008e0b-f,Standard,9.79,Y3arly,2023-04-11
S1001,5fd374d3-e,Basic,,Monthly,2025-07-28
S1002,17fdfceb-9,Standard,8.37,Monthly,2021-02-10
S1003,94e44ad3-9,Premium,24.15,Yearly,2022-04-12
S1004,01da3039-b,Standard,17.97,Monthly,2022-04-28
S1005,e86864b2-b,Standard,17.38,Yearly,2026-01-10
S1006,dda31a96-a,Standard,3.13,Monthly,2022-07-17
S1007,68359ce9-a,Premium,6.43,Monthly,2025-09-13
S1008,4796d429-1,Premium,10.26,Yearly,2022-05-18
S1009,22da574c-d,Standard,8.98,Monthly,2023-11-17
S1010,97767f79-5,Premium,16.16,Yearly,2024-05-23
S1011,77e84617-a,Basic,19.53,Monthly,2025-04-26
S1012,f056ae34-f,Basic,17.89,Yearly,2023-05-12
S1013,b0936141-f,Basic,19.23,Yearly,2021-05-06
S1014,d0de2524-a,Standard,7.74,Yearly,2024-09-03
S1015,ec1ca55c-6,Standard,11.01,Yearly,2022-05-14
S1016,8c2a64fa-0,Standard,13.44,Monthly,2021-07-24
S1017,45b0bf84-e,Basic,6.52,Yearly,2025-06-21
S1018,942fafe0-9,Premium,4.83,Yearly,2021-03-21
S1019,b521fa28-8,Standard,17.07,Yearly,2023-12-15
S1020,07423e6f-4,Basic,10.36,Monthly,2021-08-04
S1021,c40401c7-d,Basic,6.56,Yearly,2021-10-18
S1022,5a067ebd-7,Standard,16.5,Yearly,2024-09-17
S1023,a867a01d-7,Basic,16.62,Monthly,2021-10-16
S1024,e31c5e17-2,Basic,4.76,Monthly,2023-01-08
S1025,c9bcf35b-7,Basic,4.16,Yearly,2025-08-26
S1026,82221d9a-e,Standard,14.81,Monthly,2021-04-12
S1027,b442d14b-e,Premium,8.92,Monthly,2025-09-20
S1028,05cbb433-6,Standard,4.52,Monthly,2024-03-28
S1029,09cc3502-b,Basic,20.61,Monthly,2025-12-26
S1030,5f3dbdf3-0,Premium,3.62,Monthly ,2024-01-22
S1031,64c19319-a,Premium,24.17,Yearly,2024-01-16
S1032,1b880f06-4,Premium,17.41,Yearly,2023-08-04
S1033,c1b5c4db-a,Basic,17.8,Monthly,2026-01-08
S1034,f2d62267-2,Standard,14.97,Yearly,2024-04-27
S1035,fe90b5be-7,Basic,7.11,Monthly,2023-07-17
S1036,f1acfb39-6,Premium,16.28,Yearly,2025-10-02
S1037,ab043155-7,Standard,21.3,Yearly,
S1038,9059e105-5,Basic,6.63,Monthly,2023-10-16
S1039,e7c619e8-2,Standard,22.66,Monthly,2022-10-08
S1040,04abe317-2,Standard,17.49,Yearly,
S1041,e8c95d38-f,Basic,,Monthly,2022-01-19
S1042,cb631f4f-8,Standard,19.29,Monthly,2022-02-14
S1043,dfa08fe0-5,Premium,23.75,Yearly,
S1044,bccb43bf-1,Premium,11.9,Yearly,2024-04-12
S1045,bec86808-6,Standard,24.0,Monthly,2024-04-30
S1046,d9d13837-6,Premium,3.4,Monthly,2025-07-25
S1047,927cdc37-4,Basic,14.01,Yearly,2025-09-03
S1048,a6c77588-d,Basic,16.46,Monthly,2024-03-09
S1049,712c334b-c,Premium,10.8,Yearly,2021-04-02
S1050,e5acab4b-3,Basic,11.79,Yearly,2022-05-28
S1051,e3fd064f-a,Premium,5.94,Yearly,2024-03-31
S1052,c3bed4b7-5,Premium,14.07,Monthly,2025-06-17
S1053,8396aa9a-c,Premium,14.93,Monthly,2022-06-22
S1054,e7533861-7,Standard,,Monthly,2021-02-17
S1055,38046c32-b,Standard,19.76,Monthly,2023-04-28
S1056,c45534a6-3,Standard,20.64,Monthly,2024-01-26
S1057,f2b8c40f-0,Premium,24.08,Yearly,2024-04-09
S1058,d1e14bc4-0,Standard,7.79,Yearly,2023-09-11
S1059,328472a0-5,Standard,24.92,Monthly,2023-01-09
S1060,5c628660-5,Premium,14.08,Monthly,2025-08-23
S1061,914d7931-8,Standard,15.4,Yearly,2021-07-06
S1062,4526d8e0-8,Standard,22.27,Yearly ,2026-02-02
S1063,4535fc1f-f,Premium,24.68,Monthly,2023-07-25
S1064,42327ad9-6,Standard,14.02,Yearly,2022-05-04
S1065,0ed0b481-5,Standard,15.27,Monthly,2023-06-20
S1066,134cd795-b,Standard,19.44,Yearly,2023-04-30
S1067,cd111f53-5,Premium,21.47,Monthly,2023-03-05
S1068,af269500-9,Standard,8.36,Yearly,2021-12-15
S1069,da214c8e-f,Standard,23.5,Monthly,2021-04-05
S1070,896c7d65-4,Premium,6.76,Monthly,2023-11-09
S1071,7dc03235-f,Premium,15.64,Monthly,2022-02-25
S1072,459962ea-5,Standard,3.1,Yearly,2023-02-02
S1073,6349d894-3,Premium,5.21,Monthly,2023-05-09
S1074,27c08f52-6,Basic,10.22,Monthly,2021-02-26
S1075,df0db1d6-6,Standard,6.37,Monthly,2025-07-07
S1076,e46d6541-0,Premium,13.44,Monthly,2025-03-13
S1077,e9b176d6-5,Standard,,Monthly,2021-08-03
S1078,c4019303-e,Basic,4.14,Monthly,2026-01-01
S1079,4d452286-8,Basic,21.74,Monthly,2025-01-21
S1080,7b8a0f4a-9,Basic,17.35,Monthly,2023-03-18
S1081,28db2b8b-e,Basic,10.56,Monthly,2022-07-19
S1082,c136fb79-f,Standard,3.49,Monthly,2023-08-25
S1083,,Premium,18.89,Monthly,2024-01-07
S1084,2e1fd26d-f,Standard,20.51,Monthly,2022-12-13
S1085,020fd704-1,Premium,18.76,Yearly,2022-08-24
S1086,6a3625a8-9,Premium,11.56,Yearly,2023-06-23
S1087,673ae786-e,Standard,17.78,Yearly,2025-03-31
S1088,2becc7f0-9,Basic,18.49,Yearly,2025-01-03
S1089,c0f7f535-1,Basic,22.27,Yearly,2023-01-17
S1090,c8cc7618-5,Basic,4.79,Monthly,2023-02-25
S1091,b8ec177f-d,Basic,17.37,Yearly,2022-11-24
S1092,65177fc8-a,Basic,8.24,Monthly,2021-11-04
S1093,00dfb4e0-1,Standard,6.08,Monthly,2023-03-13
S1094,d8136023-d,Standard,8.55,Monthly,2024-08-11
S1095,c9ef4811-f,Basic,8.36,Yearly,2024-01-03
S1096,056e5352-a,Basic,17.0,Monthly,2023-01-26
S1097,3faa0544-9,Premium,5.33,Monthly,2025-01-12
S1098,7d9ab0d4-6,Standard,12.77,Monthly,2024-07-27
S1099,18f00b7a-5,Premium,21.9,Monthly,2023-01-15
S1100,1d389e27-b,Basic,16.96,Yearly,2021-07-05
S1101,1432248d-c,Standard,16.58,Yearly,2025-06-19
S1102,dccd7aff-6,Premium,14.89,Monthly,2025-06-16
S1103,98995554-8,Standard,15.69,Monthly,2023-09-03
S1104,db05e63f-b,Basic,5.65,Yearly,2021-06-24
S1105,b741cd0e-e,Standard,5.26,Monthly,2023-02-02
S1106,e47794af-4,Basic,23.92,Monthly,2025-07-25
S1107,e2927cd0-6,Basic,22.18,Yearly,2026-02-09
S1108,1490c465-2,Basic,13.42,Monthly,2024-06-21
S1109,d8df8544-d,Premium,14.83,Yearly,2024-03-26
S1110,2e637e11-3,Premium,20.78,Yearly,2023-11-14
S1111,9e3f56d3-d,Premium,9.64,Monthly,2023-07-14
S1112,15b56723-2,Standard,13.18,Yearly,2021-09-30
S1113,1d47b412-5,Standard,23.74,Monthly,2022-12-27
S1114,0c16dc04-c,Standard,13.46,Monthly,2024-03-20
S1115,502f2c88-f,Premium,16.37,Yearly,2025-08-05
S1116,6090361a-7,Premium,16.43,Yearly,2021-12-21
S1117,20cb1936-9,Premium,10.52,Monthly,2021-11-07
S1118,0732d388-0,Basic,23.25,Yearly,2021-06-30
S1119,c739d33b-a,Basic,8.96,Yearly,2021-08-07
S1120,71e7cf5d-7,Standard,14.73,Monthly,2024-04-07
S1121,f9b662bc-e,Basic,11.65,Yearly,2021-10-09
S1122,277b11d8-f,Standard,14.37,Monthly,2024-02-22
S1123,53724589-9,Premium,17.71,Yearly,2025-12-19
S1124,3aff05b2-f,Premium,24.34,Yearly,2024-02-16
S1125,7e45ec42-b,Standard,,Yearly,2023-05-18
S1126,693d9130-3,Premium,20.83,Monthly,2024-07-06
S1127,507600e9-1,Standard,14.07,Monthly,2024-08-24
S1128,d36ae95f-4,Standard,7.7,Yearly,2021-08-30
S1129,6f76470b-2,Premium,24.86,Monthly,2023-10-02
S1130,427fa076-8,Basic,23.9,Yearly,2024-10-02
S1131,1fd1d331-d,Basic,12.71,Monthly,2023-06-18
S1132,aaea9d34-3,Standard,12.32,Monthly,2023-11-14
S1133,3c155c57-3,Premium,22.98,Monthly,2023-05-14
S1134,cef06931-3,Premium,11.66,Monthly,2021-12-31
S1135,9d3e8b2c-c,Basic,20.31,Yearly,2024-11-03
S1136,e6b16d14-2,Standard,22.73,Yearly,2025-10-09
S1137,d3359cae-c,Standard,21.94,Monthly,2023-04-23
S1138,53ed8954-c,Premium,16.63,Monthly,2021-06-30
S1139,3a7eb1f4-4,Standard,19.6,Yearly,2024-05-28
S1140,7684f798-c,Basic,5.28,Monthly,2024-11-16
S1141,3a5beb28-5,Standard,19.85,Monthly,2023-11-24
S1142,d40a3ce8-c,Basic,18.26,Monthly,2025-09-02
S1143,05938161-d,Standard,22.21,Yearly,2025-11-03
S1144,18f92c0c-7,Standard,19.55,Yearly,2024-12-03
S1145,,Basic,16.51,Monthly,2022-12-14
S1146,8ab1e773-e,Premium,21.12,Yearly,2024-02-02
S1147,132e9338-4,Basic,13.74,Monthly,2024-05-27
S1148,3b3f83ce-f,Standard,21.3,Monthly,2025-05-26
S1149,9153c1c0-6,Standard,8.54,Yearly,2024-09-18
S1150,507d2a6b-8,Standard,4.58,Monthly,2025-06-14
S1151,08c1619e-3,Standard,19.47,Monthly,2026-01-16
S1152,272815b0-2,Premium,17.53,Monthly,2023-09-22
S1153,74715d48-b,Basic,23.86,Monthly,2024-05-22
S1154,fab6e135-5,Basic,14.68,Yearly,2025-05-28
S1155,6c0beaf2-f,Standard,8.77,Monthly,2024-04-10
S1156,a3709d1a-e,Standard,13.92,Monthly,2025-10-09
S1157,167f0408-0,Premium,20.28,Yearly,2025-12-31
S1158,b7cfffdc-e,Basic,10.21,Monthly,2021-06-29
S1159,ef5b0cfb-0,Basic,23.62,Yearly,2025-03-05
S1160,283a6a9f-f,Standard,13.43,Yearly,2024-11-10
S1161,e15c35bb-f,Standard,5.27,Yearly,2023-03-15
S1162,b8cc668a-8,Basic,4.57,Yearly,2025-03-23
S1163,0db9bee2-b,Premium,8.33,Yearly,2022-01-01
S1164,fa7d839a-0,Basic,6.92,Yearly,2022-09-02
S1165,327fdab5-b,Premium,15.48,Monthly,2022-12-26
S1166,443ccf2c-6,Premium,17.23,Monthly,2021-03-23
S1167,8a1673c6-c,Premium,17.49,Yearly,2024-05-12
S1168,15a72a7a-4,Standard,17.57,Yearly,2021-07-08
S1169,d4b36341-2,Premium,4.41,Yearly,2022-02-26
S1170,945286fb-b,Standard,6.31,Monthly,2025-09-03
S1171,f2676b72-3,Standard,8.28,Yearly,2025-11-03
S1172,717c0ea5-a,Standard,20.28,Monthly,2024-11-08
S1173,dd8a6af4-f,Premium,11.77,Monthly,2023-05-30
S1174,777c44f9-4,Standard,18.98,Yearly,
S1175,182fe426-3,Basic,22.88,Monthly,2024-04-11
S1176,73180a84-a,Premium,12.18,Yearly,2025-04-30
S1177,fd9a9fd0-d,Basic,10.95,Monthly,2023-10-03
S1178,b61041a8-6,Basic,9.38,Yearly,2022-12-02
S1179,2d0e840a-c,Standard,18.58,Monthly,2024-08-24
S1180,0247c34d-3,Standard,24.24,Monthly,2025-11-04
S1181,0da9a0ec-6,Basic,5.21,Yearly,2022-01-21
S1182,f9dbff5d-9,Basic,5.01,Monthly,2021-06-08
S1183,8f33c9c3-2,Premium,4.88,Monthly,2021-07-26
S1184,d3b80f17-3,Basic,22.4,Yearly,2021-11-18
S1185,220daf7e-f,Premium,16.87,Monthly,2021-09-21
S1186,f685ac80-3,Standard,13.24,Monthly,2022-08-28
S1187,0217d9f2-6,Premium,16.48,Yearly,2021-10-27
S1188,64eefbc9-4,Premium,22.39,Yearly,2025-09-26
S1189,78c9870a-e,Premium,6.14,Monthly,2024-06-20
S1190,071c402a-0,Basic,8.21,Yearly,2023-05-18
S1191,628adb58-b,Basic,14.32,Yearly,2022-11-07
S1192,64d97076-5,Premium,23.96,Yearly,2023-01-29
S1193,76fa218f-3,Premium,20.64,Monthly,2025-10-08
S1194,6f08a797-b,Basic,23.43,Yearly,2026-02-02
S1195,24499fd9-1,Premium,7.67,Yearly,2022-10-03
S1196,5c1ceaf3-8,Basic,4.74,Monthly,2022-08-16
S1197,d2d8a117-4,Premium,8.48,Yearly,2025-11-07
S1198,bea73304-9,Premium,24.34,Yearly,2023-03-16
S1199,3999983b-e,Basic,10.55,Monthly,2024-12-06
S1200,81a0ef88-4,Premium,20.16,Monthly,2024-04-23
S1201,7ff95393-9,Basic,17.21,Monthly,2023-09-29
S1202,fd73aae6-2,Standard,18.2,Monthly,2023-05-31
S1203,3d4fe230-4,Standard,18.17,Yearly,2021-11-27
S1204,a95b7b72-0,Basic,17.81,Monthly,2021-03-26
S1205,f3f67660-d,Standard ,11.42,Monthly,2024-02-11
S1206,1ad94a9a-7,Premium,9.46,Monthly,2022-09-21
S1207,46df93a1-9,Premium,12.64,Monthly,2023-02-27
S1208,ca87d179-b,Premium,19.02,Monthly,2025-02-12
S1209,e3eaa909-4,Standard,14.68,Monthly,2024-02-28
S1210,90a149ac-8,Premium,12.94,Yearly,2022-01-30
S1211,5f2f3e92-6,Standard,14.96,Monthly,2021-10-26
S1212,46d9b47a-1,Standard,17.05,Yearly,2023-12-24
S1213,c5bd50cd-9,Premium,11.66,Yearly,2024-06-30
S1214,0c09ba03-a,Standard,12.11,Yearly,2022-05-16
S1215,1d617162-9,Basic,21.19,Monthly,2025-04-03
S1216,23f8dafa-6,Premium,20.57,Yearly,2022-01-14
S1217,c2199e67-7,Premium,12.63,Yearly,2024-01-20
S1218,,Basic,22.79,Yearly,2022-12-22
S1219,5cd220c2-d,Basic,24.33,Yearly,2023-06-19
S1220,7fd6f34e-e,Basic,5.64,Yearly,2022-02-03
S1221,8c318c0a-4,Standard,11.74,Monthly,2025-01-25
S1222,69d8bece-2,Standard,12.66,Monthly,2024-09-14
S1223,a2ea06de-7,Basic,17.46,Yearly,2023-06-30
S1224,31ff3b2b-d,Standard,15.29,Monthly,2022-05-27
S1225,1c57c2e9-d,Basic,22.51,Yearly,2021-09-25
S1226,5e1275c3-1,Premium,23.94,Yearly,2024-02-06
S1227,6a816f9e-9,Standard,20.13,Monthly,2025-10-09
S1228,2bc6ecb3-c,Basic,4.78,Yearly,2022-07-04
S1229,8dfe73a6-2,Standard,15.47,Monthly,2023-11-15
S1230,cf9904c3-3,Standard,21.99,Yearly,2022-10-27
S1231,bc745ba1-2,Standard,5.9,Yearly,2024-06-22
S1232,30c05cf3-a,Premium,15.83,Yearly,2024-05-24
S1233,c065f7ed-a,Basic,3.44,Monthly,2022-04-06
S1234,846ac2e0-f,Premium,11.47,Monthly,2022-12-06
S1235,fb552d6d-0,Premium,18.36,Monthly,2023-02-08
S1236,0d22bc5f-0,Premium,16.27,Yearly,2023-07-05
S1237,8175bdcb-2,Premium,10.33,Monthly,2023-12-20
S1238,98c90755-4,Standard,10.08,Yearly,2023-05-01
S1239,f396b63a-0,Premium,11.46,Monthly,2024-09-10
S1240,189fe4d8-b,Standard,17.89,Monthly,2021-10-17
S1241,8c809e6c-8,Premium,18.01,Monthly,2025-06-09
S1242,283eb069-5,Standard,8.42,Yearly,2023-09-08
S1243,3946d2fa-d,Basic,5.54,Monthly,2022-07-05
S1244,9ad5a7d5-1,Standard,13.19,Yearly,2021-07-12
S1245,0559d93a-a,Standard,8.93,Monthly,2022-04-05
S1246,5ef447ee-3,Premium,7.01,Yearly,2022-09-25
S1247,15288630-a,,17.64,Monthly,2022-02-20
S1248,39b27e69-e,Premium,3.83,Yearly,2021-09-17
S1249,e83e140d-a,Basic,10.34,Monthly,2025-04-14
S1250,8266fcd1-4,Standard,3.32,Monthly,2024-04-23
S1251,c31ff8e2-2,Standard,16.9,Monthly,2022-07-02
S1252,cfb2b81e-7,Basic,3.67,Monthly,2021-07-09
S1253,e33015af-5,Premium,10.74,Monthly,2022-07-15
S1254,a2f1153f-5,Premium,20.3,Yearly,2024-01-20
S1255,886c6ef1-f,Basic,13.43,Monthly,2025-07-13
S1256,ec3038da-c,Basic,8.84,Monthly,2023-08-02
S1257,b1d83575-a,Premium,22.73,Monthly,2022-01-18
S1258,d9ca33d3-f,Standard,6.53,Monthly,2022-08-22
S1259,ef4e0544-e,Premium,5.96,Yearly,2025-09-07
S1260,19f268b6-6,Premium,16.99,Monthly,2023-03-17
S1261,d3835ebf-c,Premium,17.04,Yearly,2023-06-14
S1262,2a7c081b-5,Premium,13.48,Yearly,2024-06-16
S1263,1952b8e6-f,Standard,21.86,Monthly,2024-01-26
S1264,38daa54f-8,Basic,4.09,Monthly,2024-04-03
S1265,041f599f-b,Standard,19.67,Yearly,2021-04-23
S1266,58d38b90-2,Standard,12.84,Monthly,2025-10-30
S1267,53e801c9-6,Premium,22.27,Yearly,2022-06-02
S1268,06e1298b-b,Basic,14.52,Yearly,2025-05-17
S1269,f57deebf-f,Standard,23.46,Monthly,2021-08-09
S1270,feed35e6-0,Premium,20.85,Yearly,2023-10-21
S1271,0c2bae6c-4,Basic,16.21,Monthly,2024-11-30
S1272,9b13458e-b,Standard,18.18,Monthly,2024-06-23
S1273,,Standard,10.51,Monthly,2024-06-18
S1274,7642624f-3,Premium,4.28,Yearly,2024-06-24
S1275,a8bc6a95-b,Standard,19.73,Monthly,2022-06-08
S1276,a4bcb88d-6,Premium,6.43,yearly,2023-08-03
S1277,2af74517-4,Basic,4.7,Yearly,2023-03-27
S1278,6a902922-e,Premium,7.95,Yearly,2026-02-06
S1279,67bfd2c1-1,Premium,21.97,Monthly,2024-01-16
S1280,6f177e8a-9,Basic,9.01,Monthly,2025-11-23
S1281,61a23520-e,Premium,19.57,Monthly,2024-03-14
S1282,f541dd0b-6,,17.59,Monthly,2022-06-18
S1283,9f479dc7-d,Basic,12.08,Monthly,2024-01-24
S1284,b9d56957-3,basic,11.62,Yearly,2023-06-05
S1285,f8575374-c,Standard,11.87,Yearly,2021-03-25
S1286,1fd5b6b4-d,Premium,4.63,Yearly,2023-02-05
S1287,7b4e6a93-9,Standard,15.96,Monthly,2025-04-19
S1288,961b7a45-7,Basic,15.86,Monthly,2023-03-20
S1289,56fca17f-8,Basic,21.91,Yearly,2024-05-11
S1290,35139cfd-0,Standard,6.09,Monthly,2022-07-14
S1291,,Premium,9.91,Monthly,2023-10-06
S1292,4e42ec8c-f,Standard,4.46,Monthly,2023-03-31
S1293,522c1d9d-1,Basic,20.12,Yearly,2023-03-08
S1294,0d27bd26-f,Premium,24.6,Yearly,2021-11-27
S1295,7a149cb7-4,Premium,17.41,Monthly,2025-07-03
S1296,093a9b95-c,Standard,5.45,Yearly,2024-03-11
S1297,71b4baf7-2,Premium,4.09,Yearly,2023-05-11
S1298,606bf866-6,Premium,7.01,Monthly,2023-09-18
S1299,fe528ea2-7,Premium,23.21,Yearly,2023-12-20
S1300,7b92a5da-4,Standard,15.02,Monthly,2024-03-02
S1301,c52f0dce-3,Premium,17.07,Monthly,2023-06-21
S1302,62d522a2-d,Standard,18.79,Monthly,2024-03-31
S1303,0ff6f605-c,Standard,9.7,Yearly,2021-09-16
S1304,fe86d90d-a,Basic,4.4,Yearly,2021-08-16
S1305,add803df-8,Premium,24.62,Yearly,2024-04-16
S1306,fe6d45b8-b,Standard,4.05,Monthly,2025-02-23
S1307,9123af5f-9,Basic,18.53,Monthly,2025-04-15
S1308,0dcb8b5f-0,Standard,10.96,Yearly,2022-03-14
S1309,ff1a170c-f,Premium,16.36,Yearly,2023-12-21
S1310,a8f9c242-7,Basic,14.61,Yearly,2023-03-20
S1311,b803c706-d,Basic,10.48,Monthly,2023-02-05
S1312,347c0a88-9,Standard,12.76,Yearly,2025-07-04
S1313,00fa5cbd-8,Basic,13.96,Monthly,2025-12-06
S1314,12fbd2c6-2,Premium,13.05,Yearly,2025-09-18
S1315,443889bd-f,Standard,14.42,Yearly,2022-07-31
S1316,8cb4dbab-9,Standard,23.51,Monthly,2021-07-25
S1317,91e8ba59-f,Standard,10.49,Monthly,2024-04-09
S1318,18fe3a9e-1,Premium,20.01,Yearly,2024-10-30
S1319,99d193d8-e,Standard,19.26,Yearly,2022-04-16
S1320,1b2045f8-9,Basic,17.32,Yearly,2021-07-14
S1321,ad268b2b-7,Standard,,Yearly,2025-03-30
S1322,4a60afff-4,Standard,6.64,Yearly,2024-08-18
S1323,a1ef292c-3,Premium,4.29,Yearly,2023-02-17
S1324,34cea72f-c,Premium,12.57,Monthly,2026-01-18
S1325,82ed1f21-d,Standard,20.33,Yearly,2022-07-04
S1326,4ebd814e-9,Premium,18.06,Yearly,2024-02-07
S1327,e6604706-f,Premium,13.22,Monthly,2025-02-09
S1328,67eb817e-c,Basic,24.47,Monthly,2022-04-09
S1329,eb54e80c-3,Premium,7.36,Yearly,2023-02-06
S1330,c5807f1a-7,Basic,13.04,Yearly,2023-05-12
S1331,8eb4f159-4,Standard,4.67,Yearly,2021-06-22
S1332,0077c6e2-1,Basic,10.57,Yearly,2025-06-17
S1333,8e84f58a-7,Premium,22.9,Monthly,2022-03-23
S1334,208f1110-6,Premium,3.87,Yearly,2025-09-12
S1335,e14beb5c-a,Basic,8.79,Monthly,2021-12-25
S1336,7f9538c4-d,Standard,9.92,Monthly,2022-05-09
S1337,8859b0c6-e,Premium,6.25,Yearly,2023-09-02
S1338,95c8a486-d,Basic,21.32,Yearly,2021-08-30
S1339,e83d9c28-6,Standard,21.26,Yearly,2025-02-26
S1340,77dc5bb2-5,Standard,11.78,Monthly,2021-10-30
S1341,3e4ce8ac-e,Standard,22.78,Monthly,2024-07-17
S1342,8c19024f-a,Basic,13.77,Monthly,2023-07-13
S1343,d1959603-c,Basic,8.12,Monthly,2022-02-22
S1344,8f4391de-b,Premium,19.62,Monthly,2024-07-05
S1345,bee4d755-9,Basic,13.81,Monthly,2025-11-02
S1346,,Standard,17.36,Yearly,2021-09-06
S1347,d12c61fe-a,Standard,8.17,Monthly,2022-09-30
S1348,5ac2b059-2,Standard,18.39,Monthly,2022-04-08
S1349,e957e12a-a,Premium,22.87,Monthly,2021-10-13
S1350,1ef52b25-d,Standard,9.65,Monthly,2023-02-14
S1351,2931a126-f,Premium,24.8,Monthly,2024-05-23
S1352,d177c8fd-1,Standard,13.55,Monthly,2022-09-02
S1353,edf79c53-b,Basic,21.53,Yearly,2024-09-25
S1354,59f324c1-4,Premium,12.94,Monthly,2022-01-04
S1355,3a8c71a1-4,Premium,14.0,Monthly,2021-11-18
S1356,ef2876d9-5,Premium,9.76,Monthly,2024-02-06
S1357,11647ddc-d,Basic,11.75,Yearly,2022-07-07
S1358,ceb3e269-1,Standard,5.68,Monthly,2021-12-24
S1359,fed2c045-0,Standard,13.24,Monthly,2022-08-13
S1360,4683e47f-7,Basic,22.58,Monthly,2025-01-26
S1361,119ceb3f-d,Basic,8.29,Monthly,2022-04-12
S1362,b2e4d4fe-a,Premium,13.45,Monthly,2025-11-22
S1363,ab75b8f7-b,Standard,5.82,Monthly,2024-01-06
S1364,e29c3804-9,Premium,16.81,Yearly,2022-05-01
S1365,c590c8ac-5,Premium,24.85,Yearly,2021-08-03
S1366,6d355fbe-d,Basic,6.48,Monthly,2021-03-12
S1367,1e68d4ce-7,Basic,6.12,Yearly,2021-09-20
S1368,baf934f5-9,Premium,12.13,Monthly,2021-08-02
S1369,b2a2226c-0,Premium,13.89,Monthly,2025-11-27
S1370,c26d8d38-1,Premium,4.58,Monthly,2024-08-04
S1371,1864f12c-7,Basic,14.68,Monthly,2021-09-10
S1372,5e76bc24-6,Basic,12.57,Yearly,2021-12-22
S1373,62d19786-9,Standard,3.99,Yearly,
S1374,c3f47caf-5,Premium,13.68,Yearly,2024-09-18
S1375,809f2a79-3,Standard,15.43,Yearly,2021-09-19
S1376,6f55dc7e-c,Standard,15.8,Yearly,2022-10-29
S1377,e2e6d3a8-1,Standard,20.66,Monthly,2021-03-13
S1378,09d0cd8e-d,Standard,9.65,Monthly,2024-02-18
S1379,e74e5bd5-9,Standard,24.08,Monthly,2021-04-18
S1380,d4a3727e-c,Standard,7.74,Yearly,2025-02-07
S1381,1ce9be60-5,Premium,4.37,Yearly,2025-12-05
S1382,a1ca27e2-a,Basic,17.7,Monthly,2022-08-17
S1383,b1cc35fe-7,Premium,4.88,Monthly,2024-03-03
S1384,c070c2a4-d,Premium,4.57,Yearly,2021-05-01
S1385,53496d79-8,Premium,21.11,Monthly,2021-03-29
S1386,9eebc67b-9,Basic,11.05,Yearly,2023-06-26
S1387,5893ea77-9,Standard,22.41,Monthly,2023-07-11
S1388,ac47b37a-2,Premium,16.8,Yearly,2023-11-15
S1389,c72af763-8,Premium,15.85,Monthly,2026-01-05
S1390,f11e184d-a,Premium,7.69,Yearly,2021-02-17
S1391,d441ca50-a,Premium,,Monthly,2025-08-09
S1392,0434514d-1,Premium,20.35,Monthly,2021-02-25
S1393,28c815e6-b,Premium,19.3,Yearly,2022-08-12
S1394,f0562856-1,Premium,15.81,Yearly,2021-04-23
S1395,484f70a5-3,Basic,8.44,Yearly,2021-07-07
S1396,c39e462b-c,Basic,23.1,Yearly,2021-11-08
S1397,01b7f885-5,Basic,19.78,Monthly,2025-02-25
S1398,c007540c-a,Basic,13.18,Yearly,2024-06-08
S1399,bc3ddb4c-e,Premium,23.84,Monthly,2021-12-20
S1400,13d29f5c-6,Basic,12.62,Yearly,2022-06-24
S1401,f06a09d7-c,Basic,12.86,Yearly,2022-06-26
S1402,8d1f91a3-3,Standard,18.94,Yearly,2022-09-19
S1403,7384bf51-0,Basic,7.28,Yearly,2021-02-17
S1404,561956a7-e,Basic,9.55,Yearly,2023-06-05
S1405,24b65be5-a,Standard,17.92,Monthly,2026-01-14
S1406,26e3f67a-3,Basic,3.57,Monthly,2025-05-10
S1407,66cd81ee-1,Basic,21.3,Monthly,2025-05-26
S1408,7283b667-8,Basic,4.6,Yearly,2022-01-05
S1409,ac1f1ffe-b,Premium,16.76,Yearly,2023-06-07
S1410,ed74e25b-6,Standard,3.21,Yearly,2025-09-21
S1411,1629d0b9-6,Basic,9.43,Monthly,2023-03-11
S1412,6f9f86c5-a,Standard,4.66,Monthly,2024-07-08
S1413,659a2033-8,Premium,23.74,Yearly,2024-09-17
S1414,c5f7d3d4-f,Premium,5.95,Monthly,2025-07-02
S1415,66c9f72b-4,Standard,8.59,Yearly,2024-04-06
S1416,17123a45-7,Basic,20.19,Yearly,2024-04-15
S1417,825187dd-0,Premium,24.11,Yearly,2022-04-25
S1418,b1a64710-3,Standard,17.74,Yearly,2021-07-19
S1419,e4dfaacb-c,Premium,15.06,Yearly,2022-05-30
S1420,fb10b2a5-9,Premium,12.29,Monthly,2025-09-06
S1421,c8c8029b-5,Standard,16.69,Yearly,2021-06-02
S1422,3437d21a-0,Standard,12.39,Monthly,2021-09-01
S1423,0f16d2cd-8,Standard,5.43,Yearly,2021-08-13
S1424,abfa3ce9-b,Premium,22.25,Yearly,2023-10-03
S1425,c2a12eae-d,Premium,20.08,Yearly,2024-01-29
S1426,207a28d3-1,Standard,16.26,Yearly,2024-06-06
S1427,dfb49849-0,Standard,6.52,Yearly,2021-03-12
S1428,2577083b-e,Premium,17.46,Yearly,2022-02-28
S1429,06955feb-d,Basic,12.23,Yearly,2024-03-05
S1430,4faf6a31-0,Basic,19.04,Yearly,2022-10-15
S1431,6a09eac3-5,Basic,10.14,Monthly,2024-02-18
S1432,4832aa0a-b,Standard,12.56,Yearly,2022-01-21
S1433,ed8fb61b-5,Premium,19.42,Monthly,2024-02-24
S1434,02cd3d0a-4,Premium,11.67,Monthly,2024-06-05
S1435,7ceda49b-a,Basic,13.75,Yearly,2024-10-30
S1436,824922cf-4,Basic,13.42,Yearly,2024-03-16
S1437,5a8daa2b-3,Premium,21.74,Monthly,2023-02-01
S1438,5b4fce3f-3,Basic,24.63,Monthly,2021-09-03
S1439,40bbf067-3,Premium,19.09,Monthly,2021-08-30
S1440,f4759951-1,Premium,4.98,Yearly,2023-07-13
S1441,ce9aef7a-4,Standard,17.75,Monthly,2024-02-12
S1442,f52862fc-9,Basic,21.23,Yearly,2022-04-19
S1443,6f8908c2-7,Basic,5.24,Yearly,2021-06-20
S1444,c27c4c20-1,Basic,21.46,Yearly,2022-12-18
S1445,1111f629-3,Basic,21.08,Monthly,2025-12-26
S1446,edd758da-6,Standard,9.28,Monthly,2024-09-05
S1447,4452eb7d-1,Basic,22.66,Yearly,2022-05-12
S1448,97974200-8,Premium,12.75,Yearly,2023-09-08
S1449,12091558-3,Standard,15.62,Monthly,2025-10-20
S1450,da5f1249-1,Basic,17.14,Monthly,2023-06-03
S1451,0b6ea2cc-5,Premium,18.41,Yearly,2025-09-16
S1452,a43e1005-8,Premium,17.37,Monthly,2025-09-26
S1453,076e81f0-9,Premium,16.35,Monthly,2023-07-29
S1454,5c373990-8,Basic,14.15,Yearly,
S1455,2021798c-b,Standard,13.31,Monthly,2025-11-03
S1456,6525df04-2,Basic,24.6,Monthly,2025-09-11
S1457,6bdc9a12-7,Premium,23.47,Monthly,2023-08-23
S1458,f5a4bdbc-9,Basic,8.28,Monthly,2022-09-19
S1459,515808cc-d,Standard,15.46,Monthly,2025-04-07
S1460,53835ff8-2,Basic,10.52,Yearly,2022-06-18
S1461,f0eb6e36-c,Standard,9.03,Yearly,2023-02-09
S1462,fad7ed9c-8,Basic,16.62,Monthly,2021-07-05
S1463,379b5958-3,Standard,10.9,Yearly,2025-12-25
S1464,51ee8676-9,Standard,14.51,Monthly,2021-11-06
S1465,b152aa5b-e,Standard,14.86,Yearly,2022-09-20
S1466,01377428-4 ,Standard,7.15,Yearly,2025-02-26
S1467,7dfd06de-7,Standard,16.85,Monthly,2025-06-07
S1468,534f89ac-7,Standard,12.37,,2025-03-16
S1469,7e97c71b-a,Premium,15.09,Monthly,2023-01-11
S1470,809ff2cd-8,Standard,13.94,Yearly,2023-10-04
S1471,4c752cf7-a,Standard,13.85,Monthly,2024-06-11
S1472,01ccfb81-4,Standard,5.22,Yearly,2025-05-16
S1473,b95a1422-1,Premium,14.8,Monthly,2026-01-29
S1474,8e94aadb-7,Standard,12.63,Monthly,2023-12-30
S1475,7dac364c-3,Standard,23.78,Yearly,2021-03-05
S1476,407a7368-9,Standard,7.37,Yearly,2025-04-19
S1477,9d2efaf1-2,Premium,12.59,Yearly,2021-04-15
S1478,26f504d6-2,Premium,9.08,Yearly,2025-04-04
S1479,cf146dc3-1,Standard,11.27,Yearly,2023-06-16
S1480,3c5d5c30-c,Basic,16.45,Monthly,2025-05-15
S1481,7dadedf4-0,Standard,10.63,Monthly,2025-03-16
S1482,4da45991-8,Basic,8.15,Yearly,2023-11-08
S1483,c7cbbaa4-3,Basic,7.64,Yearly,2025-10-07
S1484,d785ed88-9,Premium,15.13,Monthly,2023-03-03
S1485,b6f7b0d1-d,Standard,17.89,Yearly,2021-04-21
S1486,1ea84967-6,Standard,19.19,Yearly,2023-08-18
S1487,98cff567-b,Standard,3.73,Yearly,2024-02-06
S1488,84a4e2b1-f,Premium,22.48,Monthly,2021-09-29
S1489,41feb875-8,Standard,13.96,Monthly,2022-11-25
S1490,86fb4838-c,Standard,15.31,Yearly,2025-01-27
S1491,2e752920-1,Premium,22.47,Monthly,2024-01-31
S1492,2dc86de7-c,Standard,18.38,Yearly,2023-09-18
S1493,0b9154f3-0,Premium,6.55,Yearly,2023-04-02
S1494,770d4b51-c,Basic,24.41,Monthly,2023-01-11
S1495,de5a3685-3,Basic,20.1,Monthly,2025-02-12
S1496,07ab4f74-7,Basic,4.82,Monthly,2025-05-16
S1497,9550e5ae-2,Premium,12.37,Yearly,2021-09-28
S1498,16835863-5,Basic,13.9,Monthly,2021-02-24
S1499,8ae60b84-d,Basic,8.96,Yearly,2021-03-07
S1500,5da5204f-c,Standard,13.07,Monthly,2025-12-03
S1501,d5d78554-9,Premium,10.35,Monthly,2024-04-21
S1502,a26fd1a1-f,Premium,4.19,Yearly,2023-03-10
S1503,f25ab2a7-7,Basic,15.21,Monthly,2026-02-09
S1504,8652e1a6-b,Basic,6.46,Yearly,2024-03-07
S1505,98466ee7-4,Standard,9.1,Monthly,2025-12-06
S1506,0e81a67e-c,Standard,24.84,Yearly,2022-05-04
S1507,adeeb543-a,Premium,6.84,Monthly,2024-02-07
S1508,4623e9af-4,Standard,23.73,Yearly,2023-01-26
S1509,d2a87e2c-b,Standard,7.3,Yearly,2024-03-06
S1510,fcba93e5-4,Premium,10.49,Yearly,2023-02-28
S1511,173ba7b7-b,Premium,23.78,Yearly,2021-12-13
S1512,1a2edd99-6,Standard,14.99,Yearly,2022-07-07
S1513,3edc1046-4,Premium,24.99,Monthly,2023-10-11
S1514,a5d99ca1-2,Premium,21.95,Monthly,2024-08-05
S1515,b3059c57-6,Basic,18.97,Yearly,2025-11-19
S1516,4e7d739a-1,Basic,11.97,Monthly,2023-05-16
S1517,8e9d8f27-0,Premium,13.37,Yearly,2024-11-08
S1518,b382e279-3,Basic,18.07,Monthly,2022-06-21
S1519,d6cf9c70-6,Standard,4.97,Yearly,2024-10-12
S1520,38dfb2ed-2,Standard,23.48,Yearly,2024-12-10
S1521,0f6e4e0e-6,Basic,24.22,Yearly,2025-11-10
S1522,764daa3b-d,Standard,7.49,Monthly,2025-08-13
S1523,67d8a667-5,Basic,19.35,Yearly,2025-11-14
S1524,1f81dda0-d,Basic,15.58,Monthly,2023-05-01
S1525,0df84c51-9,Basic,6.84,Monthly,2025-08-04
S1526,ddc7573a-4,Premium,7.13,Yearly,2025-05-18
S1527,02a4610d-1,Premium,24.23,Monthly,2025-03-08
S1528,30728614-f,Standard,,Monthly,2022-11-26
S1529,3d52f39d-b,Standard,17.09,Yearly,2025-06-25
S1530,654b662f-a,Premium,11.92,Yearly,2024-01-05
S1531,dd1e60af-7,Standard,7.49,Monthly,2024-01-27
S1532,3df480ba-f,Premium,24.42,Monthly,2022-03-16
S1533,53f202c9-3,Standard,11.34,Yearly,2021-12-06
S1534,56f336f6-a,Premium,24.96,Yearly,2021-05-26
S1535,31678085-8,Basic,17.59,Monthly,2025-08-25
S1536,7f4efa09-4,Premium,17.41,Monthly,2024-12-10
S1537,eb4477e0-3,Premium,4.61,Yearly,2023-07-11
S1538,9f18a313-4,Premium,3.47,Monthly,2022-09-12
S1539,5d598ea8-b,Basic,5.8,Yearly,2021-07-15
S1540,2d466ab2-d,Basic,16.76,Yearly,2023-05-08
S1541,c61c4885-0,Standard,13.4,Monthly,2022-05-26
S1542,f1852c63-7,Premium,20.04,Yearly,2023-02-21
S1543,43d3696d-0,Standard,24.86,Yearly,2024-03-20
S1544,ab161bbc-f,Standard,14.32,Yearly,2022-02-23
S1545,7cfe2eb2-b,Premium,15.76,Monthly ,2024-03-09
S1546,95a7a1de-8,Premium,16.28,Monthly,2023-05-01
S1547,7ac2c15f-3,Basic,7.33,Monthly,2023-07-13
S1548,57b4ee93-f,Standard,8.02,Yearly,2021-05-03
S1549,895775b0-f,Standard,6.16,Yearly,2022-11-09
S1550,89e48810-a,Premium,5.69,Yearly,2021-03-26
S1551,4d66854d-0,Standard,21.97,Yearly,2021-10-12
S1552,056ce2ae-f,Basic,3.81,Monthly,2025-09-11
S1553,5ac7715a-b,Standard,4.53,Yearly,2025-04-16
S1554,e3dcfb88-6,Premium,9.39,Monthly,2022-05-17
S1555,92fd3d31-9,Basic,11.38,Yearly,2024-06-07
S1556,3096a6d2-c,Premium,6.84,Monthly,2024-06-30
S1557,7b13e8d4-c,Standard,5.8,Monthly,2025-02-26
S1558,b950c771-a,,23.19,Yearly,2021-11-05
S1559,0775f141-2,Standard,6.99,Yearly,2021-09-08
S1560,cec44150-2,Basic,6.07,Monthly,2024-04-26
S1561,30c8e3f1-2,Premium,8.36,Yearly,2023-01-11
S1562,e4976b86-0,Standard,8.75,Yearly,2023-04-17
S1563,b77b6221-c,,3.11,Yearly,2023-02-25
S1564,f94c54c4-1,Premium,5.36,Monthly,2024-10-20
S1565,0dd6f349-0,Standard,16.62,Monthly,2024-02-12
S1566,73a4c0cf-f,Standard,5.91,Yearly,2025-12-17
S1567,f07c32b3-4,Premium,23.89,Yearly,2021-03-10
S1568,b6500891-e,Basic,5.97,Monthly,2023-06-29
S1569,604fd38a-9,Basic,4.29,Yearly,2022-10-28
S1570,adf1762b-3,Premium,9.71,Monthly,2022-10-19
S1571,b88d2ca0-a,Premium,,Monthly,2025-07-16
S1572,166d9075-7,Standard,12.06,Yearly,2023-04-22
S1573,97f056f7-9,Premium,5.73,Monthly,2024-10-03
S1574,b61234e3-7,Premium,16.07,Monthly,2022-11-30
S1575,e3788099-a,Basic,15.98,Yearly,2023-11-07
S1576,69fb907b-b,Basic,6.1,Monthly,2025-06-23
S1577,ec82bb9a-1,Basic,12.58,Monthly,2021-07-03
S1578,f9b032c7-7,Basic,9.55,Yearly,2022-04-02
S1579,91333a7d-8,Premium,23.03,Yearly,2023-09-10
S1580,af5df91f-0,Basic,24.37,Monthly,2025-12-10
S1581,2ece322d-7,Standard,7.2,Monthly,2025-05-25
S1582,f214609a-d,Basic,11.57,Yearly,2021-11-02
S1583,82afb2fc-8,Basic,16.81,Monthly,2024-04-17
S1584,ce302668-9,Standard,9.18,Monthly,2023-07-01
S1585,76c93a87-d,Premium,23.3,Yearly,2023-10-30
S1586,e2188e74-8,Standard,13.14,Yearly,2022-08-21
S1587,74191278-b,Standard,24.41,Monthly,2022-11-03
S1588,bf0e661e-2,Basic,24.89,Yearly,2025-05-25
S1589,91b653cb-9,Premium,11.94,Yearly,2025-05-21
S1590,41dd9cf9-3,Standard,22.3,Yearly,2021-04-26
S1591,4981a74a-1,Premium,12.85,Yearly,2022-02-21
S1592,a77389e2-8,Standard,,Yearly,2022-03-25
S1593,83e6f115-c,Premium,7.56,Yearly,2021-12-06
S1594,b1297421-8,Basic,10.52,Monthly,2024-06-24
S1595,8f1fb456-e,Premium,23.61,Monthly,2023-09-13
S1596,58b536c3-d,Basic,16.43,Monthly,2021-05-27
S1597,c145c348-5,Premium,9.59,Monthly,2023-07-10
S1598,e00a81b2-3,Basic,23.49,Monthly,2021-05-14
S1599,b7203d52-5,Basic,17.7,Monthly,2023-01-02
S1600,0fb691df-1,Basic,22.1,Monthly,2023-04-02
S1601,78b9dff2-f,Premium,20.98,Yearly,2022-08-29
S1602,8592b85d-a,Premium,23.07,Monthly,2021-03-28
S1603,1388f737-c,Basic,22.32,Yearly,2022-06-06
S1604,59d08d08-0,Basic,15.73,Monthly,2022-09-23
S1605,edc751f8-6,Premium,12.11,Yearly,2025-01-02
S1606,a02744ef-3,Basic,14.58,Yearly,2021-10-28
S1607,8e912d35-d,Standard,7.41,Yearly,2023-11-20
S1608,d9affb39-c,Standard,11.99,Yearly,2025-02-12
S1609,4131907c-1,Standard,17.96,,2025-09-03
S1610,ba8348b8-4,Basic,5.02,Monthly,2026-01-24
S1611,0e715823-d,Standard,21.08,Monthly,2023-04-02
S1612,f6e7fdf1-b,Basic,12.84,Yearly,2026-01-08
S1613,ffd8d945-6,Basic,20.06,Monthly,2022-07-14
S1614,c4d5ad8c-2,Basic,9.94,Yearly,2023-12-30
S1615,a80c3992-2,Basic,5.32,Monthly,2022-11-30
S1616,c138aac1-2,Basic,3.24,Monthly,2024-12-17
S1617,39b608cc-c,Basic,12.05,Monthly,2023-07-30
S1618,46aae67a-1,Basic,3.85,Yearly,2023-03-27
S1619,058e7b63-4,Basic,6.69,Monthly,2022-07-20
S1620,4b407024-d,Standard,24.77,Monthly,2023-09-27
S1621,4a4fa0cc-6,Premium,21.62,Monthly,2025-08-25
S1622,60a55d85-3,Basic,7.34,Monthly,2023-06-17
S1623,6d3da79a-7,Basic,5.45,Monthly,2024-11-12
S1624,e03378e9-d,Standard,17.2,Monthly,2025-05-19
S1625,989db116-b,Standard,20.38,Monthly,2021-03-23
S1626,d2dafdd8-7,Premium,11.48,Yearly,2025-09-14
S1627,b1d64c99-4,Standard,12.47,Yearly,2024-01-09
S1628,76420caa-6,Standard,9.89,Monthly,2025-09-17
S1629,dcd8bfa0-4,Basic,12.07,Yearly,2023-04-03
S1630,6244df7b-e,Basic,20.68,Monthly,2025-10-09
S1631,a58b16df-4,Premium,22.3,Monthly,2021-07-19
S1632,0874ae66-d,Basic,3.43,Monthly,2024-05-07
S1633,152b05e6-7,Premium,4.85,Monthly,2024-03-31
S1634,8e5546b8-b,Basic,9.63,Yearly,2023-04-14
S1635,f00a5b1e-a,Standard,22.77,Monthly,2023-05-25
S1636,57ade3e3-8,Standard,8.77,Monthly,2024-02-26
S1637,e53a80fa-1,Standard,12.14,Yearly,2025-10-01
S1638,14f8e80c-e,Premium,19.64,Monthly,2025-07-12
S1639,3383ade0-5,Basic,20.32,Yearly,2025-05-23
S1640,fe77475f-b,Basic,22.28,Monthly,2025-07-15
S1641,5fe80454-7,Pr3mium,9.53,Monthly,2025-08-18
S1642,e48d8b80-7,standard,4.42,Monthly,2024-05-11
S1643,8e30ab5c-c,Basic,11.3,Yearly,2023-10-10
S1644,e9ea3b39-f,Standard,21.52,Monthly,2021-10-17
S1645,9d18479a-4,Premium,21.12,Monthly,2024-02-09
S1646,34fec8ce-7,Standard,24.79,Yearly,2023-02-05
S1647,ea300dd7-6,Premium,9.46,Monthly,2025-11-12
S1648,3f0f0641-b,Standard,14.22,Monthly,2024-02-01
S1649,513a95c4-f,Basic,9.66,Monthly,2024-09-15
S1650,,Standard,14.41,Yearly,2022-03-03
S1651,5e8b929d-3,Basic,14.1,Monthly,2022-04-03
S1652,bc0686e1-0,Basic,4.4,Monthly,2023-08-22
S1653,0df10060-e,Basic,12.16,Monthly,2025-01-21
S1654,372daf20-3,Premium,14.59,Yearly,2022-03-27
S1655,003bbb3a-a,Basic,19.91,Monthly,2021-10-15
S1656,67878774-b,Basic,24.56,Monthly,2023-08-30
S1657,d0cca796-5,Premium,16.94,Monthly,2021-10-30
S1658,16f97151-f,Basic,17.25,Monthly,2025-07-17
S1659,c95900d0-8,Standard,7.13,Monthly,2021-12-24
S1660,9053a015-e,Basic,20.28,Monthly,2022-09-29
S1661,c0af40db-b,Basic,3.76,Yearly,2021-07-20
S1662,9c7b5384-4,Premium,22.49,Yearly,2021-09-04
S1663,337966c1-c,Premium,5.17,Yearly,2023-06-14
S1664,abd8c0ff-0,Standard,14.37,Monthly,2024-01-01
S1665,d6a7d4ee-8,Basic,12.05,Monthly,2025-01-20
S1666,704e126c-8,Basic,24.81,Yearly,2022-12-24
S1667,22fa4d89-d,Standard,12.26,Yearly,2025-08-26
S1668,a18bcebf-7,Standard,16.86,Monthly,2023-03-05
S1669,c2d9b1c5-e,Standard,7.54,Yearly,2025-09-29
S1670,a5f7a170-3,Standard,13.25,Yearly,2025-04-20
S1671,b56e5ee6-c,Standard,20.56,Yearly,2022-11-28
S1672,670163a0-e,Standard,6.5,Monthly,2021-10-10
S1673,6e85763b-6,Basic,12.09,Yearly,2026-01-28
S1674,bd7b14ad-9,Standard,7.4,yearly,2025-02-02
S1675,6d4ab791-c,Basic,8.22,Yearly,2024-08-11
S1676,3cac6c79-a,Standard,18.04,Monthly,2023-06-15
S1677,c7227642-8,Basic,9.26,Yearly,2022-10-12
S1678,39685cc9-6,Basic,6.99,Monthly,2026-01-01
S1679,d737664a-7,Basic,8.45,Yearly,2025-03-12
S1680,2670f2e4-0,Standard,13.04,Monthly,2023-07-16
S1681,c3ea8482-0,Premium,7.94,Monthly,2024-03-07
S1682,f96c3ee1-8,Premium,9.11,Monthly,2022-11-03
S1683,e3a1c543-4,Basic,6.79,Yearly,2025-03-18
S1684,49a459c7-0,Premium,21.5,Monthly,2025-07-11
S1685,e27b4aed-8,Basic,9.77,Monthly,2025-05-19
S1686,27ed2dad-6,Premium,18.46,Yearly,2021-05-23
S1687,5481a765-0,Standard,15.21,Monthly,2025-05-14
S1688,e5157abc-8,Premium,19.89,Yearly,2022-01-31
S1689,84f5a59c-c,Basic,4.31,Yearly,2021-06-29
S1690,46f172f7-1,Premium,4.22,Monthly,2023-11-22
S1691,8d2af477-2 ,Standard,17.96,Yearly,2023-08-18
S1692,5f97b449-6,,8.43,Yearly,2022-01-19
S1693,00dd1616-b,Basic,23.78,Yearly,2022-06-16
S1694,897131f2-2,Premium,12.48,Yearly,2022-11-08
S1695,1954e35a-b,Basic,10.68,Monthly,2021-09-16
S1696,33f6b4a2-0,Standard,23.18,Yearly,2023-07-08
S1697,7c87a108-6,Basic,21.62,Yearly,2025-05-24
S1698,33ff7563-d,Standard,12.19,Monthly,2021-12-14
S1699,f7a317d5-4,Standard,18.01,Monthly,2025-02-11
S1700,b7ee609e-f,Standard,10.1,Monthly,2025-11-29
S1701,38637122-c,Standard,9.05,Monthly,
S1702,d041a235-3,Basic,11.45,Monthly,2023-09-13
S1703,d32203eb-b,Premium,15.02,Monthly,2025-08-15
S1704,e5bc1696-9,Premium,21.36,Yearly,2024-09-09
S1705,b2d8d2a2-5,Premium,23.66,Monthly,2023-11-04
S1706,3e2aa667-4,Basic,22.49,Yearly,2022-01-30
S1707,cc0f1d02-a,Basic,10.53,Yearly,2021-06-15
S1708,abf071a6-d,Premium,8.65,Monthly,2023-03-24
S1709,4c22a5b2-3,Standard,8.61,Monthly,2024-11-04
S1710,0a92518a-d,Standard,23.25,Monthly,2025-09-04
S1711,1e01fd83-5,Standard,9.77,Yearly,2023-07-15
S1712,126d1634-1,Basic,24.15,Yearly,2025-10-18
S1713,f452d47d-a,Basic,14.67,Yearly,2025-05-24
S1714,a9979d9c-d,Basic,14.69,Yearly,2023-09-24
S1715,d9d40bc1-d,Standard,19.74,Yearly,2024-06-17
S1716,3811646f-0,Standard,10.16,Monthly,2022-01-20
S1717,0acd064c-0,Basic,19.45,Monthly,2022-12-14
S1718,0a366d2b-e,Premium,12.27,Monthly,2022-03-12
S1719,3d2c5314-8,Standard,5.73,Yearly,2025-05-01
S1720,ee9e8990-4,Standard,23.82,Monthly,2022-05-10
S1721,ef3ab4f8-0,Standard,6.26,Yearly,2024-12-29
S1722,b376168b-4,Premium,20.95,Yearly,2021-07-07
S1723,569f05e9-d,Basic,18.07,Monthly,2025-05-13
S1724,994be9c6-d,Premium,19.65,Monthly,2022-10-31
S1725,5e3b005a-a,Premium,21.95,Monthly,2024-08-21
S1726,661e1d0c-c,Basic,22.45,Yearly,2022-07-27
S1727,53e6016a-1,Premium,3.46,Monthly,2023-12-02
S1728,40015b1e-f,Basic,15.96,Yearly,2024-01-06
S1729,bdbd6816-6,Premium,23.41,Monthly,2023-09-10
S1730,20b447e4-c,Standard,6.29,Monthly,2021-05-06
S1731,d9adf589-7,Basic,11.48,Yearly,2025-07-06
S1732,8f4eca91-5,Standard,6.58,Y3arly,2023-06-25
S1733,8c181f4f-0,Premium,13.44,Monthly,2024-10-08
S1734,0b799dbf-5,Basic,19.43,Yearly,2021-08-02
S1735,9af8f995-b,Premium,20.79,Yearly,2024-06-17
S1736,15187639-7,Basic,15.24,Yearly,2023-03-24
S1737,b4e27e97-2,Standard,12.09,Yearly,2022-05-08
S1738,ecb1d37d-3,Basic,4.34,Monthly,2024-06-04
S1739,93856883-1,Premium,17.45,Yearly,2024-08-09
S1740,1fe368ed-3,Premium,4.79,Monthly ,2025-06-01
S1741,3d25b91c-7,Premium,15.36,Monthly,2024-11-18
S1742,2eea00e9-0,Standard,13.92,Yearly,2025-03-23
S1743,355efe07-b,Standard,20.41,Monthly,2023-10-28
S1744,317ed4b7-e,Basic,4.19,Monthly,2021-05-11
S1745,a08125f1-2,Standard,22.37,Monthly,2021-08-31
S1746,d759c701-6,Premium,3.37,Yearly,2025-05-17
S1747,57167fd8-d,Premium,,Monthly,2024-05-30
S1748,6660793b-1,Standard,21.42,Monthly,2023-06-23
S1749,d4d1f2dd-2,Basic,16.44,Yearly,2021-09-01
S1750,23060ea1-6,Standard,9.9,Monthly,2024-12-24
S1751,35850270-c,Premium,15.92,Yearly,2025-02-07
S1752,5109fc11-c,Basic,16.45,,2025-10-12
S1753,58b2e469-0,Standard,8.82,Monthly,2025-09-26
S1754,e1c16423-9,Standard,3.89,Monthly,2023-10-17
S1755,605e0927-d,Basic,24.34,Yearly,2023-09-17
S1756,a1ae2206-f,Standard,5.16,Monthly,2021-05-23
S1757,b5307199-3,Basic,4.55,Monthly,2021-07-08
S1758,423d0a5b-a,Premium,18.54,Yearly,2021-05-25
S1759,b01b495b-d,Premium,5.75,Monthly,2021-09-04
S1760,f850b8ab-6,Basic,18.98,Monthly,2021-10-24
S1761,66c540a6-8,Basic,10.81,Yearly,2021-02-22
S1762,1a402ec5-7,Basic,4.34,Monthly,2021-09-21
S1763,360e731d-6,Basic,19.81,Monthly,2022-10-03
S1764,801873bb-1,Basic,12.64,Monthly,2023-10-20
S1765,2554e55a-7,Premium,20.12,Monthly,2023-03-20
S1766,be15b9be-9,Premium,6.08,Monthly,2024-10-25
S1767,98270362-4,Premium,7.08,Yearly,2021-04-16
S1768,30eaac93-b,Standard,16.39,Yearly,2021-12-11
S1769,4adbf088-1,Premium,18.0,Monthly,2021-03-25
S1770,2efd199a-3,Premium,9.64,Yearly,2023-01-27
S1771,b3ec33ab-a,Basic,7.78,Yearly,2025-03-03
S1772,5abc8f82-6,Basic,14.46,Monthly,2023-04-09
S1773,7064a15c-e,Premium,24.34,Yearly,2022-12-03
S1774,fd9ff7f3-2,Basic,12.83,Yearly,2024-12-05
S1775,d208912e-d,Basic,15.98,Monthly,2022-11-01
S1776,7a0f8ca6-a,Premium,23.63,Yearly,2024-06-11
S1777,b833b07d-5,Basic,7.5,Monthly,2025-11-02
S1778,fdcf3ce7-4,Standard,13.33,Yearly,2022-10-04
S1779,1b836c54-2,Basic,7.07,Monthly,2022-12-24
S1780,e7161900-3,Standard,19.58,Yearly,2024-02-13
S1781,8d2fbdaa-e,Standard,14.61,Monthly,
S1782,da1d050b-5,Basic,19.96,Monthly,2022-09-21
S1783,382d373f-1,Premium,10.1,Yearly,2022-01-21
S1784,9c798a7d-3,Basic,20.19,Yearly,2024-03-29
S1785,60d80663-5,Premium,19.12,Yearly,2025-07-17
S1786,dca9dcbf-9,Basic,22.78,Monthly,2023-04-09
S1787,c1e8767e-0,Standard,12.12,Monthly,2021-04-07
S1788,06675d9f-8,Premium,19.59,Monthly,2025-08-16
S1789,684ef81f-e,Premium,15.64,Monthly,2023-05-23
S1790,736cd08a-c,Basic,24.05,Yearly,2023-04-17
S1791,ce5be464-1,Basic,20.72,Yearly,2024-02-25
S1792,170d1a35-9,Standard,16.03,Monthly,2024-05-21
S1793,cb2e9bf0-b,Standard,15.59,Monthly,2021-07-02
S1794,b738d1a1-0,Basic,,Yearly,2024-10-12
S1795,3a526c88-9,Basic,10.64,Yearly,2024-02-13
S1796,48e3b5c6-9,Basic,,Monthly,2021-03-23
S1797,d6132ce6-3,Standard,13.41,Yearly,2021-09-01
S1798,7fe7a9cc-5,Basic,7.17,Monthly,2023-06-14
S1799,7ed56b1b-8,Basic,13.49,Monthly,2025-04-26
S1800,b8db4434-3,Standard,15.52,Yearly,2024-03-14
S1801,6b4b3396-b,Premium,10.9,Yearly,2023-04-23
S1802,6ae5e872-5,Standard,,Yearly,2021-05-19
S1803,5a4ff6e0-a,Basic,8.54,Yearly,2023-09-19
S1804,377da03d-1,Standard,9.8,Yearly,2021-12-12
S1805,d42d6f8e-6,Standard,23.46,Yearly,2022-04-19
S1806,3d737cec-1,Standard,23.61,Yearly,2022-06-14
S1807,e426bf38-0,Premium,17.78,Yearly,2024-11-27
S1808,40674a79-8,Standard,13.24,Yearly,2022-11-23
S1809,03fd9ebd-a,,5.72,Monthly,2025-01-27
S1810,f98c5ca6-7,Premium,5.2,Monthly,2021-10-10
S1811,d7b1364e-1,Basic,13.27,Yearly,2025-08-01
S1812,bf312f4a-7,Premium,4.48,Yearly,2021-02-15
S1813,198817f4-9,Basic,6.34,Yearly,2021-03-27
S1814,583bcc00-4,Standard,16.04,Yearly,2023-10-31
S1815,fd87053e-5,Basic,17.66,Monthly,2023-04-11
S1816,f86fe376-d,Basic,24.13,Yearly,2025-05-12
S1817,c5b3a844-f,Standard,20.87,Monthly,2024-08-12
S1818,5671f49a-1,Premium,24.69,Monthly,2022-03-29
S1819,d6789517-f,Standard,9.13,Monthly,2022-06-09
S1820,b38c505b-a,Basic,14.19,Monthly,2025-01-07
S1821,f15a656b-d,Basic,16.27,Yearly,2023-03-06
S1822,4be6f009-e,Basic,22.33,Monthly,2022-04-23
S1823,915f1aac-1,Basic,3.86,Yearly,2023-07-31
S1824,82e1a6c0-6,Premium,11.22,Monthly,2025-08-09
S1825,0329cbf1-1,Premium,12.27,Monthly,2024-07-26
S1826,61365364-5,Premium,18.18,Monthly,2021-08-12
S1827,bba5475d-7,Basic,16.42,Yearly,2021-03-06
S1828,a15df183-3,Standard,7.58,Monthly,2021-12-06
S1829,d4f4775a-a,Basic,3.27,Monthly,2021-08-31
S1830,37b61b3a-8,Standard,14.6,Yearly,2024-02-29
S1831,f86f22bc-d,Premium,10.06,Monthly,2021-06-18
S1832,ee160128-7,Premium,7.39,Monthly,2023-10-17
S1833,3afa9527-a,Premium,15.34,Monthly,2022-01-04
S1834,978205db-6,Basic,14.0,Monthly,2024-03-27
S1835,c6f09175-b,Basic,24.6,Yearly,2022-03-20
S1836,e88eb4ac-f,Basic,9.52,Yearly,2025-10-16
S1837,98f1a850-3,Premium,16.4,Yearly,2021-10-13
S1838,ab51eb91-3,Premium,20.23,Yearly,2023-06-22
S1839,e18f9155-a,Basic,8.41,Monthly,2025-05-15
S1840,35527a52-1,Basic,12.68,Monthly,2025-09-22
S1841,f60c7652-0,Premium,12.41,Monthly,2022-11-30
S1842,42a098ed-b,Basic,23.63,Yearly,2023-07-18
S1843,398fd703-2,Standard,7.64,Yearly,2025-09-01
S1844,1b16e878-e,Premium,,Monthly,2023-05-31
S1845,d9dc6e11-0,Premium,4.05,Yearly,2023-09-21
S1846,41183f07-c,Basic,10.35,Yearly,2022-07-30
S1847,7f73db32-5,Standard,13.55,Yearly,2026-01-26
S1848,e4aa0cb8-7,Standard,20.25,Monthly,2022-09-13
S1849,06afd9d5-a,Premium,4.57,Yearly,2025-08-24
S1850,7ee4cdc6-f,Premium,7.41,Yearly,2024-12-22
S1851,ca0a0779-1,Standard,9.13,Monthly,2025-08-24
S1852,57984a9d-6,Premium,5.96,Yearly,2024-06-07
S1853,931ec4a8-f,Basic,9.68,Monthly,2023-03-31
S1854,94badb52-8,Basic,11.11,Yearly,2022-11-19
S1855,49fbc0a3-d,Standard,4.62,Yearly,2021-08-23
S1856,e5130826-9,Standard,4.22,Yearly,
S1857,d52f466d-4,Premium,9.93,Yearly,2022-04-06
S1858,0cccaa60-9,Premium,6.91,Monthly,2024-12-02
S1859,,Basic,22.99,Monthly,2023-03-13
S1860,6920d5d7-7,Premium,21.43,Yearly,2024-01-01
S1861,1a91d56e-9,Basic,8.93,Monthly,2023-09-09
S1862,5d034c7a-3,Standard,5.29,Monthly,2024-07-09
S1863,61a97199-1,Basic,24.51,Yearly,2023-04-07
S1864,60d03f86-7,Basic,7.12,Monthly,2021-08-13
S1865,079bbff6-2,Standard,11.47,Monthly,2024-10-20
S1866,bc9a3751-1,Basic,7.71,Yearly,2023-09-28
S1867,97975b99-5,Standard,24.58,Monthly,2024-08-14
S1868,791cc6f3-b,Basic,23.73,Yearly,2021-11-07
S1869,9012950b-8,Standard,16.48,Yearly,2024-08-11
S1870,68bc8ac4-2,Basic,12.86,Monthly,2024-11-05
S1871,cb5df2eb-9,Standard,5.62,Monthly,2021-06-17
S1872,d6000c04-e,Standard,5.88,Monthly,2024-06-24
S1873,32508d52-7,Premium,18.43,Monthly,2025-02-14
S1874,c03b3355-3,Premium,18.53,Monthly,2022-06-06
S1875,a5e60320-5,Basic,11.04,Monthly,2022-05-28
S1876,c39f5cdf-4,Basic,24.12,Y3arly,2022-07-11
S1877,a5e9fc10-5,Basic,20.51,Monthly,2024-11-27
S1878,504dc54f-4,Premium,24.73,Yearly,2021-07-02
S1879,4c46eb48-2,Premium,7.86,Yearly,2025-09-27
S1880,84620a80-4,Standard,19.63,Monthly,2025-06-17
S1881,2c2f247d-a,Basic,7.93,Monthly,2024-12-07
S1882,da331b3f-f,Standard,15.79,Yearly,2023-07-29
S1883,2d1b9ac9-7,Basic,19.6,Yearly,2025-09-07
S1884,3c2f5c91-f,Basic,11.69,Monthly,2024-08-27
S1885,fe2c9780-b,Premium,24.38,Yearly,2025-09-05
S1886,c20fe484-6,Standard,21.25,Yearly,2022-06-02
S1887,7712ebc7-d,Basic,20.57,Yearly,2022-10-12
S1888,a892d45b-b,Standard,9.31,Monthly,2025-08-13
S1889,55b73dd2-5,,14.67,Monthly,2022-02-03
S1890,e37e94fb-c,Premium,8.47,Monthly,2025-05-01
S1891,70b784a1-a,Premium,4.16,Yearly,2025-08-24
S1892,7fc70a01-1,Premium,23.97,Yearly,2024-02-21
S1893,bfb9f2ad-3,Basic,23.68,Yearly,2024-07-02
S1894,26693ad4-2,Standard,5.0,Monthly,2023-04-19
S1895,dd7fd9a7-7,Premium,17.83,Monthly,2025-05-01
S1896,486d4a0a-e,Basic,8.9,Monthly,2024-12-16
S1897,13726e9b-c,Premium,20.01,Monthly,2023-02-18
S1898,51a2af90-b,Premium,5.99,Monthly,2025-12-06
S1899,fe2bfd90-9,Basic,4.62,Monthly,2022-12-26
S1900,3f981b10-7,Premium,10.62,Monthly,2022-04-26
S1901,d1daaae2-7,Standard,5.92,Monthly,2021-12-11
S1902,79b9f92f-6,Basic,,Monthly,2025-06-03
S1903,bdcade3f-2,Standard,18.4,Yearly,2021-04-09
S1904,2aad6a1e-6,Pr3mium,24.45,Monthly,2022-09-15
S1905,17c31b92-d,Standard,8.33,Yearly,2023-08-04
S1906,9c3f1daf-0,Premium,3.75,Monthly,2023-03-01
S1907,1832c8c0-f,Premium,12.96,Yearly,2025-06-07
S1908,eb0f55ac-1,Basic,18.56,Yearly,2023-02-28
S1909,82d98587-5,Standard,22.7,Yearly,2022-07-16
S1910,d2cf7d25-0,Standard,21.12,Yearly,2025-05-19
S1911,888e29dc-7,Premium,22.34,Monthly,2022-05-01
S1912,15befc0d-d,Standard,9.62,Monthly,2023-11-26
S1913,ad0c3fa5-8,Standard,8.94,Yearly,2025-05-18
S1914,d191524c-6,Standard,6.99,Monthly,2024-03-16
S1915,e213c9b7-3,Basic,22.84,Yearly,2021-03-18
S1916,70ad7cbd-e,Premium,8.35,Monthly,2024-11-12
S1917,1b813fcf-4,Standard,5.74,Monthly,2025-05-22
S1918,16c6ef06-0,Premium,16.38,Yearly,2025-10-17
S1919,5df568f1-a,Premium,21.6,Monthly,2022-09-07
S1920,d2d2ebf9-7,Premium,11.36,Monthly,2025-08-16
S1921,bad50bfa-0,Basic,11.93,Yearly,2021-12-29
S1922,d6a3e025-2,Standard,5.47,Monthly,2023-06-28
S1923,d496a005-5,Premium,20.64,Yearly,2021-10-16
S1924,acf84317-0,Basic,13.75,Yearly,2023-09-01
S1925,bfdfa67a-0,Premium,20.09,Monthly,2022-10-28
S1926,ce7acd44-8,Premium,12.58,Yearly,2024-01-15
S1927,6b57aa5c-d,Basic,10.34,Yearly,2022-05-08
S1928,8854fbd5-8,Premium,24.07,Yearly,2024-12-31
S1929,f8b65886-3,Standard,8.11,Yearly,2022-01-19
S1930,5786ed91-8,Standard,7.45,Monthly,2023-02-18
S1931,4397afb8-b,Standard,24.12,Yearly,2025-05-15
S1932,86e10e1d-4,Standard,11.63,Yearly,2022-02-25
S1933,9ed1b8cc-9,Premium,16.88,Monthly,2024-06-28
S1934,feeee7a9-1,Premium,12.29,Monthly,2022-07-15
S1935,18843cbe-6,Premium,20.89,Monthly,2024-05-09
S1936,cdb19cbc-a,Premium,9.49,Monthly,2022-11-07
S1937,c3d7dcb5-1,Standard,21.69,Monthly,2023-01-21
S1938,a82846c3-d,Standard,23.69,Monthly,2021-02-17
S1939,01197e99-2,Standard,3.64,Monthly,2022-01-30
S1940,bf35a594-9,Basic,17.93,Monthly,2025-12-21
S1941,5b2d22d0-9,Premium,20.41,Yearly,2022-06-09
S1942,26cc40b4-f,,3.29,Monthly,2022-04-29
S1943,3a92a8f9-1,Premium,11.78,Yearly,2023-03-22
S1944,8f97ec81-1,Premium,8.68,Yearly,2023-11-26
S1945,7ec81fdf-0,Basic,19.97,Yearly,2023-04-24
S1946,84166188-e,Basic,10.23,Monthly,2025-06-14
S1947,6ecf3080-5,Basic,11.0,Yearly,2022-05-02
S1948,ace7bc64-7,Basic,20.79,Yearly,2021-04-15
S1949,d474f41b-0,Premium,16.16,Yearly,2023-09-03
S1950,c0b31228-b,Standard,5.48,Yearly,2023-10-10
S1951,d11671e3-3,Premium,11.87,Monthly,2025-12-28
S1952,16a30146-8,Premium,23.99,Monthly,2022-04-15
S1953,9a2352f0-d,Basic,8.06,Monthly,2025-07-12
S1954,819b9ff7-f,Premium,6.01,Monthly,2023-06-25
S1955,e8ad73d6-8,Standard,20.25,Yearly,2021-10-07
S1956,06f2d0d4-a,Standard,10.93,Monthly,2022-11-06
S1957,b95528fa-2,Standard,16.39,Yearly,2021-05-13
S1958,2efba5f3-a,Basic,6.25,Yearly,2023-04-01
S1959,a0d3dd04-5,Standard,24.62,Monthly,2023-05-12
S1960,49c867b7-b,Standard,10.85,Monthly,2024-10-09
S1961,fc3d4909-5,Basic,23.08,Yearly,2021-02-20
S1962,9edd1b6f-d,Standard,24.43,Monthly,2023-07-11
S1963,4302af84-7,Standard,19.31,Monthly,2022-02-20
S1964,01c15739-d,Standard,22.18,Yearly,2025-09-23
S1965,82fb1ff5-d,Standard,18.75,Monthly,2021-08-02
S1966,2be5a59e-6,Basic,17.98,Yearly,2021-03-02
S1967,ad73f9e0-3,Standard,21.04,Monthly,2024-09-06
S1968,9b652c52-4,Standard,21.98,Yearly,2023-12-30
S1969,08714458-a,Basic,19.49,Monthly,2024-04-29
S1970,f092dd4c-7,Basic,17.94,Yearly,2023-01-07
S1971,bd24b941-e,Standard,19.12,Monthly,2025-04-20
S1972,1b3a6ffa-7,Standard,7.02,Yearly,2023-02-26
S1973,a8b981b8-0,Standard,7.9,Monthly,2021-08-20
S1974,db74c466-f,Standard,16.07,Yearly,2024-10-11
S1975,3b06f0e6-4,Premium,13.08,Monthly,2022-01-23
S1976,a38ad0bd-b,Basic,22.38,Yearly,2021-05-11
S1977,81d531cc-f,Standard,15.77,Monthly,2025-01-02
S1978,da462fb3-4,Basic,6.19,Monthly,2025-05-01
S1979,6f52f4e8-9,Premium,15.35,Monthly,2023-02-10
S1980,26354c2e-c,Basic,5.36,Yearly,2021-07-08
S1981,33dac435-8,Standard,8.33,Monthly,2024-06-21
S1982,c6e88a17-2,Premium,22.46,Monthly,2026-01-08
S1983,165b0776-2,Premium,3.44,Monthly,2025-12-21
S1984,cc636d28-8,Standard,4.26,Monthly,2023-01-14
S1985,7afaff4f-0,Basic,21.85,Yearly,2024-09-30
S1986,08714754-2,Basic,4.88,Monthly,2021-10-17
S1987,9084c211-d,Premium,5.5,Monthly,2022-09-29
S1988,,Premium,9.26,Monthly,2021-07-08
S1989,ce4da1bc-8 ,Standard,16.84,Monthly,2024-11-03
S1990,43f0d3a8-2,Basic,5.89,Yearly,2025-09-05
S1991,cb3468ff-b,Premium,20.23,Monthly,2022-02-06
S1992,8ce40dbc-9,Premium,4.03,Monthly,2021-09-13
S1993,c718d72d-c,Standard,22.68,Monthly,2023-07-09
S1994,5c11d6d8-6,Standard,14.31,Yearly,2023-07-05
S1995,4d306c0d-5,Premium,11.57,Yearly,2024-06-26
S1996,4fea5276-2,Basic,11.4,Monthly,2023-02-16
S1997,8cf4ad2c-2,Premium,3.82,Yearly,2024-04-15
S1998,f7d25c09-e,Basic,5.37,Yearly,2026-01-13
S1999,653ba420-d,Standard,14.17,,2025-11-25
S2000,8fa2cb68-1,Standard,9.47,Yearly,2025-07-12
S2001,2568a9bf-5,Basic,18.63,Monthly,2025-07-13
S2002,88d089f0-7,Standard,22.45,Monthly,2025-05-13
S2003,3e7e27f4-8,Basic,4.38,Monthly,2022-06-14
S2004,6173c1c8-b,Basic,23.88,Yearly,2024-10-11
S2005,,Standard,13.1,Monthly,2025-05-24
S2006,d22c5048-0,Basic,8.39,Yearly,2025-07-23
S2007,d032e1e1-1,Standard,8.78,Monthly,2024-09-19
S2008,ca38f0e7-2,Premium,13.78,Monthly,2023-09-13
S2009,05952fe1-f,Standard,6.51,Monthly,2021-12-13
S2010,995162f3-a,Basic,20.71,Yearly,2023-10-14
S2011,276eb9d1-5,Standard,21.36,Monthly,2021-11-17
S2012,be608705-d,Basic,11.38,Monthly,2024-10-09
S2013,cb90b0d5-1,Basic,,Monthly,2023-05-05
S2014,1ed5239b-c,Premium,13.21,Monthly,2023-01-08
S2015,598afacd-7,Premium,10.3,Yearly,2023-01-30
S2016,b9847f09-5,Premium,9.5,Monthly,2023-02-26
S2017,f6fe84aa-1,Standard,13.68,Monthly,2025-06-23
S2018,994dfa6e-b,Basic,6.1,Monthly,2024-04-25
S2019,58c557ff-0,Basic,7.37,Monthly,2024-08-27
S2020,8b8496d2-6,Basic,5.23,Yearly,2024-12-18
S2021,b6953450-4,Premium,19.34,Monthly,2023-04-02
S2022,811882d8-3,Basic,16.25,Yearly,2025-05-05
S2023,,Premium,4.49,Monthly,2025-02-05
S2024,fa03e64c-9,Basic,8.71,Monthly,2021-02-16
S2025,0c38e3fb-3,Basic,10.73,Monthly,2023-06-20
S2026,a9b473b6-0,Standard,20.32,Monthly,2024-04-25
S2027,15941d16-7,Basic,22.33,Yearly,2022-07-14
S2028,47c42826-a,Premium,14.12,Monthly,2025-01-24
S2029,5ec3bd4f-f,Premium,16.93,Yearly,2021-03-18
S2030,c3f6898a-6,Standard,7.49,Yearly,2025-08-04
S2031,ee0341bd-2,Standard,13.63,Monthly,2022-02-18
S2032,0f480340-3,Basic,13.5,Yearly,2022-06-24
S2033,38c94ac8-7,Basic,20.4,Monthly,
S2034,53ed904b-8,Standard,22.42,Yearly,2025-06-29
S2035,d29928cf-b,Basic,14.84,Monthly,2023-08-15
S2036,f6064001-5,Premium,15.82,Yearly,2021-04-01
S2037,29ed206e-e,Standard,12.92,Yearly,2023-12-28
S2038,74fb43b2-4,Premium,6.14,Yearly,2023-06-01
S2039,a188c051-e,Standard,13.36,Yearly,2025-10-14
S2040,40966cee-0,Basic,10.07,Yearly,2022-10-17
S2041,3e796939-2,Standard,24.07,Yearly,2021-06-07
S2042,d6c8e904-7,Premium,5.32,Monthly,2024-12-02
S2043,e5e84b8e-f,Premium,19.51,Yearly,2022-02-19
S2044,c57a2ee7-e,Basic,12.29,Yearly,2023-08-16
S2045,2f6b56e0-9,Standard,6.58,Monthly,2021-05-26
S2046,d8d32c35-c,Standard,24.89,Monthly,2021-12-30
S2047,2bae69f9-e,Basic,4.46,Monthly,2021-07-04
S2048,cb334f2d-b,Premium,18.94,Yearly,2023-03-28
S2049,3e0726e0-f,Premium,14.86,Monthly,2025-07-05
S2050,ce055b2e-c,Standard,13.72,Monthly,2021-07-27
S2051,0bd0b5a3-5,Premium,15.26,Monthly,2022-02-22
S2052,6ce79e69-3,Basic,15.8,Yearly,2025-02-09
S2053,dd9920f9-0,Standard,8.75,Monthly,2024-12-26
S2054,d5d6b8aa-0,Premium,20.98,Yearly,2022-06-04
S2055,f8a2df64-3,Premium,6.9,Monthly,2023-03-09
S2056,1ae16e4c-2,Standard,21.46,Monthly,2021-10-19
S2057,8364c8b4-c,Standard,15.71,Monthly,2021-07-03
S2058,97830d2b-2,Standard,7.5,Monthly,2023-07-20
S2059,8ea2a12d-f,Standard,20.43,Yearly,2021-08-13
S2060,550210af-f,Premium,20.83,Monthly,2023-07-06
S2061,18979a4c-b,Standard,22.2,Yearly,2023-12-09
S2062,213d42aa-3,Basic,14.21,Yearly,2022-12-12
S2063,96d0d081-8,Basic,13.52,Monthly,2021-07-08
S2064,10794bbf-d,Basic,,Yearly,2025-09-03
S2065,e15b8c57-7,Basic,19.41,Monthly,2022-06-30
S2066,0c6a4d3b-4,Standard,7.22,Yearly,2023-07-12
S2067,9a16a3ec-b,Premium,6.74,Yearly,2025-11-11
S2068,918a8328-0,Premium,11.7,Yearly,2023-03-21
S2069,e57653e0-a,Basic,5.19,Yearly,2023-11-18
S2070,,Standard,12.39,Yearly,2022-11-11
S2071,dc42622d-3,Basic,10.04,Yearly,2023-04-01
S2072,83835428-3,Premium,3.16,Monthly,2023-03-24
S2073,812a502f-e,Basic,7.36,Yearly,2022-03-23
S2074,61c0c17a-f,Premium,6.66,Monthly,2023-03-04
S2075,01d33dcb-c,Premium,11.94,Monthly,2024-08-02
S2076,45ec5f42-3,Basic,11.01,Monthly,2024-11-22
S2077,2c369f20-3,Premium,14.92,Monthly,2026-01-05
S2078,4738a046-8,Basic,6.49,Yearly,2025-09-20
S2079,e54f01f6-e,Basic,24.88,Monthly,2025-01-19
S2080,e3d1cd68-8,Standard,23.93,Monthly,2023-01-11
S2081,83ecf660-1,Premium,15.52,Monthly,2022-02-22
S2082,0603f1df-1,Basic,19.87,Yearly,2023-05-31
S2083,ce76824e-1,Basic,11.54,Monthly,2025-02-03
S2084,0aefaa0a-5,Standard,9.34,Yearly,2024-08-10
S2085,0d96f9ec-9,Premium,18.64,Yearly,2022-07-06
S2086,32f807d5-e,Standard,8.1,Monthly,2025-11-13
S2087,5e7debd3-e,Premium,13.82,Yearly,2025-12-19
S2088,7516e7ef-0,Standard,3.55,Monthly,2025-09-26
S2089,31027765-7,Basic,12.47,Monthly,2022-03-08
S2090,bf86c00e-e,Standard,20.16,Yearly,2023-10-04
S2091,028f0177-d,Basic,23.85,Monthly,2021-11-16
S2092,ba480712-a,Basic,21.79,Yearly,2022-07-27
S2093,becaecff-b,Basic,5.67,Yearly,2023-11-13
S2094,05c3e4fd-1,Standard,15.68,Monthly,2025-06-01
S2095,fe956ecd-c,Premium,7.08,Monthly,2023-12-22
S2096,84db5263-e,Basic,11.59,Monthly,2021-06-30
S2097,b13e054b-9,Basic,18.52,Yearly,2022-09-20
S2098,1a237031-9,Standard,24.37,Monthly,2021-08-06
S2099,962953ba-a,Basic,23.72,Monthly,2022-02-21
S2100,42bb3d0d-9,Standard,17.7,Yearly,2022-02-21
S2101,9e396698-2,Premium,15.15,Yearly,2025-12-05
S2102,afec272e-9,Standard,15.96,Monthly,2022-10-01
S2103,2086b491-a,Basic,15.95,Monthly,2022-06-07
S2104,95bf20f4-5,Premium,18.96,Yearly,2023-04-07
S2105,8b61f084-d,Standard,19.75,Yearly,2024-03-13
S2106,2863aae3-c,Basic,15.04,Monthly,2023-09-30
S2107,a0b260dd-3,Basic,13.96,Monthly,2024-01-01
S2108,75c43048-1,Premium,18.26,Yearly,2022-01-13
S2109,5700921a-f,Premium,22.96,Yearly,2022-12-24
S2110,a97a4795-8,Standard,23.65,Yearly,2023-03-19
S2111,66f4a01e-4,Premium,22.16,Yearly,2021-11-01
S2112,f2e3950d-7,Basic,13.44,Yearly,2025-10-16
S2113,473167d2-8,Standard,24.74,Monthly,2025-12-05
S2114,,Basic,9.56,Yearly,2021-02-25
S2115,91836e48-0,Standard,24.86,Yearly,2024-12-21
S2116,9f11cda4-b,Premium,11.69,Monthly,2022-02-22
S2117,f96139a7-a,Standard,19.83,Yearly,2023-07-27
S2118,c070d024-5,Standard,4.4,Yearly,2025-08-01
S2119,ab4b4b9d-d,Basic,4.54,Yearly,2023-07-12
S2120,1dfd9667-a,Basic,23.2,Yearly,2022-09-04
S2121,296b511c-a,Premium,15.58,Yearly,2022-11-18
S2122,f59585c3-1,Basic,10.42,Yearly,2024-06-20
S2123,3cbf66d9-1,Premium,14.09,Yearly,2021-10-24
S2124,209ed51e-c,Premium,21.62,Monthly,2023-01-08
S2125,5e9b87b3-6,Standard,15.19,Monthly,2023-02-26
S2126,95bfae3b-e,Premium,7.16,Yearly,2021-09-29
S2127,d5b8e9aa-5,Premium,21.85,Monthly,2025-02-21
S2128,911bf84a-7,Basic,22.21,Monthly,2025-08-11
S2129,210c3b2a-a,Basic,15.37,Monthly,2024-09-21
S2130,936d76e7-f,Premium,19.07,Monthly,2025-08-11
S2131,e7ee9eed-1,,19.77,Yearly,2022-09-10
S2132,0ca4df6b-5,Standard,9.11,Yearly,2023-04-07
S2133,2d91c5a2-7,Basic,8.57,Monthly,2024-09-27
S2134,0fedda42-0,Premium,4.19,Monthly,2022-11-13
S2135,298e94d3-b,Standard,7.67,Monthly,2024-07-18
S2136,38015333-9,Premium,13.53,Monthly,2023-03-15
S2137,91ae3cf8-c,Standard,22.59,Yearly,2024-10-03
S2138,4a5cde44-7,Premium,12.78,Yearly,2024-08-22
S2139,8099b3d5-e,Premium,21.96,Yearly,2023-12-05
S2140,99100cf9-6,Basic,5.58,Yearly,2021-12-29
S2141,de67c9a6-f,Standard,12.31,Monthly,2025-02-16
S2142,52632a6f-0,Standard,3.75,Yearly,2024-02-21
S2143,1113800f-5,Premium,17.49,Yearly,2022-07-08
S2144,185e3dcd-7,Basic,14.97,Monthly,2022-09-24
S2145,0cf58e5d-f,Premium,12.49,Monthly,2025-03-06
S2146,4594ff87-d,Premium,9.99,Yearly,2022-11-16
S2147,71157d35-a,Basic,10.8,Yearly,2023-08-25
S2148,7a793b93-7,Premium,10.11,Yearly,2021-04-19
S2149,e81ffa96-f,Standard,9.3,Yearly,2024-03-29
S2150,85019fef-c,Basic,9.61,Monthly,2023-08-28
S2151,a7149ea2-3,Premium,22.33,Monthly,2022-03-12
S2152,20356398-2,Standard,13.41,Yearly,2021-03-01
S2153,2f2d9294-4,Premium,24.58,Yearly,2023-11-07
S2154,69b2d72e-8,Standard,14.44,Monthly,2025-12-01
S2155,643f0402-2,Standard,23.87,Yearly,2024-02-09
S2156,7f347941-d,Premium,23.22,Monthly,2024-02-01
S2157,b436d0c5-4,Premium,23.4,Yearly,2024-12-26
S2158,,Premium,21.62,Monthly,2024-10-21
S2159,eb0a61ec-3,Basic,10.55,Yearly,2021-10-27
S2160,053d2aa5-2,Basic,8.65,Yearly,2023-08-28
S2161,e9dd6912-0,Basic,23.58,Yearly,2024-09-16
S2162,0adf44fb-d,Standard,20.72,,2022-07-25
S2163,5700b72a-7,Premium,23.0,Yearly,2022-09-29
S2164,e81d3cf6-9,Premium,4.18,Monthly,2022-09-03
S2165,2cb5ab9c-5,Standard,23.59,Monthly,2024-08-11
S2166,62e2cc58-2,Basic,5.79,Monthly,2024-06-19
S2167,570634da-3,Basic,19.59,Monthly,2025-06-27
S2168,c9ddcd8a-c,Premium,6.98,Monthly,2022-07-10
S2169,4f92fb0f-3,Standard,23.52,Monthly,2023-02-23
S2170,64a58107-8,Basic,15.5,Yearly,2023-10-23
S2171,f1ee696c-f,Premium,4.89,Monthly,2024-10-10
S2172,55b46491-7,Basic,3.78,Monthly,2024-07-30
S2173,e01121a9-e,Standard,19.22,Monthly,2022-05-24
S2174,7bd32741-0,Standard,15.17,Yearly,2024-09-14
S2175,b6b9d317-4,Standard,3.51,,2022-07-02
S2176,ac3ed2b9-c,Premium,9.28,Monthly,2024-10-30
S2177,898f9019-3,Premium,23.67,Monthly,2022-10-06
S2178,9a6782e1-d,Premium,9.53,Monthly,2023-02-19
S2179,1be84f47-1,Basic,24.92,Yearly,2024-11-11
S2180,075f4139-a,Basic,16.53,Monthly,2023-05-06
S2181,715d9575-f,Basic,12.72,Monthly,2025-05-31
S2182,eacd6dbe-7,Standard,11.74,Yearly,2022-03-15
S2183,2d04fb4e-3,Standard,6.62,Monthly,2023-08-08
S2184,f12a9385-7,Standard,7.11,Monthly,2024-02-06
S2185,72de746d-c,Premium,3.87,Monthly,2023-04-24
S2186,5d0ca0de-8,Standard,24.09,Yearly,
S2187,4febb0f8-9,Premium,4.2,Monthly,2021-07-22
S2188,aa7ccd74-d,Basic,10.91,Monthly,2021-11-21
S2189,6404a10d-a,Basic,6.62,Yearly,2022-06-05
S2190,c080c177-1,Basic,9.66,Monthly,2025-11-01
S2191,ffe8f8c0-2,Premium,4.56,Yearly,2026-01-29
S2192,df85f6df-6,Premium,18.58,Yearly,2021-02-19
S2193,6596abf6-f,Standard,18.66,Monthly,2023-07-08
S2194,f7cf62db-0,Premium,22.48,Monthly,2025-06-18
S2195,32b67cf3-7,Basic,12.67,Monthly,2023-04-18
S2196,727bcbb7-2,Basic,9.04,Monthly,2023-12-01
S2197,910a03ee-d,Premium,20.11,Monthly,2022-01-16
S2198,ad51c0b7-2,Standard,20.57,Yearly,2021-04-12
S2199,44621e0b-c,Standard,4.39,Yearly,2023-09-22
S2200,e21da350-4,Standard,20.64,Monthly,2023-05-14
S2201,0532a3e5-3,Premium,7.83,Yearly,2025-11-11
S2202,be796f0f-2,Premium,9.64,Yearly,2025-07-04
S2203,cb9efeb6-f,Premium,12.34,Monthly,2024-06-03
S2204,35df5d5e-1,Standard,12.4,Yearly,2025-01-09
S2205,5b81b313-4,Premium,3.33,Monthly,2024-03-15
S2206,d6458412-a,Standard,12.73,Monthly,2023-04-07
S2207,789ad25a-a,Standard,3.31,Monthly,2023-08-15
S2208,d6415429-1,Standard,8.49,Monthly,2023-09-21
S2209,6bb591ce-0,Standard,23.6,Monthly,2024-09-02
S2210,e5ac8b0d-b,Basic,5.75,Yearly,2022-07-17
S2211,17c814e4-d,Premium,19.26,Monthly,2025-09-08
S2212,96d02398-4,Basic,13.1,Yearly,2024-09-02
S2213,a30c1654-e,Basic,13.81,Yearly,2025-02-12
S2214,b2e29182-d,Premium,15.51,Monthly,2022-04-01
S2215,0b558ecf-3,Premium,15.84,Monthly,2025-01-09
S2216,3711790a-6,Premium,20.8,Monthly,2025-04-09
S2217,d3b9e0dc-5,Basic,15.6,Yearly,2022-12-09
S2218,2b0f3149-c,Premium,21.7,Yearly,2024-06-06
S2219,cfdeb4d8-2,Standard,3.33,Monthly,2021-09-29
S2220,da78514f-a,Standard,19.87,Yearly,2022-12-13
S2221,04f35e05-8,Premium,9.12,Monthly,2023-07-11
S2222,50e0469b-5,Basic,8.61,Monthly,2025-11-29
S2223,ee04a920-1,Basic,15.49,Yearly,2023-09-02
S2224,0722d63b-7,Premium,12.31,Yearly,2021-09-19
S2225,30d14dc3-a,Basic,20.03,Yearly,2023-02-24
S2226,b256ea80-8,Premium,13.61,Monthly,
S2227,2ee0d090-7,premium,15.36,Yearly,2026-01-31
S2228,e64d6a6d-2,Premium,21.39,Yearly,2026-01-26
S2229,17caf5d6-b,Standard,10.98,Monthly,2023-04-01
S2230,a044da4b-b,Premium,15.22,Monthly,2022-02-14
S2231,64fc91d1-b,Standard,12.77,Monthly,2023-03-02
S2232,5a802972-a,Basic,19.0,Yearly,2025-03-11
S2233,f6b845a2-d,Premium,3.39,Yearly,2023-07-13
S2234,208c5bf0-d,Basic,13.23,Monthly,2024-12-07
S2235,2c4b6df8-b,Standard,21.06,Monthly,2026-01-07
S2236,8c65d652-3,Premium,10.37,Yearly,2023-01-15
S2237,94fc5bc5-6,Premium,13.2,Monthly,2022-06-20
S2238,94c67329-f ,Standard,5.84,Monthly,2021-11-01
S2239,4e59384d-a,Standard,17.67,Monthly,2024-08-10
S2240,471ec891-b,Standard,6.25,Monthly,2023-08-09
S2241,f3ee3433-a,Premium,5.52,Monthly,2024-01-25
S2242,5ab368aa-8,Premium,5.93,Monthly,2023-07-31
S2243,9b852c5a-6,Premium,11.53,Y3arly,2025-03-03
S2244,08539b1d-f,Standard,5.53,Monthly,2021-08-06
S2245,0722b105-f,Standard,6.08,Monthly,2025-04-24
S2246,478c9e58-5,Standard,16.32,Monthly,2026-02-07
S2247,a45619e8-9 ,Standard,21.66,Monthly,2025-02-19
S2248,67ac1126-0,Basic,21.77,Monthly,2023-07-17
S2249,1d2c79e6-e,Premium,11.1,Yearly,2023-10-16
S2250,f451d1d6-e,Standard,19.06,Yearly,2024-07-04
S2251,2f5c93a5-0,Premium,11.7,Yearly,2023-11-24
S2252,ca19bad7-b,Basic,20.47,Monthly,2021-06-17
S2253,ab658e2c-3,Standard,14.36,Monthly,2023-12-21
S2254,70cfab03-9,Premium,7.18,Monthly,2021-02-25
S2255,f8edc21d-2,Standard,17.52,Monthly,2021-04-20
S2256,,Standard,16.12,Monthly,2024-12-24
S2257,8ebbea5e-2,Standard,8.52,Yearly,2025-07-31
S2258,610be254-8,Standard,11.62,Yearly,2024-08-15
S2259,531a67da-0,Standard,11.03,Yearly,2026-01-16
S2260,cbcbd4c2-7,Premium,17.36,Monthly,2021-11-09
S2261,adad3a4e-1,Premium,13.73,Monthly,2025-06-27
S2262,f69ac5fb-b,Premium,17.7,Monthly,2024-02-08
S2263,2575b349-1,Standard,3.9,Monthly,2021-10-14
S2264,75c09b13-e,Premium,24.82,Monthly,2021-04-08
S2265,e5b6c8db-c,Basic,17.31,Monthly,2023-05-03
S2266,fdf741d9-4,Standard,12.5,Monthly,2023-01-10
S2267,482e7f06-c,Premium,19.4,Monthly,2022-11-21
S2268,3ec14791-d,Premium,11.62,Yearly,2022-08-18
S2269,6180b536-d,Basic,6.9,Monthly,2021-03-12
S2270,0018470a-d,Standard,5.26,Yearly,2024-01-09
S2271,1afbc8b1-d,Premium,10.73,Monthly,2024-12-09
S2272,32de32d0-5,Basic,9.86,Yearly,2021-06-05
S2273,ac7855bb-0,Standard,8.33,Yearly,2021-12-12
S2274,dc9f41b1-8,Premium,23.38,Monthly,2021-07-03
S2275,bd680bf4-f,Premium,16.7,Yearly,2025-10-31
S2276,635cedf6-a,Standard,11.86,Yearly,2022-02-22
S2277,10c91c35-5,Standard,16.81,Monthly,2022-08-10
S2278,afe867bb-b,Basic,9.14,Monthly,2021-02-21
S2279,7583b83a-6,Premium,8.0,,2022-08-01
S2280,82e40ce9-9,Standard,9.55,Yearly,2021-09-05
S2281,7546d093-c,Standard,17.35,,2024-12-08
S2282,80cd9dc9-f,Basic,19.84,Yearly,2026-01-13
S2283,f08c5906-9,Standard,19.33,Monthly,2022-04-27
S2284,17c2bdc0-c,Basic,14.97,Yearly,2023-06-16
S2285,ef441733-4,Premium,14.37,Yearly,2025-10-12
S2286,3cbe5cb4-1,Standard,15.73,Yearly,2022-12-06
S2287,a7021963-c,Premium,,Yearly,2024-04-20
S2288,d032c4c6-4,Basic,7.85,Yearly,2023-10-10
S2289,36015e72-9,Basic,18.94,Yearly,2025-03-25
S2290,7e864f72-3,Standard,8.71,Yearly,2024-08-16
S2291,7b6bf429-c,Standard,20.28,Monthly,2025-01-03
S2292,59801b3b-0,Premium,8.3,Monthly,2023-04-23
S2293,d7262e79-5,Premium,12.98,Yearly,2024-10-05
S2294,29cff620-9,Standard,16.12,Yearly,
S2295,5d81e765-1,Premium ,19.5,Monthly,2025-03-15
S2296,89e0d50e-0,Premium,14.25,Yearly,2024-03-23
S2297,e9f62c6e-e,Basic,10.04,Yearly,2022-09-18
S2298,d4c3d316-5,Standard,16.33,Monthly,2023-01-17
S2299,952bfb78-b,Standard,21.76,Yearly,2024-12-30
S2300,38a8d90c-c,Basic,7.49,Yearly,2025-02-03
S2301,736e6b6c-6,Basic,12.36,Monthly,2026-02-09
S2302,a9660d44-b,Premium,21.98,Monthly,2023-04-22
S2303,71ffdf00-2,Standard,3.73,Yearly,2024-04-20
S2304,7933ff2f-b,Basic,21.31,Yearly,2023-12-19
S2305,facc490d-f,Standard,13.16,Monthly,2022-01-24
S2306,f4883488-8,Premium,22.65,Yearly,2021-07-22
S2307,37eea010-c,Standard,6.02,Yearly,2023-07-23
S2308,028430fb-1,Standard,16.71,Yearly,2024-01-19
S2309,61825e79-e,Standard,3.22,Monthly,2024-12-27
S2310,2eb10819-e,Standard,21.93,Monthly,2023-08-15
S2311,6679ed67-8,Standard,11.23,Monthly,2022-05-27
S2312,9083f60d-3,Premium,18.32,Monthly,2025-07-12
S2313,77a28d03-4,Premium,19.76,Monthly,2021-10-29
S2314,1947527b-e,Premium,23.58,Yearly,2022-10-13
S2315,572b7d06-9,Premium,3.84,Yearly,2021-08-05
S2316,dd3eecfe-e,Premium,17.87,Monthly,2021-11-09
S2317,6584919a-1,Premium,8.5,Yearly,2023-01-31
S2318,1286d2ce-4,Premium,,Yearly,2023-01-28
S2319,b2df2b79-0,Basic,12.27,Yearly,2023-11-25
S2320,f184b403-e,Standard,9.99,Monthly,2022-11-27
S2321,410b0f0e-3,Standard,14.99,Monthly,2024-03-01
S2322,50b08251-2,Premium,10.16,Monthly,2023-07-06
S2323,86720ff2-7,Basic,5.07,Yearly,2024-06-01
S2324,2634dbcc-5,Basic,11.56,Monthly,2021-10-12
S2325,0e8c8ffc-9,Basic,21.01,Yearly,2024-08-17
S2326,7361c65e-3,Basic,16.74,Yearly,2024-02-06
S2327,fb33d76d-6,Premium,19.15,Monthly,2022-04-28
S2328,503c8909-2,Premium,20.34,Monthly,2023-12-25
S2329,419ae00e-7,Premium,8.78,Monthly,2022-09-09
S2330,5d623b67-4,Basic,3.54,Yearly,2021-06-11
S2331,129bcbee-5,Premium,23.75,monthly,2022-10-15
S2332,8fd34b62-1,Standard,,Monthly,2025-02-20
S2333,568e151e-7,Premium,13.91,Monthly,2024-11-17
S2334,9c949d9e-2,Standard,15.87,Monthly,2021-08-22
S2335,36292186-2,Basic,19.51,Yearly,2024-06-26
S2336,45b4b889-9 ,Basic,16.95,Yearly,2024-08-20
S2337,c02188e5-c,Basic,18.31,Monthly,2022-01-15
S2338,905e2684-d,Premium,6.16,Monthly,2021-04-07
S2339,de435fb7-c,Basic,8.04,Yearly,2021-02-27
S2340,caf93a1c-6,Standard,22.7,Monthly,2024-05-26
S2341,87008f95-c,Standard,22.82,Yearly,2025-06-24
S2342,82dde3e0-6,Basic,13.37,Monthly,2022-11-19
S2343,9c65769c-7,Premium,3.15,Monthly,2023-11-14
S2344,bab75f40-e,Premium,24.52,Yearly,2025-12-25
S2345,5e6619e8-9,Basic,8.01,Yearly,2021-09-25
S2346,9ba68b29-3,Basic,7.67,Yearly,2021-05-08
S2347,465059a2-d,Standard,21.86,Yearly,2021-12-11
S2348,bcadad6d-7,Basic,7.51,Yearly,2025-05-10
S2349,82d21458-7,Basic,8.99,Yearly,2023-10-25
S2350,b9d3ab35-d,Basic,12.63,Yearly,2023-10-03
S2351,f3728697-7,Standard,3.15,Monthly,2023-03-27
S2352,3c83e128-d,Premium,24.82,Yearly,2022-02-05
S2353,35a17fd9-f,Standard,7.61,Monthly,2024-08-13
S2354,781b4b8a-d,Premium,12.22,Monthly,2021-08-28
S2355,3a654631-b,Premium,15.53,Monthly,2022-02-18
S2356,f497763a-4,Premium,15.51,,2022-04-11
S2357,5c111326-4,Basic,22.04,Monthly,2025-10-21
S2358,7b74bfaa-b,Premium,6.28,Monthly,2024-06-29
S2359,8474ad71-2,Basic,15.94,Monthly,2022-02-28
S2360,ec2222b5-3,Standard,11.03,Monthly,2021-02-23
S2361,e08b40e9-a,Premium,8.12,Monthly,2022-05-31
S2362,6d12abb6-a,Premium,21.09,Monthly,2024-05-17
S2363,5646f47e-1,Premium,3.43,Monthly,2024-12-26
S2364,0fb0288a-9,Premium,9.98,Monthly,2024-11-06
S2365,49d381f0-2,Basic,17.43,Monthly,2023-11-23
S2366,a25a4b26-0,Standard,5.31,Monthly,2022-08-31
S2367,fd1f77bd-0,Basic,16.27,Monthly,2023-08-05
S2368,34f8d36c-d,Basic,22.87,Monthly,2021-06-16
S2369,86ee57ff-e,Standard,13.62,Yearly,2022-12-11
S2370,14088c21-4,Basic,7.18,Monthly,2024-05-20
S2371,58f70df0-e,Premium,3.2,Monthly,2025-08-23
S2372,afacd39f-f,Standard,4.38,Monthly,2025-07-25
S2373,f68f02d5-7,Basic,20.17,Yearly,2025-01-17
S2374,31ed4e1d-b,Premium,7.34,Monthly,2022-01-19
S2375,48c932cc-6,Standard,9.43,Yearly,2024-05-25
S2376,f6e7f451-d,Standard,9.81,Yearly,2023-02-07
S2377,edd6db2f-b,Basic,3.72,Yearly,2021-04-23
S2378,ec9f2abf-1,Standard,11.17,Monthly,2025-06-16
S2379,464c7d39-c,Premium,22.07,Monthly,2023-11-10
S2380,6d93d4c3-f,Basic,20.15,Monthly,2026-02-05
S2381,a58b6a49-0,Standard,23.48,Monthly,2022-01-18
S2382,9409bd0b-3,Standard ,5.32,Yearly,2022-04-14
S2383,f1e4e8db-4,Standard,23.58,Yearly,2024-11-15
S2384,531e5ce3-d,Standard,17.87,Monthly,2023-09-26
S2385,5d71dd51-d,Basic,4.48,Yearly,2021-09-15
S2386,8753a2a2-d,Basic,11.75,Yearly,2022-09-29
S2387,1ee7bdad-1,Standard,3.16,Yearly,2025-04-03
S2388,e53c2ed3-9,Premium,21.51,Yearly,2024-06-21
S2389,a1797cdb-6,Basic,5.24,Yearly,2023-05-11
S2390,ecc08849-5,Premium,24.59,Yearly,2021-04-03
S2391,7c859cea-2,Basic,8.22,Monthly,2025-09-24
S2392,8ce561e0-0,Premium,12.93,Yearly,2021-08-12
S2393,c8b65d02-f,Premium,23.86,Yearly,2022-12-20
S2394,d262bfd4-3,Premium,19.93,Yearly,2024-06-25
S2395,4d12faba-2,Basic,7.43,Monthly,2021-08-30
S2396,b975893b-a,Standard,17.92,Monthly,2022-04-07
S2397,2a8322e4-f,Standard,22.62,Monthly,2025-04-25
S2398,e479e3c5-3,Basic,7.38,Monthly,2025-05-19
S2399,e03c6a90-1,Basic,9.59,Yearly,2024-03-02
S2400,2009c85c-3,Basic,13.99,Yearly,2024-04-09
S2401,860f4373-2,Basic ,17.72,Yearly,2021-06-23
S2402,ef3d8475-1,Basic,20.04,Monthly,2024-02-04
S2403,fee72541-7,Premium,10.0,Monthly,2022-10-13
S2404,d97d4261-8,Standard,8.61,Monthly,2021-03-06
S2405,24b357c8-5,Premium,10.21,Yearly,2022-07-24
S2406,ae1030c6-8,Standard,20.5,Yearly,2022-11-04
S2407,b3cf10cd-b,Premium,7.92,Monthly,2022-06-08
S2408,d713a7f4-e ,Standard,9.53,Yearly,2024-01-09
S2409,188d6903-2,Basic,6.1,Monthly,2021-12-22
S2410,c5a3748b-c,Premium,10.01,Yearly,2023-12-19
S2411,05b2451d-8,Premium,23.6,Yearly,2024-02-16
S2412,75fb0fed-8,Standard,17.83,Monthly,2021-06-02
S2413,a70b30c9-a,Basic,17.15,Monthly,2024-07-09
S2414,fa833291-7,Premium,21.69,Monthly,2025-07-30
S2415,7fe96daa-b,Premium,5.21,Monthly,2024-10-12
S2416,a2e2c772-b,Premium,10.67,Monthly,2022-09-25
S2417,a222f39a-6,Standard,22.57,Yearly,2024-04-16
S2418,,Premium,5.48,Yearly,2022-03-24
S2419,1c64e915-f,Basic,19.71,Monthly,2023-04-24
S2420,b9d01466-e,Standard,17.19,Yearly,2024-08-17
S2421,04dddabe-0,Standard,5.72,Yearly,2025-09-14
S2422,5b04f968-2,Basic,23.06,Monthly,2025-11-05
S2423,0ea19fc1-1,Standard,13.87,Monthly,2025-06-13
S2424,737d8439-1,Basic,21.48,Monthly,2021-04-09
S2425,ad519e90-8,Premium,14.57,Yearly,2022-09-24
S2426,c973eaa9-f,Premium,3.16,Yearly,2025-02-24
S2427,fdbb933a-7,Standard,3.77,Monthly,2023-03-01
S2428,01701558-9,Premium,3.25,Monthly,2021-11-04
S2429,ed819c22-b,Basic,22.0,Yearly,2024-06-13
S2430,17fad4ee-f,Premium,,Yearly,2023-07-08
S2431,c240dd60-4,Premium ,18.4,monthly,2021-05-22
S2432,5b6e69df-3,Standard,11.04,Yearly,2022-03-24
S2433,85626bd3-a,Basic,23.96,Yearly,2024-04-17
S2434,5583dcf7-b,Basic,20.66,Monthly,2023-01-28
S2435,2580c33a-2,Premium,24.19,Monthly,2022-09-09
S2436,5ffa9132-b,Premium,10.18,Monthly,2022-11-06
S2437,1fce0302-d,Basic,13.4,Yearly,2023-06-12
S2438,695985a0-b,Basic,10.58,Monthly,2021-03-02
S2439,148c3bf6-0,Premium,15.18,Yearly,2022-01-02
S2440,97f351a8-b,Standard,22.08,Monthly,2021-06-15
S2441,7260fd09-c,Standard,16.81,Yearly,2024-01-21
S2442,1ce356ee-3,Standard,18.75,Yearly,2024-02-25
S2443,b5133b3c-e,Standard,9.58,Monthly,2025-09-29
S2444,8c77003e-0,Basic,3.18,Monthly,2021-08-06
S2445,ec148460-7,Premium,7.65,Monthly,2025-06-29
S2446,fbbb7cfd-4,Basic,9.62,Monthly,2023-01-30
S2447,a821c9c7-5,Basic,12.34,Monthly,2024-07-27
S2448,44ecbd5d-c,Basic,7.23,Monthly,2021-12-05
S2449,34a53843-d,Premium,19.16,Yearly,2024-02-05
S2450,1890b954-1,Premium,20.31,Monthly,
S2451,23e2e0a9-8,Standard,5.51,Monthly,2022-05-02
S2452,5a4abbeb-1,Basic,18.38,Yearly,2024-08-07
S2453,6705fca6-6,Premium,9.22,yearly,
S2454,d0fe17b0-a,Standard,12.8,Monthly,2023-07-22
S2455,c09f6763-0,Standard,4.75,Yearly,2023-06-26
S2456,95ed4d43-b,Standard,3.66,Yearly,2023-04-09
S2457,826a8a8a-6,Premium,21.47,Monthly,2025-05-04
S2458,00f400fd-1,Standard,4.51,Monthly,2022-04-12
S2459,40cb5a5b-b,,13.42,Yearly,2023-07-05
S2460,d9d1ba6e-1,Premium,21.1,Monthly,2024-09-10
S2461,a5c451d1-3,Standard,16.93,Monthly,2025-01-04
S2462,4dc6bf8a-6,Standard,6.32,Monthly,2025-12-04
S2463,c992e776-e,Standard,3.39,Monthly,2022-11-29
S2464,dc47dfb8-c,Standard,13.66,Monthly,2021-12-20
S2465,e7229c94-3,Basic,9.95,Monthly,2025-05-04
S2466,e2a3a74a-3,Basic,24.0,Yearly,2024-02-26
S2467,31cccfaa-a,Standard,20.34,Monthly,2023-09-24
S2468,,Premium,16.04,Monthly,2021-08-23
S2469,bec9c796-8,Basic,4.16,Monthly,2024-06-03
S2470,088a121d-d,Basic,17.63,Monthly,2025-01-07
S2471,847acff4-d,Standard,4.14,Yearly,2022-09-02
S2472,96d7e77d-0,Basic,6.95,monthly,2021-03-07
S2473,8f1e0de3-3,Basic,11.62,Yearly,2022-01-03
S2474,9641a1cc-1,Standard,6.54,Yearly,2021-05-23
S2475,c5255a28-3,Standard,22.99,Yearly,2021-08-22
S2476,18349aef-3,Basic,12.24,Yearly,2023-10-18
S2477,12805cd0-a,Basic,14.68,Monthly,2022-05-24
S2478,fafe6041-b,Standard,3.68,,2023-02-07
S2479,50b29a15-6,Premium,4.37,Yearly,2023-04-02
S2480,be151603-3,Standard,13.42,Monthly,2023-09-20
S2481,1aad896e-1,Premium,23.83,Monthly,2025-05-23
S2482,fb5bc90f-c,Premium,18.63,Monthly,2023-06-05
S2483,b2248aa2-c,Premium,14.59,monthly,2025-11-27
S2484,e0418778-d,Standard,16.57,Yearly,2024-06-19
S2485,f9ed13d1-3,Standard,12.95,Monthly,2024-09-16
S2486,a14e28ee-2,Basic,15.29,Monthly,2021-12-17
S2487,2a1dea3d-b,Standard,12.87,Monthly,2024-07-24
S2488,5b9b433f-b,Standard,9.84,Yearly,2024-03-07
S2489,75bce18c-e,Basic,13.92,Monthly,2021-03-22
S2490,62721893-b,Basic,17.72,yearly,2025-04-14
S2491,96596d7d-4,Basic,22.99,Yearly,2023-06-28
S2492,a95e188e-c,Basic,16.93,Monthly,2024-01-30
S2493,89028076-3,Premium,3.94,Yearly,2022-07-03
S2494,f230da55-0,Standard,11.41,Yearly,2023-08-17
S2495,175076e1-8,Premium,22.25,Monthly,2025-08-27
S2496,7e784c98-c,Standard,21.98,Yearly,2025-03-26
S2497,a251d74a-4,Premium,21.7,Yearly,2024-06-02
S2498,6260e3b4-e,Basic,7.79,Monthly,2025-12-02
S2499,5686f6bc-6,Basic,10.43,Yearly,2023-06-09
S2500,d0d292bb-2,Premium,7.88,Yearly,2023-11-14
S2501,5164f8c3-9,Premium,24.13,Yearly,2025-10-07
S2502,1a47206e-f,Premium,4.24,Yearly,2024-08-07
S2503,4bd85374-3,Basic,16.13,Yearly,2024-05-21
S2504,5e0e8627-b,Premium,15.22,Yearly,2022-06-18
S2505,43277dfa-9,Basic,5.39,Yearly,2024-03-01
S2506,9ab3183e-d,Standard,16.68,Monthly,2024-10-29
S2507,85a5abfd-7,Premium,15.78,Monthly,2023-11-11
S2508,191de448-a,Basic,6.5,Monthly,2025-11-07
S2509,0a71b4d3-5,Standard,20.03,Monthly,2021-03-30
S2510,03890af7-c,Basic,10.61,Yearly,2022-12-20
S2511,032322d7-6,Basic,13.8,Monthly,2022-04-04
S2512,9551a706-6,Premium,17.51,Yearly,2021-07-10
S2513,0cdd8b74-1,Premium,21.66,Yearly,2021-06-27
S2514,2b0f8101-c,Standard,17.57,Monthly,2023-09-07
S2515,b9ba7c31-2,Standard,3.15,Monthly,2022-11-10
S2516,556bfde8-f,Premium,5.63,Yearly,2024-06-13
S2517,d3bfeb7d-5,Basic,5.58,Yearly,2022-09-04
S2518,b0ecd32b-a,Standard,21.44,Yearly,2025-12-18
S2519,8f975b1a-2,Premium,18.52,Monthly,2021-12-23
S2520,a3d689f8-8,Basic,16.61,Yearly,2025-04-30
S2521,30cec287-6,Standard,20.66,Yearly,2021-06-01
S2522,1733289d-e,Basic,16.66,Yearly,2024-03-11
S2523,37b07d4a-d,Basic,18.62,Monthly,2021-12-12
S2524,e9b2cf1d-a,Basic,16.7,Yearly,2023-12-06
S2525,ed58087c-2,Basic,17.01,Yearly,2024-04-12
S2526,2b8a37ec-d,Standard,12.06,Monthly,2023-03-29
S2527,12ca7a6c-7,Standard,4.25,Monthly,2022-05-24
S2528,708ee971-9,Basic,14.95,Yearly,2024-11-25
S2529,75700886-d,Premium,13.68,Monthly,2025-11-18
S2530,11efecea-c,Basic,19.62,Monthly,2022-05-02
S2531,cb5519dc-b,Standard,20.05,Yearly,2023-04-09
S2532,2745f78c-3,Premium,8.74,,2023-01-07
S2533,ec713e5a-d,Premium,15.49,Monthly,2022-07-22
S2534,f3e86ea6-d,Premium,5.88,Monthly,2025-12-03
S2535,a65371c4-2,Standard,14.75,Monthly,2023-09-26
S2536,,Basic,23.21,Yearly,2024-09-28
S2537,00924a96-c,Premium,10.39,Y3arly,2021-07-21
S2538,ddb652d4-c,Basic,11.55,Monthly,2021-04-22
S2539,6be247ba-5,Premium,18.04,Yearly,2022-08-18
S2540,f44093d4-5,Premium,9.3,Yearly,2024-08-28
S2541,f6f23c23-4,Premium,9.0,Monthly,2021-11-12
S2542,0785888f-f,Basic,13.59,Yearly,2022-03-04
S2543,469d5b19-b,Basic,7.15,Monthly,2024-09-19
S2544,c3e1ab08-f,Standard,18.82,Monthly,2021-03-25
S2545,2deea672-b,Premium,17.4,Monthly,2023-05-19
S2546,5b8e62f1-9,Premium,13.19,Yearly,2022-07-10
S2547,990e19a7-c,Standard,12.92,Yearly,2022-03-02
S2548,8e123677-d,Basic,3.13,Yearly,2022-09-15
S2549,7d60304f-7,Premium,15.85,Yearly,2025-02-25
S2550,af20e4c2-e,Basic,19.31,Yearly,2023-03-26
S2551,08057e4d-3,Premium,15.17,Monthly,2024-05-25
S2552,034152af-4,Premium,20.39,Yearly,2025-12-24
S2553,b21caf9f-8,Basic,21.75,Yearly,2023-08-01
S2554,fc50bc06-a,Basic,,Yearly,2024-11-25
S2555,d50ae382-b,Premium,23.36,Monthly,2023-01-22
S2556,929ba77b-1,Standard,21.85,Monthly,2024-10-18
S2557,710c963c-7,Premium,12.04,Yearly,2023-02-24
S2558,d5366735-c,Standard,12.8,Yearly,2021-02-14
S2559,9e2cb5b4-e,Premium,9.26,Monthly,2022-11-10
S2560,a8392519-1,Standard,16.17,Yearly,2025-05-03
S2561,e474cbfb-b,Standard,13.65,Monthly,2024-02-19
S2562,50570601-c,Premium,4.96,Monthly,2022-08-12
S2563,f5b881a0-3,Basic,19.45,Yearly,2023-12-27
S2564,3eb5693b-0,Standard,19.81,Yearly,2024-02-28
S2565,9123692e-8,Standard,23.47,Monthly,2024-10-17
S2566,cf9ea44d-2,Premium,17.84,Monthly,2025-03-01
S2567,474beba8-a,Standard,7.3,Yearly,2023-08-11
S2568,4992da39-0,Standard,17.12,Yearly,2025-09-15
S2569,47f610ad-1,Standard,9.22,Yearly,2022-03-11
S2570,9a3cbe29-3,Premium,14.21,yearly,2024-05-10
S2571,a5dce1b4-6,Premium,5.62,Yearly,2024-12-22
S2572,72878a38-6,Premium,18.51,Yearly,2023-05-29
S2573,4522ff96-3,Basic,9.91,Yearly,2023-04-14
S2574,1897bbe5-c,Basic,21.64,Yearly,2023-04-15
S2575,8f0a2bee-2,Basic,7.63,Monthly,2023-12-05
S2576,feb8d4ea-e,Premium,23.72,Monthly,2024-08-11
S2577,6fbe910e-9,Premium,11.19,Monthly,2025-05-12
S2578,b6499e76-9,Standard,4.12,Yearly,2021-10-09
S2579,933a5800-e,Standard,19.69,Yearly,2024-06-20
S2580,beeb1b1d-9,Premium,17.21,Yearly,2025-11-08
S2581,07f23d0e-9,Standard,14.96,,2022-03-15
S2582,87e11fbd-e,Basic,4.82,Monthly,2021-07-08
S2583,1f8e6100-3,Basic,5.26,Monthly,2022-08-21
S2584,dcc56213-b,Standard,13.79,Yearly,2022-11-12
S2585,122e7d35-9,Standard,13.85,Monthly,2025-11-28
S2586,1c299d67-4,Standard,6.49,Monthly,2024-06-04
S2587,b4f75ae4-e,Premium,16.07,Yearly,2024-02-26
S2588,6e9287e6-8,Premium,3.43,Yearly,2025-02-25
S2589,4fcb8928-5,Standard,22.9,Y3arly,2025-05-15
S2590,9356f2b9-f,,18.0,Yearly,2024-12-30
S2591,a4aa28e7-c,Basic,4.17,Monthly,2022-05-21
S2592,5abbea28-6,Premium,20.8,Monthly,2022-09-30
S2593,bfab2399-a,Premium,18.43,Yearly,2023-07-15
S2594,8357540f-3,Standard,6.02,Yearly,2023-05-29
S2595,593d3dd4-f,Standard,10.85,Yearly,2025-08-01
S2596,1696616b-4,Standard,6.39,Monthly,2021-04-09
S2597,653d9ebb-7,Standard,,Monthly,2022-10-19
S2598,78824b10-c,Standard,15.53,Monthly,2025-07-28
S2599,0f80e01a-f,Standard,21.21,Yearly,2026-01-03
S2600,5b55ed41-8,Premium,12.86,Yearly,2022-02-02
S2601,f4493fb8-9,Premium,7.58,Monthly,2023-10-19
S2602,0cdc2eca-d,Standard,24.47,Yearly,2025-11-18
S2603,c7f8bdac-c,Premium,4.85,Monthly,2025-06-26
S2604,1990a9a7-c,Basic,11.45,Monthly,2025-04-26
S2605,4e2e3dc3-9,Premium,12.01,Monthly,2023-06-10
S2606,65ef2a9e-a,Basic,22.23,Yearly,2024-08-02
S2607,626dc779-0,Standard,22.26,Yearly,2023-08-18
S2608,372e5dcd-9,Basic,12.68,Yearly,2023-07-27
S2609,783fde59-1,Standard,6.75,Yearly,2023-07-18
S2610,57e3ff72-4,Basic,24.54,Monthly,2021-03-03
S2611,9fce37b9-6,Basic,4.11,Monthly,2022-01-06
S2612,84a31335-e,Premium,20.89,Yearly,2024-04-04
S2613,4e42bac3-8,Basic,5.79,Monthly,2021-08-22
S2614,96d6e4a6-4,Basic,4.39,Monthly,2025-11-18
S2615,1a2dd5a3-1,Premium,12.31,Yearly,2022-09-21
S2616,7df87878-2,Standard,9.76,Monthly,2025-02-22
S2617,6a3dd8ed-9,Basic,9.53,Yearly,2023-12-30
S2618,f3578a62-2,Basic,14.16,Yearly,2025-05-12
S2619,4f88dca5-5,Basic,5.79,Yearly,2024-08-20
S2620,7bda5ee5-5,Basic,16.63,Yearly,2021-03-08
S2621,3e3fe393-8,Premium,,Yearly,2023-04-08
S2622,fe3f0496-2,Premium,22.25,Monthly,2023-03-24
S2623,578170a2-9,Basic,6.38,Yearly,2022-04-13
S2624,d56da949-f,Basic,9.55,Yearly,2022-09-05
S2625,2eb48f22-2,Standard,4.6,Monthly,2024-05-24
S2626,9d8f9b4e-3,Standard,3.29,Monthly,2024-04-24
S2627,0658aff8-6,Standard,19.61,Monthly,2025-11-12
S2628,79a5e925-6,Standard,19.11,Monthly,2022-09-03
S2629,3abd6d0c-5,Basic,17.14,Yearly,2025-09-22
S2630,0d2cb095-9,Premium,3.93,Monthly,2022-11-03
S2631,cffc1e20-8,Basic,14.27,Yearly,2023-03-26
S2632,9597d066-0,Standard,22.34,,2025-06-18
S2633,598ad8f4-e,Basic,,Yearly,2024-07-09
S2634,229980a9-b,Standard,13.28,Yearly,2021-04-06
S2635,b9cf5aec-7,Standard,16.04,Yearly,2025-01-18
S2636,fb905d44-a,Standard,3.54,Yearly,2024-01-20
S2637,14313d45-9,Standard,6.13,Yearly,2021-12-03
S2638,09528f9e-e,Standard,22.26,Yearly,2023-05-29
S2639,76720bb5-7,Standard,3.88,Yearly,2022-07-19
S2640,20b4c6e7-3,Basic,11.09,Yearly,2025-10-24
S2641,998200eb-b,Premium,22.92,Monthly,2021-09-28
S2642,32500dfa-8,Basic,18.72,Monthly,2024-09-14
S2643,44906be9-1,Premium,15.67,Monthly,2021-10-24
S2644,3007ac53-d,Standard,5.74,Yearly,2025-06-06
S2645,,Premium,11.99,Monthly,2022-12-20
S2646,490e5d4e-b,Basic,21.92,Yearly,2021-06-16
S2647,14ecd9b5-8,Standard,16.56,Monthly,2025-05-12
S2648,d6a3177e-6,Basic,10.64,Yearly,2022-09-26
S2649,dfbcc179-b,Basic,21.31,Monthly,2022-05-16
S2650,538ebd3c-3,Premium,22.37,Yearly,2023-12-12
S2651,f079e887-e,Premium,9.06,Yearly,2021-09-09
S2652,3b3ab389-d,Premium,14.64,Yearly,2025-08-14
S2653,83780413-3,Basic,19.83,Monthly,2021-07-01
S2654,fd88a518-c,Standard,24.01,Yearly,2021-05-15
S2655,99f10259-a,Standard,22.53,Yearly,2026-02-03
S2656,7da81107-a,Basic,6.64,Yearly,2024-02-12
S2657,66620c01-4,Standard,16.11,Monthly,2023-04-08
S2658,32ac50d2-8,Premium,18.88,Yearly,2022-03-22
S2659,65b7ee22-f,Basic,21.5,Yearly,2023-07-20
S2660,cbacad73-d,Basic,18.49,Monthly,2024-08-06
S2661,,Basic,,Yearly,2026-01-20
S2662,4b06ce57-b,Premium,20.56,Monthly,2022-12-01
S2663,23fd526a-a,Standard,12.66,Yearly,2023-06-05
S2664,90fff35c-2,Premium,,Monthly,2021-09-04
S2665,084e170d-6,Premium,9.44,Yearly,2025-04-23
S2666,35f3b753-7,Premium,5.85,Yearly,2025-06-08
S2667,a9f7b6c2-8,Basic,4.35,Monthly,2023-06-16
S2668,8ca807e3-4,Basic,4.63,Monthly,2021-04-30
S2669,9a6de884-7,Basic,16.61,Monthly,2022-12-18
S2670,a751c282-7,Basic,3.53,Monthly,2023-12-18
S2671,2159605f-4,Pr3mium,21.31,Monthly,2021-09-03
S2672,7c574731-6,Standard,5.27,Monthly,2025-06-06
S2673,c5ce84c9-6,Premium,7.45,Monthly,2025-05-07
S2674,dd95aa47-9,Standard,7.89,Yearly,2025-09-28
S2675,e0bf57d5-f,Standard,8.8,Yearly,2025-12-22
S2676,ed07b475-f,Standard,15.53,Yearly,2025-01-12
S2677,2c6e815b-7,Premium,20.74,Yearly,2021-07-30
S2678,eb80aae6-6,Standard,7.35,Yearly,2024-02-19
S2679,ac5b279c-c,Premium,11.28,Monthly,2024-07-25
S2680,8b6d5bed-9,Basic,24.84,Monthly,2021-03-11
S2681,59004505-4,Standard,9.83,Monthly,2022-04-16
S2682,43aea51c-e,Basic,9.71,Monthly,2024-06-07
S2683,,Premium,24.28,Yearly,2022-03-03
S2684,dbe6698f-d,Standard,12.19,Yearly,2025-04-24
S2685,e72c7824-5,Premium,6.82,Yearly,2021-09-29
S2686,85806f81-2,Premium,6.48,Monthly,2023-09-01
S2687,a59b9b94-4,Premium,12.97,Yearly,2022-09-20
S2688,3cfd32f5-6,Standard,16.91,Yearly,2025-10-02
S2689,b4f5ff67-1,Standard,5.6,Yearly,2024-09-12
S2690,76d0fc4c-e,Standard,9.41,Monthly,2022-05-25
S2691,549543b7-8,Standard,14.15,Yearly,2022-04-02
S2692,d720a709-2,Standard,12.42,Yearly,2022-06-15
S2693,8b4855e0-f ,Standard,16.0,Monthly,2021-06-09
S2694,60b03dfe-f,Standard,23.0,Yearly,2024-07-31
S2695,aa13e978-7,,18.57,Monthly,2021-04-18
S2696,31a4b3a5-e,Standard,23.04,Monthly,2022-11-01
S2697,95673bbe-c,Premium,9.99,Yearly,2024-07-08
S2698,8433576d-4,Basic,9.49,Monthly,2022-05-28
S2699,8e473a13-1,Basic,9.69,Yearly,2021-09-29
S2700,e6e4c5a0-1,Premium,14.13,Monthly,2024-12-31
S2701,d0259785-1,Standard,23.06,Monthly,2025-09-14
S2702,11e2e3ae-6,Standard,4.19,Yearly,2024-08-24
S2703,3ed0ea82-3,Standard,9.53,Yearly,2023-05-15
S2704,,Standard,5.71,Yearly,2024-07-15
S2705,22104cab-2,Premium,16.21,Monthly,2022-06-02
S2706,68374b24-3,Standard,19.47,Monthly,2024-04-07
S2707,243557af-7,Standard,18.86,Yearly,2024-11-14
S2708,75fbe60c-b,Basic,21.34,Monthly,2021-12-20
S2709,e36207b6-b,Premium,23.13,Monthly,2021-09-11
S2710,44b1e09c-b,Basic,20.31,Yearly,2022-08-20
S2711,a5334a63-8,Basic,6.52,Yearly,2021-07-13
S2712,dae680e8-2,Standard,22.6,Yearly,2022-03-17
S2713,aee50f28-0,Basic,18.82,Yearly,2025-10-04
S2714,195a69b8-5,Standard,13.66,Yearly,2024-09-06
S2715,b46c693c-8,Basic,12.57,Monthly,
S2716,43dcc19b-f,Basic,22.72,Yearly,2023-09-05
S2717,78e5160c-b,Premium,3.16,Yearly,2022-09-12
S2718,8deff8d8-d,Premium,17.85,Monthly,2022-01-18
S2719,3a61c88f-8,Standard,12.18,Yearly,2023-05-17
S2720,ce706f47-e,Standard,20.47,Monthly,2024-10-24
S2721,2ecc475b-b,Premium,3.19,Yearly,2023-07-05
S2722,99c4ec0a-b,Standard,24.75,Yearly,2025-08-07
S2723,5a9976f9-a,Standard,17.54,Monthly,2024-03-17
S2724,b560318c-1,Premium,3.75,Monthly,2022-11-22
S2725,b04d2e3e-f,Standard,5.97,Monthly,2025-01-19
S2726,effc30ae-d,Basic,14.92,Monthly,2025-07-07
S2727,f7d3165f-6,Premium,7.03,Yearly,2022-04-13
S2728,6f4443e5-0,Standard,14.54,Yearly,2023-03-01
S2729,d369f893-6,Basic,9.51,Monthly,2024-11-13
S2730,afc8a881-b,Basic,23.03,Monthly,2022-04-12
S2731,d286c6c6-c,Basic,6.35,Yearly,2022-12-27
S2732,5237b701-8,Standard,11.13,Monthly,2025-03-02
S2733,fdf16e30-7,Basic,16.93,Monthly,2025-04-13
S2734,7d427f3e-5,Standard,16.18,Monthly,2024-04-16
S2735,7d4ce770-9,Standard,5.43,Yearly,2023-09-29
S2736,dd5f7b0b-6,Basic,20.42,Monthly,2025-06-21
S2737,d05e3b29-6,Basic,5.38,Yearly,2025-05-20
S2738,235c2ec4-7,Basic,19.55,Monthly,2023-11-03
S2739,40c342e3-3,Premium,24.69,Monthly,2022-03-21
S2740,d3eace57-8,Premium,6.3,Monthly,2023-03-30
S2741,75fd969a-7,Premium,18.87,Monthly,2022-09-08
S2742,bee68299-6,Standard,14.78,Monthly,2022-09-30
S2743,55471c5c-e,Premium,3.23,Monthly,2022-07-28
S2744,18900f84-0,Premium,23.54,Monthly,2023-12-26
S2745,7b2a7621-4,Basic,21.86,Yearly,2022-01-04
S2746,6b04e727-4,Premium,5.41,Yearly,2021-10-24
S2747,ceca6098-5,Standard,23.51,Yearly,2024-05-22
S2748,1b3f03d4-0,Basic,5.08,Monthly,2024-09-13
S2749,509d85f3-3,Basic,12.5,Yearly,2025-01-07
S2750,b47c3892-a,Basic,6.9,Monthly,2025-07-03
S2751,57b33ce4-7,Basic,7.6,Yearly,2023-02-23
S2752,6141fcce-2,Premium,,Monthly,2022-11-04
S2753,931e9c59-9,Premium,4.08,yearly,2023-06-23
S2754,e583d3fc-f,Premium,4.45,Yearly,2023-06-07
S2755,14de488e-9,Standard,19.76,Yearly,
S2756,163da210-c,Premium,22.8,Monthly,2021-11-21
S2757,b58d926a-4,Standard,17.04,Yearly,2025-09-17
S2758,64e9b911-3,Standard,15.62,Monthly,2025-04-26
S2759,78ca295f-c,Basic,15.85,Yearly,2021-07-07
S2760,8bd7ad1a-3,Premium,18.92,Monthly,2021-02-21
S2761,f9e3351b-d,Premium,4.32,Yearly,2025-12-29
S2762,5b71c5ab-3,Basic,5.24,Yearly,2021-04-24
S2763,12161dd0-8,Standard,16.14,Yearly,2021-12-15
S2764,c54f9445-7,Standard,21.68,Monthly,2023-05-06
S2765,a5fcb789-2,Standard,12.69,Monthly,2024-03-03
S2766,7f22565b-6,Standard,24.74,Monthly,2024-02-23
S2767,3b267a3a-f,Premium,24.77,Monthly,2021-05-07
S2768,6eedcd68-a,Premium,24.75,Yearly,2025-09-16
S2769,daa204c5-4,Standard,11.81,Yearly,2022-10-05
S2770,b057bc45-a,Standard,4.93,Yearly,2024-09-20
S2771,dd4a3232-e,Standard,16.25,Monthly,2021-11-23
S2772,f4b7e315-c,Premium,16.4,Yearly,2022-07-23
S2773,652b68fa-1,Premium,12.24,Yearly,2021-02-09
S2774,bcf22503-b,Standard,16.03,Yearly,2026-02-02
S2775,c087c0cc-a,Standard,3.34,Monthly,2024-07-02
S2776,3726716b-0,Premium,21.7,Yearly,2024-08-21
S2777,68a39fc1-2,Premium,22.51,Monthly,2021-11-02
S2778,ac1b282f-1,Premium,11.93,Yearly,2023-10-09
S2779,91859fcb-f,Standard,10.05,Monthly,2022-03-04
S2780,afe2d3bd-e,Basic,21.96,Yearly,2022-09-09
S2781,21555889-9,Basic,4.85,Yearly,2021-10-04
S2782,4a9c2ac2-3,Basic,9.19,Yearly,2023-07-09
S2783,f1bba8b2-2,Premium,17.84,Monthly,2024-05-31
S2784,0cfd1943-e,Basic,11.06,Yearly,2025-04-06
S2785,e1054a6f-5,Premium,21.37,Yearly,2021-03-11
S2786,eb5ac8c8-0,Standard,14.35,Yearly,2025-07-26
S2787,946cb908-6,Basic,11.09,Yearly,2022-01-05
S2788,b98743db-4,Standard,9.01,Yearly,2022-09-19
S2789,66b0caa2-4,Standard,17.16,Monthly,2024-07-16
S2790,cd2bcef3-e,Premium,22.89,Monthly,2022-12-27
S2791,6cdaa65a-b,Premium,20.69,Monthly,2024-12-15
S2792,08d929dd-f,Basic,9.74,Monthly,2024-02-29
S2793,ebf347fe-d,Standard,21.63,Yearly,2021-04-09
S2794,5e0be422-0,Basic,23.25,Monthly,2024-08-07
S2795,3148eb42-8,Basic,3.6,Monthly,2025-04-06
S2796,0b0c950f-d,Basic,12.7,Yearly,2021-11-28
S2797,e09bf5ac-f,Standard,21.93,Yearly,2024-12-14
S2798,33c70fd3-b,Standard,3.31,Monthly,2022-09-03
S2799,d777a2f6-f,Premium,3.09,Yearly,2025-07-25
S2800,4946e925-f,Basic,5.84,Yearly,2025-04-12
S2801,29d04245-c,Premium,18.89,Monthly,2025-12-15
S2802,6b7e38ec-f,Standard,21.45,Monthly,2025-05-01
S2803,850bcc60-6,Premium,12.25,Monthly,2021-10-05
S2804,aea334cc-2,Standard,3.11,Monthly,2024-12-08
S2805,2664accc-9,Premium,14.19,Monthly,2024-05-25
S2806,22eedefb-4,Basic,15.83,Yearly,2022-10-12
S2807,0a5f5abe-a,Standard,9.59,Yearly,2024-10-05
S2808,932d415d-1,Premium,6.11,Monthly,2022-04-23
S2809,45bdcf75-2,Standard,13.69,Monthly ,2026-01-20
S2810,bc45cf0f-f,Basic,20.89,Monthly,2021-05-11
S2811,f5394c75-e,Basic,24.23,Yearly,2022-12-28
S2812,211c2b25-9,Standard,23.45,Monthly,2021-06-15
S2813,5b440df0-c,Premium,10.47,Monthly,2023-07-28
S2814,4329627d-2,Basic,15.33,Yearly,2025-08-19
S2815,b88493d1-7,Premium,11.96,Monthly,2022-11-03
S2816,e245b9a3-1,Basic,18.37,Monthly,2022-06-26
S2817,ca25ac8b-2,Basic,24.97,Yearly,2021-08-22
S2818,87880cbe-2,Standard,6.0,Monthly,2024-11-01
S2819,,Standard,9.62,Monthly,2022-10-11
S2820,3867a900-f,Standard,4.01,Monthly,2024-07-11
S2821,7c41785b-1,Standard,17.61,Monthly,2024-06-06
S2822,a226e04e-1,Premium,12.25,Monthly,2022-12-19
S2823,ec391fd9-3,Premium,11.34,Monthly,2023-03-16
S2824,b5bcffc8-2,Standard,20.27,Yearly,
S2825,6fa1873c-e,Basic,3.37,Yearly,2025-10-12
S2826,e56da516-2,Premium,3.38,Monthly,2021-10-19
S2827,8eb99225-8,Standard,20.13,Yearly,2021-05-19
S2828,124d3a4f-8,Standard,24.72,Yearly,2021-02-23
S2829,6a3a58ca-1,Basic,18.74,Yearly,2021-03-25
S2830,75fd9e84-1,Premium,6.91,Yearly,2025-05-06
S2831,4d4f6351-4,Premium,22.85,Monthly,2021-10-17
S2832,ad314fde-6,Basic,7.69,Monthly,2024-03-08
S2833,7a3e6b48-f,Premium,13.66,Monthly,2021-07-06
S2834,a0ddc0c9-a,Standard,19.46,Yearly,2022-01-18
S2835,de8c0551-5,Standard,24.39,Yearly,2023-02-10
S2836,22a4f9e5-9,Premium,18.41,Yearly,2024-10-29
S2837,d1b7f7e3-6,Premium,16.56,Yearly,2024-04-21
S2838,10cf5701-e,Standard,7.79,Yearly,2025-07-02
S2839,759dfe56-d,Basic,18.21,Monthly,2023-04-22
S2840,d015fb9e-8,Premium,8.45,Monthly,2023-06-05
S2841,ceb51a79-d,Premium,8.26,Yearly,2022-07-06
S2842,162ed46c-1,Standard,10.73,Yearly,2025-08-11
S2843,926e839f-6,Premium,9.44,Monthly,2024-04-18
S2844,bf5895fa-3,Premium,9.76,Monthly,2024-10-28
S2845,872df2cc-c,Premium,17.79,Monthly,2021-08-11
S2846,d6552a54-0,Basic,14.71,Monthly,2023-05-23
S2847,577551dc-6,Premium,6.1,Monthly,2021-07-24
S2848,e9c78111-e,Premium,8.68,Yearly,2025-07-11
S2849,3a14063b-8,Standard,,Yearly,2024-03-15
S2850,30d37dbe-a,Basic,16.4,Yearly,2021-08-14
S2851,3a11063f-c,Premium,15.01,Monthly,2021-05-04
S2852,41e53d82-7,Premium,15.82,Yearly,2023-08-25
S2853,2b1cc560-8,Premium,24.55,Yearly,2021-12-05
S2854,167e9e1f-b,Premium,11.68,Monthly,2024-03-31
S2855,4ff93dce-a,Basic,24.34,Yearly,2021-10-21
S2856,8ebdaf90-f,Basic,22.72,Monthly,2022-01-02
S2857,9e135531-a,Standard,21.51,Monthly,2024-04-15
S2858,7c45dabd-8,Premium,24.51,Yearly,2025-04-23
S2859,25c3b173-c,Basic,21.78,Yearly,2024-07-31
S2860,0f748012-6,Basic,8.38,Monthly,2022-11-29
S2861,f5b05c92-2,Premium,8.33,Monthly,2022-03-24
S2862,75c43897-b,Premium,22.15,Yearly,2022-02-12
S2863,efeac10f-e,Standard,7.93,Yearly,2025-01-27
S2864,a63d4aaf-3,Standard,19.56,Monthly,2023-12-18
S2865,2e503ed8-a,Basic,17.09,Monthly,2024-11-26
S2866,722fbed1-4,Standard,22.35,Monthly,2021-03-11
S2867,23404cf2-d,Standard,23.36,Monthly,2023-08-09
S2868,666e5839-4,Standard,4.34,Monthly,2021-12-04
S2869,a9548e62-5,Basic,19.02,Yearly,2021-08-29
S2870,33376921-6,Premium,7.69,Yearly,2022-11-18
S2871,608c063c-4,Premium,20.45,Monthly,2024-06-15
S2872,07eb98fe-3,Standard,9.48,Monthly,2024-01-31
S2873,0fe27dd0-6,Basic,14.55,Yearly,2021-03-16
S2874,1f72dfdd-c,Basic,17.87,Monthly,2024-12-09
S2875,d848a535-d,Standard,8.57,Monthly,2022-01-07
S2876,21ae5c4f-c,Basic,24.42,Monthly,2021-10-15
S2877,ebba2ea3-2,Basic,17.81,Yearly,2022-07-21
S2878,686e6983-e,Premium,7.05,Monthly,2024-05-08
S2879,d6256bc9-a,Premium,11.99,Yearly,2025-07-02
S2880,ba6c974f-c,Premium,16.92,Yearly,2022-11-08
S2881,7a0f7fca-9,Basic,14.34,Monthly,2022-04-30
S2882,a2eba25e-4,Basic,6.08,Yearly,2025-06-10
S2883,8d36c3e3-c,Basic,12.06,Yearly,2026-02-07
S2884,a779a1a7-a,Premium,7.69,Yearly,2024-02-05
S2885,0fc27a4f-8,Standard,24.01,Monthly,2026-01-02
S2886,df476e46-c,Basic,5.7,Yearly,2022-09-06
S2887,5ad8b3f0-1,Premium,12.6,Monthly,2021-05-13
S2888,eff10983-5,Basic,21.31,Monthly,
S2889,521291a5-b,Premium,13.03,Monthly,2024-05-17
S2890,7fa566f5-2,Standard,13.27,Yearly,2021-09-09
S2891,d45656fb-f,Basic,4.1,Yearly,2025-10-15
S2892,0d97cbdb-c,Standard,23.49,Yearly,2025-07-13
S2893,7f18b5da-f,Basic,3.83,Monthly,2024-06-10
S2894,7d0b2b93-e,Premium,5.6,Monthly,2025-01-12
S2895,d5e7c8f0-7,Standard,23.03,Yearly,2024-12-03
S2896,cdde8c97-7,Premium,6.24,Yearly,2022-02-05
S2897,f892d9d6-4,Premium,13.73,Monthly,
S2898,7a412a23-a,Standard,18.29,Monthly,2024-05-26
S2899,55c69391-0,Basic,14.03,Monthly,2024-02-11
S2900,1ea93fea-4,Basic,7.12,Yearly,2021-10-04
S2901,0e29b2b2-b,Standard,22.3,Monthly,2023-07-02
S2902,ae7f8a39-2,Standard,24.07,Yearly,2023-04-15
S2903,0e347e96-8,Basic,22.7,Monthly,2022-04-02
S2904,0f503b0c-0,Premium,3.57,Monthly,2022-04-07
S2905,dab0ea82-f,Standard,3.96,Monthly,2025-10-14
S2906,23343e44-b,Premium,10.81,Yearly,2025-06-16
S2907,7822aa0d-4,Premium,10.16,Yearly,2025-12-02
S2908,05b6fb47-c,Premium,10.27,Yearly,2025-09-11
S2909,905408f2-e,Premium,5.85,Yearly,2025-05-18
S2910,3b367262-0,basic,4.11,Monthly,2025-12-07
S2911,f45a0c77-d,Premium,4.5,Yearly,2022-02-21
S2912,08eb7772-7,Premium,22.58,Yearly,2024-12-16
S2913,df9b5222-6,Standard,17.02,Monthly,2024-02-01
S2914,9e43da35-7,Basic,16.86,Yearly,2023-08-06
S2915,1fd47ad5-4,Standard,5.02,Monthly,2023-09-09
S2916,4e71f165-3,Standard,18.37,Yearly,2024-11-28
S2917,ce817a78-1,Premium,23.27,Monthly,2024-04-21
S2918,05e9ea6d-6,Basic,11.29,Yearly,2024-10-08
S2919,be1e1483-2,Premium,17.74,Yearly,2024-09-27
S2920,f08b6590-6,Premium,6.47,Monthly,2024-03-07
S2921,339d823e-4,Premium,14.6,Yearly,2021-08-31
S2922,68998aa4-a,Standard,7.9,Yearly,2021-11-11
S2923,f570490c-3,Basic,20.1,Yearly,
S2924,2a0278c7-d,Standard,3.59,Monthly,2022-02-24
S2925,eac5ea31-d,Premium,14.91,Yearly,2022-03-22
S2926,f72ae2a6-f,Basic,11.4,Monthly,2021-06-27
S2927,a98c6272-8,Premium,14.66,Yearly,2023-01-11
S2928,584344f2-8,Standard,15.28,Monthly,2021-12-07
S2929,e4ce6331-d,Basic,14.15,Yearly,2024-09-16
S2930,e7b06e71-d,Premium,20.07,Yearly,2023-07-03
S2931,f9e1f38a-0,Basic,17.42,Monthly,2024-09-09
S2932,9b40320a-8,Standard,15.48,Monthly,2023-01-30
S2933,ac2ff89e-1,Standard,9.11,Monthly,2024-01-01
S2934,6baec8c9-e,Standard,8.33,Monthly,2021-11-10
S2935,b72dea0f-3,Standard,6.04,Monthly,2024-02-10
S2936,0c2dd9ac-6,Basic,10.64,Monthly,2025-07-03
S2937,8d1f3ba2-3,Standard,6.13,Monthly,2023-02-06
S2938,e9ec4750-c,Standard,4.91,Yearly,2024-01-05
S2939,7fb7e061-d,Standard,6.34,Monthly,2024-04-07
S2940,668cea30-e,Standard,21.4,Yearly,2025-09-28
S2941,f61ed9ab-f,Premium,24.23,Yearly,2021-10-05
S2942,052839dc-8,Standard,12.18,Monthly,2022-03-05
S2943,6a3f9fae-5,Basic,14.52,Monthly,2024-07-13
S2944,2291af1c-f,Pr3mium,24.68,Yearly,2024-06-07
S2945,,Standard,14.27,Yearly,2021-07-21
S2946,09df5ea2-b,Basic,8.54,Yearly,2025-07-19
S2947,ac4f9989-e,Premium,22.43,Monthly,2022-11-06
S2948,f79ab312-3,Standard,17.99,Monthly,2023-02-22
S2949,4d5a80f6-f,Standard,4.0,,
S2950,8f14b14a-e,Standard,14.4,Yearly,2022-07-27
S2951,7443b18b-6,Premium,17.08,Yearly,2025-06-08
S2952,8e4f0103-7,Premium,21.12,Yearly,2024-10-27
S2953,090cb0e2-f,Premium,9.65,Yearly,2024-09-30
S2954,c27b77d3-d,Standard,21.08,Yearly,2024-04-12
S2955,d57ba1f3-1,Basic,22.0,Yearly,2024-08-27
S2956,966e9812-1,Premium,11.46,Yearly,2025-07-30
S2957,e186e9c4-0,Premium,13.79,Yearly,2024-06-20
S2958,76bae649-f,Basic,11.1,Yearly,2023-04-27
S2959,5a37995b-7,Premium,3.85,Monthly,2026-01-18
S2960,73fba99c-2,Basic,12.83,Yearly,2024-06-17
S2961,80abe361-8,Premium,21.41,Yearly,2025-05-04
S2962,1d45048e-5,Basic,9.98,Monthly,2022-12-06
S2963,2b6943e7-1,,5.52,Monthly,2022-05-09
S2964,adefa178-c,Basic,17.31,Yearly,2021-09-17
S2965,91f576af-1,Basic,6.64,Yearly,2025-06-15
S2966,97937e5e-8,Standard,8.12,Monthly,2023-08-03
S2967,c1e7914e-7,Basic,23.98,Monthly,2023-09-13
S2968,bca33955-7,Basic,14.6,Yearly,2022-02-04
S2969,c3d23aa8-7,Premium,15.23,Monthly,2024-01-13
S2970,01afa820-2,Standard,16.3,Yearly,2023-12-05
S2971,f7e3b3a4-c,Basic,3.25,Yearly,2025-06-28
S2972,1deea5da-4,Basic,13.74,Monthly,2024-03-21
S2973,ea4feb65-2,Basic,17.18,Monthly,2023-05-29
S2974,9e7496fc-7,Basic,12.59,Yearly,2025-11-03
S2975,0545ae4f-e,Basic,18.71,Yearly,2024-01-18
S2976,306818c9-4,Basic,3.63,Yearly,2025-04-07
S2977,b0949db9-0,Premium,5.68,Yearly,2025-09-05
S2978,6deabff8-d,Premium,,Yearly,2022-02-08
S2979,8732bb41-1,Basic,5.36,Yearly,2024-01-22
S2980,b139a491-4,Basic,10.04,Yearly,2025-06-24
S2981,cdbf0f8e-7,Basic,5.03,Yearly,2025-05-07
S2982,ca750eb1-1,Premium,8.2,Yearly,2023-09-10
S2983,5a7b702f-2,Premium,16.87,Yearly,2024-09-15
S2984,98a620ee-5,Basic,21.91,Monthly,2021-09-20
S2985,843c586d-e,Basic,5.74,Yearly,2025-02-11
S2986,b12f1cff-c,Basic,7.77,Monthly,2022-01-03
S2987,,Basic,3.17,Yearly,2025-07-30
S2988,7bab7b36-a,Standard,20.95,Monthly,2021-04-20
S2989,3f4b4ad8-e,Basic,16.92,Monthly,2025-01-04
S2990,fc571649-e,Premium,8.01,Monthly,2025-11-14
S2991,8c4aa068-2,Premium,24.51,Yearly,2023-04-19
S2992,954f82b7-d,Premium,10.34,Yearly,2025-09-02
S2993,ebbd4c1b-7,Premium,8.65,,2021-06-24
S2994,8cc3102f-6,Basic,5.35,Yearly,2022-04-20
S2995,130421d1-6,Standard,8.46,Monthly,2023-03-30
S2996,87293909-2,Basic,9.35,Monthly,2023-12-29
S2997,311b0a7d-d,Premium,16.81,Yearly,2021-08-20
S2998,1ccecc71-5,Premium,24.47,Yearly,2024-05-12
S2999,d28d33e7-6,Basic,3.15,Monthly,2022-11-18
S3000,ebaed842-c,Basic,20.83,Yearly,2025-11-03
S3001,2dd33c62-4,Standard,8.8,Yearly,2024-11-12
S3002,4fa1fb55-a,Standard,11.37,Yearly ,2024-05-09
S3003,7e94cec8-c,Standard,7.49,Monthly,2025-06-21
S3004,1793cc49-8,Basic,19.59,Monthly,2025-02-17
S3005,7253215f-2,Premium,7.02,Monthly,2021-10-19
S3006,ce2cbad0-2,Standard,22.18,Monthly,2024-09-26
S3007,e7a1c58f-e,Standard,12.02,Monthly,2022-03-01
S3008,90939573-d,Basic,3.96,Monthly,2023-04-08
S3009,0da0aaa9-1,Basic,18.18,Yearly,2022-11-08
S3010,,Premium,4.68,Yearly,2025-05-03
S3011,0150106a-c,Basic,22.21,Yearly,2022-10-10
S3012,3c40de84-7,Standard,8.03,Yearly,2023-03-27
S3013,af9b4e1c-6,Standard,5.21,Yearly,2023-05-01
S3014,851055ed-b,Basic,22.18,Monthly,2023-01-10
S3015,147dec1d-4,Premium,22.42,Yearly,2022-02-20
S3016,9d56a86a-5,Standard,7.25,Yearly,2021-02-22
S3017,881f9f69-2,Premium,23.25,Yearly,2025-04-07
S3018,81be51dd-7,Standard,21.41,Yearly,2023-12-28
S3019,82dcd801-7,Premium,23.26,Monthly,2025-01-10
S3020,9b662054-6,Standard,14.35,Monthly,2025-08-30
S3021,0fa64941-7,Standard,8.72,Monthly,2025-09-02
S3022,63a297bb-0,Standard,,Monthly,2024-11-08
S3023,14f43649-0,Basic,9.01,Yearly,2022-05-30
S3024,20b509dd-7,Basic,16.27,Monthly,2025-06-13
S3025,c9c80a44-9,Standard,20.3,Yearly,2021-12-07
S3026,ba0eeec4-2,Premium,14.47,Monthly,2022-09-03
S3027,07beeb0e-a,Premium,18.16,Monthly,2025-11-01
S3028,5d6e9607-8,Premium,18.71,Yearly,2022-05-19
S3029,c2341a7e-5,Basic,7.83,Yearly,2021-09-24
S3030,ad6da156-e,Premium,18.66,Monthly,2025-07-14
S3031,f1ff09fd-8,Premium,22.02,Monthly,2026-01-02
S3032,400c5529-b,Basic,7.87,Monthly,2021-04-25
S3033,b714685e-8,Basic,17.83,Yearly,2023-10-03
S3034,d5f2d693-d,Premium,3.33,Monthly,2026-02-06
S3035,7faefb15-2,Standard,17.09,Monthly,2022-05-03
S3036,31cfe6cb-f,Standard,13.91,Yearly,2024-02-19
S3037,760420a6-f,Premium,20.08,Monthly,2023-06-25
S3038,8d5e8728-9,Standard,12.17,Monthly,2022-03-16
S3039,b0ddb0c7-8,Premium,12.2,Monthly,2023-04-02
S3040,adc0054f-c,basic,19.24,Yearly,2022-11-10
S3041,37cca4a3-9,Basic,15.81,Monthly,2022-04-24
S3042,7f99ccc2-8,Basic,22.14,Yearly,2022-12-26
S3043,4738352d-6,Basic,17.02,Monthly,2025-08-02
S3044,c9155e5a-2,Standard,6.97,Yearly,2025-06-12
S3045,c417a4af-7,Standard ,4.58,Monthly,2021-04-06
S3046,f85672bc-c,Basic,17.28,Yearly,2022-04-09
S3047,2ab90230-5,Basic,13.67,Yearly,2023-12-26
S3048,defa2a7e-d,Premium,,Monthly,2021-02-13
S3049,d02c6e57-6,Basic,24.05,Yearly,2025-03-25
S3050,42c898c2-9,Premium,20.98,Monthly,2021-12-13
S3051,bd3f169a-b,Premium,22.26,Monthly,2025-01-15
S3052,83f97855-5,Basic,6.19,Yearly,2023-11-19
S3053,de815548-2,Premium,23.37,Monthly,2022-11-03
S3054,c36780a8-4,Standard,22.3,Monthly,2021-07-18
S3055,8768cac0-6,Premium,19.47,Monthly,2024-02-22
S3056,a5525ab6-0,Standard,21.59,Monthly,2024-01-04
S3057,cf66c841-a,Basic,20.33,Monthly,2023-01-27
S3058,a00384f6-1,Basic,6.64,Monthly,2025-10-01
S3059,ea085263-3,Standard,14.12,Yearly,2026-02-05
S3060,bb5ace27-4,Basic,8.49,Yearly,2023-09-30
S3061,130b6821-4,Premium,14.24,Yearly,2021-02-27
S3062,5e73dcef-0,Standard,10.99,Monthly,2024-09-04
S3063,d06a87db-7,Standard,11.38,Monthly,2023-05-04
S3064,c173fc06-9,Standard,23.08,Yearly,
S3065,9a32f149-e,Premium,6.59,Monthly,2021-05-31
S3066,b960159d-4,Standard,20.31,Yearly,2023-09-12
S3067,f3e2a41f-d,Premium,21.52,Monthly,2021-10-15
S3068,dd1ad04b-f,Basic,15.04,Yearly,2024-08-15
S3069,875874fb-7,Premium,16.66,Yearly,2022-05-12
S3070,6c7db648-2,Premium,21.55,Monthly,2021-04-10
S3071,618428b6-4,Premium,19.12,Monthly,2024-07-29
S3072,4fcad5b2-6,Standard,20.8,Monthly,2025-07-31
S3073,aa93833c-c,Premium,3.45,Monthly,2021-07-13
S3074,bc8206e5-4,Basic,16.01,Monthly,2021-05-06
S3075,a5e4d9f7-2,Premium,17.33,Yearly,2022-03-31
S3076,56645dc1-3,Basic,21.17,Monthly,2024-03-01
S3077,30054db6-2,Standard,22.43,Yearly,2024-09-29
S3078,5565725a-5,Premium,15.6,Yearly,2022-02-19
S3079,6b2d35a1-a,Standard,3.69,Yearly,2023-01-06
S3080,81ab1eda-2,Standard,9.39,Yearly,2024-08-05
S3081,035650dc-6,Premium,11.32,Yearly,2022-06-09
S3082,9bd547bb-1,Standard,22.46,Yearly,2024-12-25
S3083,ec232fd9-f,Basic,6.82,Monthly,2023-05-11
S3084,7045f9b9-e,Basic,20.52,Monthly,2022-07-20
S3085,42a415d0-0,Premium,20.68,Monthly,2025-10-11
S3086,de6cf0af-8,Premium,7.58,Monthly,2022-01-25
S3087,dc5686a7-c,Standard,24.37,Monthly,2021-12-13
S3088,ba373047-6,Premium,22.76,Yearly,2022-06-08
S3089,d1c5965f-e,Standard,12.17,Monthly,2025-08-27
S3090,ea28d629-3,Standard,14.29,Monthly,2025-02-04
S3091,8032ad7f-0,Premium,24.69,yearly,2022-01-14
S3092,3f0516e0-f,Premium,12.68,Yearly,2024-08-04
S3093,34dd961f-5,Premium,16.39,Monthly,2021-10-19
S3094,5c7aa1f9-8,Standard,18.55,Yearly,2025-12-27
S3095,d5acf05a-a,Standard,21.82,Yearly,2021-08-27
S3096,977d6894-e,Standard,17.17,Yearly,2024-01-04
S3097,0c42b3a3-a,Premium,11.82,Yearly,2024-11-18
S3098,c6bbf578-5,Standard,6.97,Yearly,2025-05-10
S3099,e0f081f0-c,Premium,6.77,Yearly,2025-03-03
S3100,9da5ec8d-6,Premium,8.66,Yearly,2023-09-29
S3101,a7b80e20-a,Premium,10.08,Monthly,2023-08-06
S3102,b90d6053-e,Premium,19.23,Monthly,2024-09-09
S3103,951eeb6d-e,Standard,21.96,Yearly,2024-05-28
S3104,2a3ae1f7-9,Standard,20.93,,2024-10-03
S3105,7f2fdfa0-3,Basic,21.73,Monthly,2023-12-03
S3106,28c3cac3-f,Premium,15.82,Yearly,2021-04-25
S3107,,Basic,7.47,Monthly,
S3108,aca828c5-a,Standard,10.06,Yearly,2021-04-04
S3109,ab99634e-4,Standard,20.43,Yearly,2024-12-29
S3110,8ac4d533-3,Basic,10.85,Monthly,2021-08-31
S3111,04f8783d-c,Standard,21.35,Yearly,2025-11-10
S3112,39da29c7-f,Standard,9.48,Monthly,2023-02-06
S3113,90b01042-e,Standard,7.22,Yearly,2025-12-13
S3114,21621f44-e,Basic,22.76,Yearly,2022-04-27
S3115,2e1c8fae-d,Premium,11.95,Monthly,2023-05-20
S3116,b08d10e7-6,Standard,5.85,Monthly,2024-08-16
S3117,903bc276-b,Basic,11.55,Yearly,2023-09-26
S3118,,Basic,24.99,Yearly,2022-08-19
S3119,766ee997-1,Basic,6.84,Monthly,2023-07-26
S3120,d84e989e-a,Standard,14.16,Monthly,2021-08-25
S3121,d0ee0cb1-9,Premium,16.4,,2024-02-23
S3122,ad7acca8-8,Basic,7.74,Yearly,2023-04-28
S3123,a055d95a-d,Basic,13.25,Yearly,2021-06-19
S3124,afd30c6e-b,Standard,7.72,Monthly,2024-10-30
S3125,cc0ba8c3-2,Basic,4.49,Yearly,2023-01-15
S3126,faa120ca-8,Standard,19.89,Monthly,2022-06-11
S3127,143e7d42-1,Premium,20.41,Yearly,2024-09-16
S3128,258026e8-6,Basic,11.34,Yearly,2024-11-16
S3129,b96ac187-4,Basic,7.79,Yearly,2024-08-30
S3130,53a3ec15-2,Standard,8.71,Yearly,2022-11-07
S3131,fe4afce4-6,Standard,24.36,Yearly,2025-06-21
S3132,2b6bdd4e-6,Basic,10.2,Monthly,2025-03-29
S3133,f76be95f-3,Standard,10.42,Yearly,2021-08-08
S3134,2b20b0a9-d,Basic,16.02,Monthly,2023-10-28
S3135,e0915f06-1,Premium,19.16,Yearly,2025-07-14
S3136,2b3d3aa2-8,Premium,9.24,Monthly,2022-02-25
S3137,f4f54016-1,Basic,19.49,Monthly,2023-03-25
S3138,7ef6b667-b ,Premium,11.65,Yearly,2024-01-03
S3139,813b808b-0,Standard,6.53,Monthly,2023-05-20
S3140,8fd6ca7c-2,Premium,11.16,Yearly,2024-04-18
S3141,a06b94ee-1,Premium,12.48,Monthly,2022-10-22
S3142,d60d4663-2,Premium,21.22,Monthly,2025-07-16
S3143,6f226aa8-4 ,Basic,9.08,Yearly,2021-07-27
S3144,ea2e0362-5,Standard,19.94,Yearly,2022-03-19
S3145,374172a5-9,Basic,7.05,Yearly,2022-03-17
S3146,c5ce1b57-d,Premium,21.71,Monthly,2024-08-09
S3147,b2e3683f-7,Basic,17.41,Monthly,2025-10-07
S3148,c826f92e-d,Standard,13.24,Monthly,2025-11-17
S3149,5c4bad29-d,Premium,7.02,Yearly,2022-05-13
S3150,04da9dde-b,Standard,17.94,Monthly,2023-08-08
S3151,6a59dd5e-d,Standard,3.15,Monthly,2025-07-18
S3152,2ab81e1a-e,Basic,19.2,Yearly,2023-08-07
S3153,56cabb14-f,Basic,24.69,Monthly,2022-08-05
S3154,615ee902-a,Basic,23.31,Yearly,2021-03-15
S3155,a02cc085-8,Premium,13.22,Monthly,2025-11-01
S3156,b9cec243-2,Basic,20.87,Yearly,2021-04-04
S3157,d779ad52-6,Standard,16.78,Yearly,2025-01-17
S3158,8d75fa5b-0,Premium,23.16,Monthly,2024-08-12
S3159,ef91eec9-9,Premium,22.48,Yearly,2025-02-19
S3160,9c5ac113-a,Premium,14.52,Yearly,2022-11-03
S3161,b323567d-5,Standard,8.9,Yearly,2025-02-27
S3162,571f08c8-d,Basic,14.56,Yearly,2023-03-22
S3163,c2961c04-2,Standard,4.55,Monthly,2024-12-29
S3164,c4a415e4-9,Basic,10.26,Monthly,2022-10-22
S3165,95282e36-b,Standard,12.6,Yearly,2023-11-16
S3166,2c631575-1,Standard,15.95,Monthly,2025-06-30
S3167,7505134a-b,Premium,24.2,Monthly,2023-01-22
S3168,2a7d8cf2-6,Premium,24.86,Yearly,2021-06-04
S3169,79994917-9,Basic,18.71,Monthly,2024-05-20
S3170,99fc263a-c,Standard,17.34,Monthly,2021-02-15
S3171,9174a004-0,Standard,19.42,Yearly,2023-05-05
S3172,f46e8e09-5,Standard,11.12,Monthly,2023-02-27
S3173,4819e56e-8,Standard,19.29,Yearly,2025-03-21
S3174,983d05cc-9,Basic,8.1,Yearly,2025-01-18
S3175,05dbcd2e-a,Premium,22.77,Yearly,2021-06-19
S3176,cafc4fd7-4,Standard,,Monthly,2023-09-16
S3177,2e85dc6b-c,Premium,8.99,Monthly,2024-02-20
S3178,4f56eb5a-2,Premium,24.43,Yearly,2024-07-03
S3179,84bb05a3-4,Basic,10.49,Yearly,2023-01-19
S3180,3366c897-0,Premium,22.15,Yearly,2021-02-12
S3181,53b9c078-a,Basic,3.97,Monthly,2021-12-06
S3182,fb83bf2f-1,Standard,8.2,Monthly,2022-05-14
S3183,86feb97f-4,Standard,7.41,Yearly,2023-05-17
S3184,83ecff45-4,Premium,17.58,Monthly,2025-10-10
S3185,cb63da14-d,Basic,6.79,Yearly,2022-02-17
S3186,,Basic,24.05,Monthly,2021-10-11
S3187,bd3bb2e2-6,Basic,21.75,Yearly,2022-03-09
S3188,1b3e56e4-b,Basic,24.47,Monthly,2023-11-28
S3189,32fe8a25-4,Standard,7.79,Monthly,2024-08-04
S3190,dd13c0cd-6,Premium,11.15,Yearly,2021-12-31
S3191,53c0b04a-d,Premium,11.78,Yearly,2021-10-07
S3192,7d0b90f2-f,Standard,24.02,Yearly,2025-11-12
S3193,a6bd160a-4,Standard,13.08,Yearly,2025-02-24
S3194,04f177f4-e,Premium,17.23,Monthly,
S3195,36e5f026-3,Basic,15.78,Yearly,2024-05-18
S3196,f51486a0-a,Standard,19.78,Monthly,2021-07-08
S3197,f1c7c3a2-b,basic,12.09,Yearly,2024-03-20
S3198,707433b6-6,Premium,16.18,Monthly,2024-07-19
S3199,99fcb433-a,Basic,6.33,Monthly,2021-11-17
S3200,429ca755-9,Premium,17.14,Monthly,2023-09-16
S3201,04d79c72-9,Standard,23.87,Monthly,2025-12-16
S3202,12451dbd-6,Premium,24.39,Yearly,2025-02-04
S3203,51357f50-0,Standard,14.07,Yearly,2023-01-15
S3204,2bd122f3-8,Standard,11.86,Monthly,2022-12-02
S3205,12a1aaaa-e,Basic,8.01,Yearly,2022-12-25
S3206,d0768ccc-c,Basic,17.55,Monthly,2021-11-24
S3207,38f4271d-8,Basic,21.05,Monthly,2025-01-27
S3208,7bf86cda-0,Basic,11.23,Monthly,2022-07-25
S3209,3b208d07-4,Basic,22.36,Yearly,2022-07-19
S3210,07f752a0-b,Premium,8.74,Yearly,2025-03-05
S3211,720e7437-4,Basic,10.21,Yearly,2022-04-20
S3212,f3092868-e,Basic,6.14,Yearly,2022-01-06
S3213,472fe0c0-3,Basic,12.58,Monthly,
S3214,805bc4ff-9,Basic,13.83,Yearly,2021-05-07
S3215,63b76916-f,Basic,16.45,Monthly,2021-02-28
S3216,b74da341-2,Basic,19.03,Yearly,2025-06-21
S3217,44d91185-2,Standard,6.01,Yearly,2023-10-24
S3218,3345745e-7,Standard,22.2,Monthly,2024-11-12
S3219,b03a9783-8,Premium,24.46,Yearly,2024-02-27
S3220,d053986e-2,Premium,17.67,Monthly,2021-10-28
S3221,4f9a165e-8,Premium,13.16,Yearly,2021-11-13
S3222,09691389-a,Premium,5.72,Monthly,2025-07-18
S3223,a8a2fd8d-4,Basic,21.82,Monthly,2021-05-03
S3224,589d1003-3,Basic,21.77,Monthly,2022-03-26
S3225,cf3f5582-d,Premium,5.26,Yearly,2021-08-24
S3226,1c47e8d7-0,Basic,5.58,Monthly,2021-06-17
S3227,efcda5d7-0,Standard,12.71,Monthly,2023-05-27
S3228,f8e3f515-f,Premium,,Yearly,2024-08-03
S3229,bd1e0ee5-e,Premium,11.29,Monthly,2022-03-12
S3230,048371ec-e,Premium,14.75,Yearly,2025-12-04
S3231,1648e2a3-1,Premium,24.08,Monthly,2023-02-06
S3232,69b95744-4,Basic,7.0,Monthly,2025-06-26
S3233,93a3b66c-5,Premium,11.86,Monthly,2023-12-24
S3234,f2f81008-3,Standard,13.17,Monthly,2022-04-18
S3235,8fed62d3-3,Basic,15.68,Monthly,2025-07-25
S3236,11f4e9f5-f,Basic,17.96,Monthly,2023-10-16
S3237,4d555230-b,Basic,,Monthly,2026-01-19
S3238,5cb2b5a1-e,Basic,22.21,Monthly,2021-07-31
S3239,289de545-e,Premium,18.17,Yearly,2022-10-22
S3240,76b96d15-2,Standard,4.53,Monthly,2022-03-21
S3241,b14eb55d-2,Standard,4.12,Monthly,2021-03-06
S3242,9bd57f74-1,Premium,8.81,Yearly,2023-11-01
S3243,b6758501-3,Premium,,Yearly,2025-05-16
S3244,b021404a-2,Basic,5.33,Monthly,2025-10-25
S3245,97c55407-1,Basic,24.38,Yearly,2022-09-14
S3246,ef619fb2-b,Basic,13.81,Yearly,2024-01-15
S3247,2b98518b-4,Standard,23.55,Yearly,2024-08-05
S3248,e73720ac-e,Premium,10.22,Monthly,2024-01-25
S3249,a9a45bb3-e,Basic,9.03,Yearly,2025-09-11
S3250,76eca414-a,Basic,9.15,Monthly,2025-11-04
S3251,2a65a7ce-c,Basic,12.29,Monthly,2022-01-27
S3252,8e99a113-8,Basic,8.84,Yearly,2025-11-14
S3253,85261379-3,Standard,12.16,Monthly,2021-08-09
S3254,1cbdeb25-6,Standard,20.81,Monthly,2021-03-25
S3255,cecc1774-5,Standard,3.79,Yearly,2024-01-28
S3256,0ce1b174-0,Basic,13.47,Monthly,2024-06-27
S3257,,Basic,3.15,Yearly,2022-04-02
S3258,6ffdb4a6-1,Basic,9.94,Monthly,2021-05-25
S3259,42d56adc-e,Premium,7.64,Yearly,2021-05-16
S3260,eda839ed-a,Basic,17.49,Yearly,2023-11-17
S3261,b3516c46-f,Standard,3.1,Yearly,2024-06-26
S3262,1ad19f10-8,Premium,3.74,Monthly,2024-05-09
S3263,ec5ac4e4-1,Premium,11.27,Yearly,2022-09-03
S3264,055fc32b-b,Basic,8.19,Yearly,2021-07-31
S3265,0239da3b-7,Basic,5.8,Monthly,2025-06-30
S3266,e7d7e971-3,Premium,12.13,Monthly,2025-06-01
S3267,d0fb0dd1-2,Standard,19.28,Yearly,2023-12-11
S3268,08e30b81-8,Basic,15.12,Monthly,2021-09-26
S3269,57bfee61-3,Standard,4.76,Yearly,2022-09-18
S3270,5077a799-1,Standard,19.93,Yearly,2025-10-19
S3271,31c84664-8,Premium,8.13,Monthly,2022-10-02
S3272,f01fe43f-0,Basic,24.83,Monthly,2026-01-15
S3273,c2fc6938-4,Premium,6.52,Yearly ,2023-12-01
S3274,1e3d597c-0,Premium,21.04,Yearly,2023-01-21
S3275,141bac8b-7,Premium,21.63,Yearly,2025-08-10
S3276,84662a6f-c,Basic,6.84,Yearly,2023-02-01
S3277,e6993492-9,Standard,19.73,Monthly,2023-10-28
S3278,18f4c21d-c,Premium,24.88,Monthly,
S3279,f56aed3c-0,Standard,15.04,Yearly,2025-01-18
S3280,07196ffc-b,Basic,21.33,Monthly,2024-09-10
S3281,34fab3cb-f,Standard,5.94,Monthly,2024-03-21
S3282,cc97aae1-b,Standard,22.96,Monthly,2023-01-17
S3283,07179bb5-b,Standard,10.07,Yearly,2024-02-20
S3284,bc9fb025-2,Standard,8.7,Monthly,2024-12-13
S3285,7bfd6098-c,Standard,5.88,Monthly,2022-11-02
S3286,c25cb5a8-3,Basic,23.86,Monthly,2025-07-05
S3287,028fa96b-9,Premium,7.61,Monthly,2022-09-07
S3288,6c1e0d1a-5,Standard,10.59,Monthly,2023-02-25
S3289,ff3e7e34-2,Basic,7.7,Yearly,2021-03-19
S3290,b500dfd3-4,Standard,5.13,Monthly,2024-12-05
S3291,793bd808-0,Standard,15.82,Yearly,2024-11-15
S3292,9c6bb069-3,Basic,23.59,Monthly,2024-09-28
S3293,f9c37383-8,Premium,7.55,Yearly,2025-02-21
S3294,6333d3a7-1,Basic,17.72,Monthly,2025-01-22
S3295,8f014035-a,Basic,10.23,Yearly,2024-01-19
S3296,35a8e4d9-7,Premium,13.2,Yearly,2022-07-27
S3297,b1f7cd9e-d,Premium,16.63,Yearly,2022-10-04
S3298,50871de0-6,Premium,12.35,Yearly,2024-05-06
S3299,f97de46a-0,Premium,7.64,Yearly,2022-08-21
S3300,b1aa356b-7,Basic,4.6,Monthly,2023-08-14
S3301,4dda2b4d-1,Standard,14.6,Yearly,2022-01-23
S3302,52ab2360-2,Standard,4.31,Monthly,2023-10-30
S3303,b104b8fe-a,Basic,8.34,Yearly,2025-07-12
S3304,22268a1b-f,Standard,12.25,Monthly,2021-06-08
S3305,66ff6f07-6,Basic,24.86,Monthly,2026-01-14
S3306,7f7da50f-c,Premium,5.66,Yearly,2023-11-24
S3307,a3bfd98f-c,Basic,11.53,Yearly,2023-08-05
S3308,46bfbdda-c,Standard,12.81,Monthly,2023-06-09
S3309,4a499ca8-4,Standard,3.15,Monthly,2022-11-02
S3310,8434cafb-3,Basic,19.41,Monthly,2024-03-04
S3311,1eb5ca3c-d,Standard,13.09,Yearly ,2023-07-07
S3312,cbe7f400-9,Standard,20.71,Monthly,2022-12-21
S3313,daa46b73-b,Basic,8.69,Yearly,2025-10-05
S3314,30e7081d-e,Premium,15.66,Yearly,2022-08-26
S3315,4863bc4a-9,Premium,12.65,Yearly,2021-05-16
S3316,0cac54cb-4,Standard,12.17,Yearly,2022-07-14
S3317,a38a369c-e,Standard,22.42,Monthly,2023-12-04
S3318,371ea5fe-3,Standard,8.09,Yearly,2024-07-01
S3319,8144b60b-2,Standard,3.85,Yearly,2025-08-30
S3320,8ff4c261-5,Basic,15.64,Monthly,2025-04-21
S3321,c48ebde3-9,Premium,22.42,Yearly,2023-11-09
S3322,50d5e50f-5,Basic,19.01,Monthly,2025-08-05
S3323,b9113b98-6,Basic,6.76,Yearly,2023-07-11
S3324,5d359c92-a,Standard,24.99,Monthly,2023-04-27
S3325,fdc09ea6-d,Basic,3.47,Monthly,2021-11-25
S3326,c9febae4-6,Standard,22.79,Yearly,2026-01-18
S3327,45a8c7a3-8,Standard,19.44,Yearly,2023-07-21
S3328,f346ae0c-1,Standard,15.3,Yearly,2024-07-21
S3329,f22ce354-7,Standard,6.61,Monthly,2021-03-19
S3330,a5512808-5,Standard,9.22,Monthly,2025-07-28
S3331,16d93662-b,Basic,18.79,Yearly,2024-01-26
S3332,0022f4a2-a,Premium,17.56,Monthly,2022-05-24
S3333,7cc1f528-d,Standard,14.52,Yearly,2025-01-20
S3334,841a064a-1,Premium,22.91,Monthly,2022-03-26
S3335,c9883e7f-4,Standard,9.48,Monthly,2022-03-06
S3336,3f7b0da7-e,Premium,10.79,Monthly,2021-11-05
S3337,e921432c-c,Premium,13.45,Yearly,2022-10-17
S3338,7f31680e-8,Standard,4.86,Yearly,2024-09-05
S3339,cd3b33d7-4,Standard,20.39,Monthly,2022-12-01
S3340,9e52ca99-a,Basic,22.82,Monthly,2022-01-19
S3341,6cd496aa-b,Premium,13.68,Yearly,2021-02-21
S3342,2cf1976c-2,Standard,16.99,Monthly,2024-01-05
S3343,88a635ef-6,Standard,13.57,Yearly,2022-08-10
S3344,fa4bcf8b-8,Standard,16.35,Monthly,2024-04-19
S3345,4fa65583-e,Premium,7.42,Yearly,2023-05-14
S3346,1302f030-5,Premium,24.93,Yearly,2021-06-23
S3347,20ee87ef-c,Standard,3.41,Monthly,2021-08-04
S3348,4e8d6804-5,Premium,18.94,Yearly,2021-07-18
S3349,1cb4972d-8,Basic,11.05,Monthly,2022-08-08
S3350,1ec37d65-9,Premium,20.19,Yearly,2023-06-29
S3351,03610ac8-8,Standard,18.26,Monthly,2022-08-24
S3352,bcc3f726-e,Basic,8.74,Monthly,2022-08-02
S3353,7cc290a9-3,Standard,6.84,Monthly,2025-06-09
S3354,ac8ed9a3-7,Basic,9.89,Monthly,2022-05-28
S3355,96abf237-7,Basic,13.82,Yearly,2023-12-09
S3356,c80ec46c-2,Basic,22.76,Monthly,2023-11-17
S3357,75fa0fb5-a,Premium,21.42,Monthly,2025-04-02
S3358,50f55543-8,Basic,12.21,Yearly,2024-11-03
S3359,984ed3f3-4,Premium,12.37,Monthly,2024-04-11
S3360,1b82b4d0-7,Premium,21.62,Yearly,2023-10-23
S3361,bb1ac1ca-b,Standard,14.83,Yearly,2023-01-04
S3362,a55bfe8e-6,Basic,10.26,Yearly,2021-12-29
S3363,770362cb-e,Basic,11.19,Monthly,2025-01-31
S3364,027bd55f-5 ,Basic,,Monthly,2022-11-04
S3365,28858f5c-f,,5.08,Yearly,2023-06-20
S3366,79c55ed7-8,Basic,8.49,Yearly,
S3367,644d8015-4,Premium,6.92,Monthly,2025-08-30
S3368,4cbb0dd9-e,Basic,6.19,Monthly,2022-10-16
S3369,ea7d5d5f-0,Standard,15.69,Monthly,2021-05-31
S3370,4f6d33cf-7,Basic,12.69,Monthly,2025-06-07
S3371,57453fac-b,Basic,15.9,Yearly,2024-02-11
S3372,c9311a0b-a,Premium,18.58,Yearly,2021-10-21
S3373,c45d534c-c,Premium ,6.91,Yearly,2024-04-07
S3374,39f8509f-6,Premium,23.76,Yearly,2022-02-11
S3375,9065f590-0,Premium,11.53,Monthly,2023-12-16
S3376,f1cb5d80-9,Premium,23.84,Yearly,2024-10-21
S3377,4d858abe-7,Basic,21.12,Monthly,2024-08-23
S3378,b2f1cc74-d,Basic,12.84,Monthly,2025-10-30
S3379,3445d0e7-d,Premium,18.59,Monthly,2023-05-23
S3380,30d0255e-7,standard,16.51,Monthly,2024-09-20
S3381,1be42226-e,Basic,6.74,Monthly,2025-05-09
S3382,df893433-1,Standard,16.35,Yearly,2025-01-25
S3383,6e610f14-8,Premium,24.59,Monthly,2023-10-15
S3384,e2d5bf0a-a,Standard,6.04,Yearly,2024-12-31
S3385,bec67733-1,Standard,20.21,Yearly,2021-11-04
S3386,8ca26198-8,Premium,,Monthly,2024-08-23
S3387,6f99a1af-4,Basic,19.28,Yearly,2021-06-28
S3388,ca8d9328-a,Premium,12.8,Monthly,2024-10-14
S3389,a93ba51b-5,Premium,24.95,Monthly,2025-09-24
S3390,9f3d9bb2-c,Basic,12.15,Yearly,2025-10-25
S3391,0ecb4420-6,Standard,10.22,Yearly,2022-07-12
S3392,cd53d8cf-c,Premium,5.4,Monthly,2023-03-21
S3393,a91546df-0,Standard,7.06,Yearly,2024-09-06
S3394,1f22e19a-4,Standard,21.16,Monthly,2024-01-27
S3395,d65e713a-4,Premium,17.92,Yearly,2024-01-17
S3396,3032439b-4,Basic,,Monthly,2024-10-07
S3397,daa54fb5-6,Premium,5.48,Yearly,2023-08-02
S3398,a1111098-2,Premium,19.67,Yearly,2024-10-24
S3399,9962995e-0,Standard,24.97,Yearly,2025-10-18
S3400,cf3aaa59-2,Standard,18.45,Monthly,2023-09-19
S3401,77a8ccea-a,Premium,17.89,Yearly,2022-04-09
S3402,ee836be0-4,Premium,22.52,Yearly,2023-01-11
S3403,9e0a5eae-2,Basic,12.54,Monthly,2021-12-04
S3404,926cbeab-7,Basic,17.83,Yearly,2025-06-18
S3405,d61cb9f8-8,Standard,14.53,Monthly,2021-06-25
S3406,4e2a7e02-f,Basic,19.82,Monthly,2022-12-24
S3407,27aa6841-4,Standard,8.63,Monthly,2022-11-26
S3408,1151b125-5,Basic,13.23,Yearly,2025-06-20
S3409,51b13811-6,Basic,16.21,Yearly,2025-03-16
S3410,2bf3e0d2-4,Standard,8.53,Yearly,2021-08-07
S3411,25f6a42e-f,Premium,3.81,Yearly,2024-07-17
S3412,e4107287-5,Premium,17.41,Yearly,2021-12-09
S3413,4d2fee8e-1,Standard,17.6,Yearly,2025-01-29
S3414,81d402d6-2,Basic,17.49,Monthly,2021-05-29
S3415,308e45da-c,Standard,7.56,Yearly,2026-01-15
S3416,efb09497-0,Basic,7.39,Monthly,2026-01-02
S3417,8a879800-a,Premium,,Yearly,2024-01-26
S3418,878a2dd7-7,Premium,8.15,Yearly,2023-01-03
S3419,27a49897-d,Premium,4.32,Yearly,2024-07-11
S3420,e5ef9d2e-1,Basic,17.45,Yearly,2024-03-19
S3421,5715cf7f-a,Basic,23.12,Yearly,2024-07-24
S3422,17de0748-3,Basic,7.64,Yearly,2022-11-30
S3423,66a5b565-e,Premium,9.19,Monthly,2024-11-02
S3424,0c3e4880-5,Basic,23.84,Yearly,2022-03-09
S3425,c063baea-1,Basic,,Yearly,2024-02-10
S3426,672fa87a-8,Premium,16.32,Monthly,2022-11-04
S3427,da996289-9,Basic,5.53,Yearly,2024-11-10
S3428,22fe4b28-8,Standard,13.3,Yearly,2021-08-21
S3429,d724e918-c,Standard,6.97,,2021-05-18
S3430,51d1e92c-9,Basic,10.1,Yearly,2024-06-08
S3431,0363177f-4,Basic,19.26,Monthly,2025-06-01
S3432,361c20e1-3,Standard,3.95,Yearly,2025-01-12
S3433,f0847ecc-6,Premium,12.31,Yearly,2025-06-09
S3434,681da1ce-6,Premium ,22.79,Monthly,2021-08-04
S3435,1e55e773-2,Basic,18.37,Yearly,2025-10-03
S3436,e39de92d-e,Premium,20.03,Yearly,2024-07-01
S3437,,Basic,20.21,Yearly,2021-12-15
S3438,276335a5-9,Standard,12.87,Yearly,2023-11-02
S3439,c8f09127-7,Basic,8.71,Monthly,2025-06-23
S3440,1aea440e-a,Premium,3.0,Monthly,2023-02-05
S3441,b7826504-3,Basic,19.04,Monthly,2022-02-03
S3442,a3813324-5,Standard,5.09,Monthly,2021-06-14
S3443,5d3cbfb4-f,Standard,5.25,Monthly,2025-02-23
S3444,e361b2da-e,Basic,23.63,Monthly,2025-06-07
S3445,e4a763b9-7,Premium,20.87,Yearly,2021-03-22
S3446,ce3a54ce-6,Basic,15.82,Monthly,2024-12-10
S3447,df4d74d4-c,Basic,7.6,Yearly ,2025-11-20
S3448,837f196b-3,Standard,15.74,Monthly,2024-03-25
S3449,254ded21-4,Premium,11.09,Monthly,2024-12-23
S3450,6b5346c0-6,Premium,21.47,Monthly,2024-02-13
S3451,52e9d845-e,Premium,23.42,Monthly,2024-03-09
S3452,6049f733-3,Standard,3.27,Yearly,2022-10-07
S3453,33f9f21e-7,Basic,8.51,Yearly,2023-07-15
S3454,9a33baa7-1,Premium,13.59,Yearly,2022-12-16
S3455,b83c641c-b,Basic,20.88,Yearly,2021-06-28
S3456,ed75a660-d,Premium,17.02,Yearly,2021-06-06
S3457,0a1de28e-a,Standard,3.84,Yearly,2022-05-18
S3458,06784d14-e,Basic,23.37,Monthly,2022-10-10
S3459,470ae240-8,Basic,12.74,Monthly,2021-06-29
S3460,e1accf12-5,Premium,16.02,Yearly,2023-09-08
S3461,dce8a5f7-b,Standard,,Monthly,2023-03-16
S3462,3b107b99-9,Standard,14.67,Yearly,2024-11-10
S3463,b0800ef0-1,Premium,19.53,Monthly,2025-03-26
S3464,3b654872-e,Basic,24.33,Yearly,2025-11-16
S3465,70b8f9cb-0,Standard,19.83,Monthly,2023-01-04
S3466,71510fc6-3,Premium,10.4,Monthly,2024-10-11
S3467,b92ff33d-0,Premium,3.63,Monthly,2025-04-23
S3468,782fac6f-5,Premium,18.37,Monthly,2022-02-05
S3469,626bc2f9-3,Basic,,Yearly,2024-08-17
S3470,5077b7ed-f,Premium,13.66,Yearly,2023-01-22
S3471,9563f555-1,Basic,4.03,Monthly,2024-11-23
S3472,f75a73f3-a,Premium,10.6,Yearly,2026-01-17
S3473,54ec22eb-d,Standard,7.28,Monthly,2021-07-15
S3474,6c12b185-8,Standard,16.44,Monthly,2024-03-27
S3475,9fdb766c-b,Standard,6.81,Yearly,2025-09-26
S3476,860d4f5a-9,Standard,10.02,Yearly,2022-07-14
S3477,153c2704-a,Basic,11.22,Monthly,2023-05-29
S3478,3eaff2e7-d,Standard,24.27,Monthly,2025-06-06
S3479,0a21423d-3,Premium,13.67,Monthly,2026-02-03
S3480,9a7bad4a-4,Standard,,Monthly,2022-03-18
S3481,8ea536de-0,Premium,20.73,Monthly,2021-10-02
S3482,3b51c579-a,Standard,18.05,Monthly,2023-04-25
S3483,dec0e404-4,Premium,18.32,Yearly,2021-05-14
S3484,c943e37a-0,Basic,10.53,Yearly,2023-04-25
S3485,da0dc9d1-1,Premium,4.37,Yearly,2021-10-13
S3486,9c3e16a2-1,Basic,15.86,Yearly,2021-05-02
S3487,fbfa0c3f-a,Standard,6.91,Yearly,2021-06-16
S3488,f89ef5bb-6,Basic,22.74,Monthly,2025-02-11
S3489,15f39765-6,Premium,12.77,Yearly,2024-11-11
S3490,5420bc01-1,Standard,16.32,Yearly,2024-12-26
S3491,e2a51855-9,Basic,14.13,Monthly,2025-04-11
S3492,0faf82c6-a,Premium,10.82,,2022-10-05
S3493,339af8a6-7,Premium,13.93,Monthly,2021-08-11
S3494,ab89c9da-3,Premium,16.5,Yearly,2022-04-20
S3495,e3a6b178-7,Premium,17.18,Monthly,2021-12-13
S3496,b1b18541-c,Premium,20.46,Monthly,2022-09-06
S3497,a6f79cb9-6,Basic,24.39,Monthly,2021-05-18
S3498,84113b35-7,Standard,19.93,,2025-08-09
S3499,e14d9ceb-7,Standard,3.16,Yearly,2025-03-16
S3500,ae6e33fa-a,Basic,14.9,Yearly,2025-07-26
S3501,1296d8d8-9,Standard,23.93,Monthly,2022-12-28
S3502,34bc86c8-b,Basic,9.16,Monthly,2022-12-13
S3503,d1096cf1-2,Premium ,18.85,Yearly,2025-11-17
S3504,f85095ac-4,Standard,5.69,Monthly,2024-06-09
S3505,07214818-8,Standard,16.97,Monthly,2025-10-13
S3506,410e3abc-8,Basic,3.63,Yearly,2025-07-05
S3507,63f8b1fd-4,Premium,6.6,Monthly,2024-11-08
S3508,6876acc6-e,Basic,9.36,Monthly,2021-11-03
S3509,dd2aa55c-8,Premium,21.28,Monthly,2022-08-07
S3510,17859891-b,Premium,20.86,Monthly,2025-06-05
S3511,f57b7c20-e,Standard,9.64,Monthly,2026-01-19
S3512,12ab0839-6,Basic,6.97,Monthly,2025-07-18
S3513,1a2e6b59-7,Standard,18.46,Monthly,2025-12-18
S3514,17bcb928-9,Standard,4.34,Yearly,2024-03-25
S3515,ead8ed72-5,Standard,18.06,Yearly,2024-06-12
S3516,98be414e-0,Basic,7.94,Yearly,2025-01-01
S3517,092b71f5-c,Standard,7.34,Monthly,2024-05-04
S3518,7776931b-9,Basic,,Yearly,2021-11-01
S3519,91ac61e1-9,Basic,16.39,Monthly,2022-11-05
S3520,d8a39512-4,Basic,23.37,Monthly,2024-07-21
S3521,e1866caa-0,Standard,13.65,Monthly,2025-09-12
S3522,93697fbc-d,Basic,11.75,Yearly,2025-12-13
S3523,911976e9-f,Premium,3.75,Yearly,2024-10-28
S3524,9d30103f-a,Basic,8.76,Yearly,2022-03-01
S3525,ae71cffa-b,Standard,3.65,Yearly,
S3526,b6f45aaf-3,Premium,14.02,Monthly,2023-10-22
S3527,3a3221d8-f,Premium,20.0,Yearly,2025-05-03
S3528,110a66b7-f,Basic,18.98,Monthly,2025-10-04
S3529,9f405fbb-4,Premium,3.28,Monthly,2023-10-31
S3530,90289a5d-c,Basic,12.13,Yearly,2023-01-23
S3531,35deaba6-6,Basic,13.84,Yearly,2024-07-07
S3532,dcf843d0-6,Basic,21.64,Yearly,2025-06-30
S3533,4d0855f4-3,Pr3mium,14.59,Monthly,2022-06-05
S3534,e4add609-a,Standard,10.39,Yearly,2022-05-28
S3535,88703d58-c,Standard,22.59,Yearly,2023-07-11
S3536,76e2925d-c,Standard,18.4,Monthly,2025-09-20
S3537,36d1acb8-3,Basic,7.43,Monthly,2021-10-12
S3538,2d7e36b7-6,Basic,11.91,Monthly,2025-06-20
S3539,ad63e373-f,Premium,12.63,Monthly,2023-08-13
S3540,ca92cda4-7,Standard,4.9,Monthly,2022-07-04
S3541,8feb5117-d,Standard,22.98,Yearly,2024-10-04
S3542,0b89fd98-e,Standard,6.81,Monthly,2025-05-05
S3543,62eb56ba-0,Standard,3.91,Monthly,2022-01-28
S3544,8811b4a1-f,Basic,11.69,Monthly,2024-02-13
S3545,1bb43dae-d,Standard,19.54,Yearly,2022-10-17
S3546,e835cc8d-1,Basic,4.46,Yearly,2025-06-05
S3547,0f638751-0,Basic,3.9,Monthly,2023-12-19
S3548,2b9c1c59-7,Standard,4.88,Monthly,2025-05-26
S3549,9a202fde-0,Basic,5.54,Yearly,2025-02-19
S3550,0f58ecb3-3,Standard,9.03,Yearly,2021-08-04
S3551,4868108d-b,Standard,18.57,Monthly,2022-10-15
S3552,3f84bd68-e,Basic,16.8,Yearly,2024-05-17
S3553,691f5069-a,Basic,22.73,Yearly,2023-04-28
S3554,,Standard,11.27,Monthly,2022-04-23
S3555,63558929-4,Basic,17.07,Monthly,2023-06-05
S3556,898b6a21-6 ,Premium,11.49,Yearly,2024-04-29
S3557,82a40c7d-b,Standard,20.05,Monthly,2024-06-05
S3558,5cf5d082-2,Basic,9.51,Monthly,2021-11-14
S3559,02ee9a91-0,Premium,4.4,Yearly,2024-10-26
S3560,695247e3-4,Basic,4.68,Yearly,2025-08-01
S3561,d7b47700-a,Premium,4.73,Monthly,2022-09-20
S3562,d6ef6345-8,Standard,9.53,Monthly,2025-10-29
S3563,d76e9059-3,Premium,4.21,Monthly,2021-02-09
S3564,507990e8-b,Basic,8.03,Yearly,2024-11-14
S3565,93696f6d-9,Standard,10.16,Yearly,2022-04-24
S3566,2f70cbe1-d,,9.12,Yearly,2023-02-08
S3567,60594fea-4,Standard,20.37,Yearly,2026-02-07
S3568,6dc8faac-d,Basic,6.69,Yearly,2023-04-06
S3569,46c12981-1,Basic,11.8,Monthly,2024-10-20
S3570,392f3d3b-2,Basic,5.09,Yearly,2025-05-22
S3571,7026fed9-5,Premium,21.29,Yearly,2022-09-20
S3572,54067572-e,Basic,3.12,Yearly,2023-11-16
S3573,3132b51b-2,Basic,9.92,Monthly,2023-11-12
S3574,5399f67d-0,Basic,,Monthly,2024-01-02
S3575,9ac2541a-9,Standard,22.09,Monthly,2025-06-08
S3576,299a6d94-2,Premium,3.65,Yearly,2023-11-22
S3577,419578d6-a,Basic,17.87,Yearly,2025-05-02
S3578,f5b1d4e4-4,Basic,15.85,Yearly,2023-02-03
S3579,29118bd9-b,Standard,10.08,Yearly,2022-02-28
S3580,0f217263-9,Standard,15.83,Monthly,2022-12-16
S3581,72979fee-7,Premium,18.41,Monthly,2024-06-20
S3582,83038503-4,Standard,24.2,Monthly,2022-10-08
S3583,a341d3c2-b,Basic,13.14,Monthly,2021-04-12
S3584,e7cfe16b-5,Standard,8.73,Yearly,
S3585,96ce2f26-d,Basic,18.56,Yearly,2023-03-01
S3586,f3c78103-5,Standard,8.48,Yearly,2024-12-26
S3587,1b3c9fd6-c,Standard,13.41,Monthly,2023-09-20
S3588,d86be756-f,Standard,10.9,Yearly,2022-01-11
S3589,cf29cf49-7,Premium,16.69,Yearly,2025-08-02
S3590,53634716-8,Premium,15.97,Monthly,2023-04-17
S3591,6e70fc75-1,Basic,19.61,Monthly,2026-01-25
S3592,2d37c8aa-2,Standard,23.6,Yearly,2024-07-11
S3593,d627a1f5-5,Standard,3.39,Yearly,2025-01-23
S3594,ccceaa29-e,Basic,4.59,Yearly,2022-02-27
S3595,14204519-3,Basic,20.03,Yearly,2022-11-22
S3596,38d8b763-3,Standard,5.15,Yearly,2022-11-06
S3597,adfc69e6-d,Standard,22.16,Yearly,2024-07-02
S3598,1b705adf-2,Standard,22.37,Yearly,2021-11-11
S3599,cbc5c776-1,Standard,19.01,Yearly,2023-03-21
S3600,8002c7ea-a,Standard,21.99,Monthly,2024-01-27
S3601,a3a7b910-6,Standard,23.66,Monthly,2023-04-17
S3602,cb7fc179-c,Premium,5.55,Yearly,2023-12-18
S3603,a389b2ad-9,Standard,22.2,Yearly,2025-06-09
S3604,bf1d7b5a-f,Standard,10.94,Monthly,2021-04-24
S3605,bf9c5044-4,Basic,4.11,Yearly,2021-04-15
S3606,f544ed81-6,Premium,4.69,Monthly,2021-09-22
S3607,f3a1fe39-2,Basic,3.8,Monthly,2023-01-27
S3608,5ff284b3-7,Basic,24.28,Monthly,2022-12-15
S3609,bb84b7d3-5,Standard,5.85,Yearly,2024-05-26
S3610,1782bab1-0,Premium,11.94,Monthly,2025-07-28
S3611,28458d4f-b,Basic,8.89,,2024-10-26
S3612,16eb0792-4,Standard,10.91,Yearly,2021-09-05
S3613,a8f4880c-6,Premium,22.73,Monthly,2024-11-03
S3614,bc8fad69-9,Premium,17.25,Yearly,2021-08-15
S3615,d686de14-d,Premium,17.85,Yearly,2024-12-17
S3616,f71414bb-e,Premium,19.53,Yearly,2025-05-11
S3617,e971e592-4,Basic,8.09,Monthly,2023-04-18
S3618,51c089d3-9,Standard,11.02,Monthly,
S3619,9c062982-3,Premium,17.45,Yearly,2025-09-11
S3620,5efe4cfa-b,Basic,17.61,Yearly,2024-11-28
S3621,8981ea90-3,Standard,12.28,Monthly,2023-12-29
S3622,72cf5f3e-e,Basic,21.22,Yearly,2022-04-23
S3623,e0529a3d-2,Basic,10.6,Yearly,2024-09-02
S3624,199bcdb1-9,Premium,17.97,Yearly,2024-10-21
S3625,5f28064d-0,Basic,11.38,Yearly,
S3626,0f77d14f-4,Basic,14.38,Monthly,2025-04-05
S3627,bbb0fa26-4,Premium,12.8,Monthly,2021-11-08
S3628,b0f05e56-0,Premium,14.78,Yearly,2023-07-11
S3629,f2b0a262-f,Premium,4.84,Monthly,2023-12-23
S3630,a2e1570f-4,Basic,24.28,Monthly,2023-08-28
S3631,74815d8d-e,Basic,10.66,Yearly,2021-04-06
S3632,4db4abfc-6,Basic,20.0,Monthly,2025-01-28
S3633,e3a4c5f6-d,Premium,19.33,Monthly,2025-12-10
S3634,67a4cc23-b,Standard,6.63,Monthly,2025-09-16
S3635,85c596d1-1,Standard,19.04,Yearly,2023-04-08
S3636,c6a962d7-f,Premium,11.88,Yearly,2021-12-04
S3637,11bcf2ea-1,Premium,20.78,Yearly,2023-01-16
S3638,ba5d7cc0-5,Standard,16.16,Monthly,2024-02-26
S3639,5650bfa7-2,Standard,7.4,Yearly,2023-06-10
S3640,bd9121ae-a,Standard,7.27,Monthly,2024-04-17
S3641,304b665d-0,Premium,24.52,Yearly,2023-08-05
S3642,17983c7b-1,Standard,9.06,Yearly,2023-01-15
S3643,72a2afe6-9,Standard,10.38,Yearly,2024-02-29
S3644,cb175d48-d,Standard,15.59,Monthly,2021-10-30
S3645,3c17dcec-2,Premium,3.53,Yearly,2022-10-03
S3646,a66f296e-4,Premium,23.77,Yearly,
S3647,06468198-6,Basic,12.58,Monthly,2023-07-06
S3648,65097489-2,Basic,19.0,Monthly,2025-03-31
S3649,e21ec89b-6 ,Premium,5.23,Yearly,2023-05-14
S3650,14f412fb-5,,21.08,Monthly,2022-11-17
S3651,b91af9ad-8,Premium,5.15,Yearly,2025-10-27
S3652,f4e2d8b7-3,Premium,18.35,Yearly,2022-01-31
S3653,e1fff54c-5,Basic,3.5,Yearly,2023-10-01
S3654,0092553b-f,Basic,22.45,Monthly,2021-10-21
S3655,0fe8ab20-a,Standard,16.66,Yearly,2025-03-22
S3656,5681c8f9-4,Standard,19.16,Yearly,2023-12-17
S3657,f93fd99b-8,Standard,11.98,Monthly,2022-01-17
S3658,90c110e4-a,Basic,12.31,Monthly,2024-07-19
S3659,c3b4f247-a,Standard,8.74,Monthly,2024-11-16
S3660,b9ef60d1-1,Premium,20.16,Yearly,2024-10-29
S3661,6d73ef7c-f,Premium,13.86,Monthly,2024-03-08
S3662,3907dd4d-6,Premium,11.45,Yearly,2022-05-04
S3663,ef6293fd-f,Basic,23.74,Monthly,2025-08-24
S3664,e1c7402e-2,Basic,21.27,Yearly,2022-09-25
S3665,f90008f7-f,Premium,4.32,Yearly,2021-04-15
S3666,350f26ef-a,Basic,12.08,Monthly,2023-03-09
S3667,77e327ed-3,Basic,8.11,Monthly,2025-08-07
S3668,bbab0e72-8,Standard,10.85,Yearly,2024-08-03
S3669,1561e37f-0,Standard,14.04,Yearly,2021-05-05
S3670,1a800b2d-7,Basic,24.0,Monthly,2021-04-25
S3671,e3c0e42f-7,Standard,19.13,Y3arly,2022-11-10
S3672,74f4c5a2-4,Basic,9.7,Monthly,2024-01-25
S3673,5a162c40-e,Standard,7.91,Monthly,2022-02-17
S3674,c5597184-b,Basic,20.79,Yearly,2024-11-05
S3675,5361ad4a-e,Standard,4.45,Yearly,2023-09-06
S3676,870278df-3,Standard,16.85,Yearly,2024-12-10
S3677,57aee6e9-1,Basic,21.88,Yearly,2023-02-17
S3678,f1b6d37b-a,Standard,14.46,Monthly,2022-06-22
S3679,7b804c48-7,Standard,23.04,Yearly,2022-10-02
S3680,7ab8ee72-5,Standard,9.53,Monthly,2022-03-03
S3681,d9bd51e2-d,Premium,10.68,Monthly,2022-02-23
S3682,eb398c86-8,Basic,7.22,Yearly,2021-10-10
S3683,37d4d566-f,Premium,14.53,Yearly,2023-04-19
S3684,e1a37d26-3,Basic,22.16,Monthly,2025-04-09
S3685,0b7e14cd-6,Premium,9.07,Monthly,2025-06-03
S3686,e6269150-d,Premium,4.91,Yearly,2022-08-22
S3687,62b2ebc5-3,Premium,11.04,Monthly,2024-04-08
S3688,2957ff5b-d,Basic,22.89,Monthly,2023-11-03
S3689,ef292a38-2,Basic,15.23,Monthly,2023-03-17
S3690,1532e731-2,Basic,15.03,Monthly,2023-06-15
S3691,02698393-9,Basic,10.87,Yearly,2025-12-11
S3692,9b23173e-2,Basic,12.84,Yearly,2021-07-07
S3693,d5cc236a-2,Premium,9.6,Monthly,2022-05-18
S3694,bdb2190d-0,Standard,18.74,Monthly,2025-09-23
S3695,d221a9cf-7,Premium,3.41,Monthly,2021-12-15
S3696,c035923e-b,Premium,,Yearly,2023-09-06
S3697,4984224d-a,Premium,3.47,Monthly,2024-07-30
S3698,77da87c1-a,Standard,17.92,Monthly,2023-08-03
S3699,cdf92e59-d,Premium,,Yearly,2021-12-26
S3700,70b9b09e-0,Standard,9.55,Monthly,2024-07-02
S3701,a408a7b7-a,Standard,16.29,Monthly,2022-01-23
S3702,0689aed9-5,Basic,22.42,Monthly,2025-10-30
S3703,396aa5ef-d,Premium,22.0,Monthly,2025-06-15
S3704,5a4897c1-7,Premium,14.51,Yearly,2022-10-05
S3705,8407ecae-0,Basic,4.34,Monthly,2025-10-16
S3706,d9478f82-e,Basic,7.71,Monthly,2022-08-21
S3707,877b1ff3-f,Premium,4.63,Monthly,2022-02-26
S3708,a163ccc4-3,Basic,22.1,Monthly,2023-06-30
S3709,3c105ea8-0,Basic,21.62,Yearly,2025-03-04
S3710,68ccb908-5,Basic,3.19,Yearly,2023-11-04
S3711,f53c9aab-5,Premium,7.91,Yearly,2023-06-10
S3712,0e13f2f6-f,Premium,17.52,Yearly,2023-06-28
S3713,c9a7d7bb-3,Standard,22.11,Monthly,2021-03-27
S3714,3082f95d-2,Basic,11.17,Yearly,2022-10-08
S3715,9f8d5d0a-f,Premium,15.65,Monthly,2023-09-27
S3716,c50b5e4f-1,Basic,8.07,Monthly,2023-05-20
S3717,f6cb6954-d,Basic,23.13,Monthly,2023-06-17
S3718,4231b3ef-6,Basic,9.68,Yearly,2024-12-03
S3719,9605bb4b-4,Standard,20.43,Monthly,2024-05-17
S3720,bf280edf-b,Basic,22.19,Yearly,2022-10-08
S3721,4dd26e98-b,Standard,18.04,Monthly,2022-02-05
S3722,c60030ff-8,Standard,7.92,Yearly,2023-05-18
S3723,63349013-5,Standard,15.04,Yearly,2024-09-19
S3724,6771b15a-f,Standard,12.08,Yearly,2021-11-03
S3725,5298cd6a-d,Premium,21.41,Monthly,2021-08-06
S3726,cc4a1fd6-3,Premium,12.24,Yearly,2023-01-25
S3727,46f4eb0a-2,Basic,18.1,Yearly,2025-10-26
S3728,86079e5a-2,Premium,13.56,Monthly,2025-12-06
S3729,11514619-b,Basic,15.48,Yearly,2021-07-03
S3730,b812be66-4,Standard,15.32,Yearly,2023-05-09
S3731,4630952f-0,Standard,18.9,Yearly,2025-04-12
S3732,e1a1e8d5-d,Standard,9.18,Yearly,2021-07-24
S3733,5eeab982-5,Basic,9.04,Yearly,2021-11-27
S3734,27ab0938-1,Premium,17.52,Monthly,2023-06-23
S3735,214c71ab-a,Standard,17.79,Monthly,2023-04-11
S3736,b37cbbd6-b,Standard,14.27,Monthly,2023-07-10
S3737,8b077194-6,Basic,,,2023-05-20
S3738,578f530b-a,Basic,19.89,Monthly,2021-12-06
S3739,8177302d-7,Basic,6.24,Yearly,2025-09-07
S3740,c76a4b28-c,Basic,18.05,Yearly,2021-10-02
S3741,54ba9d4c-5,Basic,13.68,Yearly,2023-05-15
S3742,cd07bd1e-3,Standard,13.86,Monthly,2025-12-18
S3743,dd8c75c8-e,Standard,8.18,Monthly,2022-06-28
S3744,2cb189b0-6,Basic,4.34,Yearly,2022-10-09
S3745,30287680-a,Basic,6.4,Monthly,2024-01-01
S3746,ce70408c-b,Basic,5.36,Yearly,2025-12-25
S3747,820a7c29-9,Basic,14.12,Yearly,2025-02-23
S3748,1ae9ee65-e,Basic,,Yearly,2024-01-01
S3749,ec31713a-7,Premium,22.69,Monthly,2023-07-12
S3750,4ffc6cc8-7,Premium,15.44,Monthly,2023-06-08
S3751,7f9255b0-1,Premium,10.89,Monthly,2026-01-20
S3752,b39d3e63-3,Basic,12.43,Monthly,2024-06-27
S3753,8f4aad6d-e,Basic,21.3,Monthly,2024-06-13
S3754,120253c8-b,Basic,9.08,Yearly,2024-12-16
S3755,af777978-a,Premium,4.61,Yearly,2024-07-11
S3756,e4a6f40f-a,Basic,12.16,Monthly,2023-04-10
S3757,c3c8a3c4-0,Premium,3.26,Yearly,2024-09-18
S3758,b9c0e969-e,Basic,9.51,Yearly,2021-07-28
S3759,6de118b7-4,Premium,11.09,Yearly,2022-11-19
S3760,a2804044-8,Basic,11.76,Monthly,2022-03-13
S3761,815d41d6-e,Standard,8.21,Monthly,2022-03-12
S3762,c6203da1-c,Basic,14.24,Monthly,2023-04-29
S3763,1da10cb0-6,Basic,7.06,Yearly,2021-02-20
S3764,c1bad87a-9,Standard,15.39,Yearly,2024-04-27
S3765,38ef370a-5,Standard,8.14,Yearly,2024-09-08
S3766,569e1dab-c,Standard,13.37,Monthly,2023-06-13
S3767,67970278-7,Standard,9.0,Yearly,2024-11-20
S3768,4fea66d2-8,Basic,17.33,Yearly,
S3769,f163c9d8-e,Standard,21.97,Yearly,2022-03-10
S3770,d7b0d3ea-9,Standard,14.54,Yearly,2021-08-20
S3771,efe3c0fc-c,Basic,11.04,Monthly,2021-05-25
S3772,30d67073-4,Premium,9.79,Monthly,2024-02-04
S3773,b86db18f-8,Premium,5.27,Monthly,2024-02-06
S3774,e984a905-0,Standard,6.27,,2021-06-18
S3775,d4813ed1-2,Standard,23.9,Yearly,2022-03-07
S3776,f3ba6fdf-4,Standard,14.13,Yearly,2022-03-18
S3777,44d5b6d3-2,Standard,15.56,Monthly,2021-10-06
S3778,6b7ad3e8-0,Standard,23.72,Yearly,2024-03-22
S3779,9c069584-6,Premium,3.02,Yearly,2022-11-29
S3780,f5ab5cc1-d,Standard,6.23,,2025-07-30
S3781,2a186216-c,Premium,20.43,Yearly,2025-06-18
S3782,aa17f1ff-d,Premium,3.41,Yearly,2022-08-15
S3783,160d8334-b,Basic,22.27,Monthly,2022-08-17
S3784,7655230b-9,Premium,21.77,Monthly,2023-08-23
S3785,8e9d54eb-e,Premium,14.46,Yearly,2024-03-27
S3786,832c8876-1,Standard,10.43,Monthly,2021-08-11
S3787,f30e5355-f,Standard,3.28,Monthly,2021-07-25
S3788,5868ca7c-9,Standard,19.87,Monthly,2025-02-25
S3789,7306f211-b,Standard,15.88,Yearly,2025-07-22
S3790,cbe218d8-3,Premium,24.85,Yearly,2025-01-11
S3791,cf627748-f,Basic,18.76,Monthly,2024-10-30
S3792,f1bab374-a,Standard,12.96,Yearly,2023-01-05
S3793,08f82146-5,Premium,23.98,Monthly,2022-04-08
S3794,8ff34b70-e,Standard,12.91,Monthly,2026-01-06
S3795,ecb67b44-d,Standard,20.64,Yearly,2025-05-08
S3796,534331ff-a,Standard,13.14,Monthly,2023-10-01
S3797,a24f2b91-8,Standard,17.78,Monthly,2023-03-27
S3798,cf68dfac-4,Premium,4.96,Yearly,2024-02-17
S3799,e7d12ef4-3,Basic,23.09,Monthly,2024-10-14
S3800,b3f0c8e8-a,Basic,14.09,Monthly,2021-10-30
S3801,d1323c3f-a,Premium,7.53,Yearly,2021-05-04
S3802,399bf4ad-6,Premium,11.17,Monthly,2024-05-06
S3803,dbc61d3e-2,Basic,20.07,Monthly,2025-01-21
S3804,63e3ce7e-f,Premium,23.32,Monthly,2021-10-07
S3805,d8f0ca5d-9,Basic,20.6,Monthly,2025-04-13
S3806,8c29b6ec-5,Basic,10.12,Yearly,2024-03-22
S3807,f35633df-d,Premium,6.85,Yearly,2023-04-07
S3808,d2c496f4-6,Premium,5.6,Monthly,2024-01-14
S3809,555df16b-4,Standard,19.38,Monthly,2025-01-17
S3810,d775d198-2,Premium,18.59,Yearly,2025-05-04
S3811,325d31b0-a,Standard,23.25,Yearly,2021-10-17
S3812,b67664bd-5,Basic,10.53,Yearly,2025-05-16
S3813,cb913e6e-7,Premium,13.05,Monthly,2022-07-14
S3814,997e0697-6,Premium,5.06,Monthly,2025-04-28
S3815,8e7f386c-d,Basic,,Monthly,2023-08-31
S3816,d7356493-8,Basic,21.62,Monthly,2025-02-04
S3817,90877ef9-7,Basic,24.09,Monthly,2024-08-06
S3818,063b9b2a-7 ,Premium,14.13,Monthly,2024-03-10
S3819,8a3d9d7d-f,Standard,20.52,Monthly,2025-11-23
S3820,5d3fc497-e,Basic,11.75,Monthly,2021-05-15
S3821,bf832236-f,Standard,4.76,Yearly,2021-10-14
S3822,d4426b8e-4,Standard,11.25,Monthly,2025-02-03
S3823,3f6faefc-f,Basic,23.84,Monthly,2022-04-13
S3824,991901e7-7,Basic,22.75,Monthly,2024-09-01
S3825,3fa23814-6,Standard,15.22,Monthly,2024-04-15
S3826,e31f1d79-8,Premium,4.55,Yearly,2023-04-14
S3827,e4ffa652-d,Premium,15.36,Yearly,2024-12-13
S3828,472e3516-3,Basic,16.19,Yearly,2025-04-28
S3829,b7ba747c-0,Premium,,Yearly,2023-11-24
S3830,87273ead-f,Standard,17.09,Monthly,
S3831,1181ea89-7,Premium,24.43,Monthly,2021-05-25
S3832,7524f1a8-6,Premium,22.81,Yearly,2025-11-19
S3833,deaed1ae-d,Standard,15.12,Yearly,2023-03-09
S3834,11638929-f,Standard,21.67,Monthly,2021-09-12
S3835,7c760290-2,Basic,5.21,Yearly,2023-06-25
S3836,a0d0a4c4-6,Standard,6.57,Yearly,2025-03-20
S3837,ada7b840-7,Premium,5.2,Monthly,2025-03-01
S3838,7a5d429d-f,Premium,6.12,Monthly,2025-08-20
S3839,014df784-8,Basic,13.49,Y3arly,2022-03-03
S3840,c41c0b46-e,Premium,17.84,Monthly,2023-02-11
S3841,779d42b5-3,Premium,13.04,Monthly,2023-01-17
S3842,27fe4669-8,Premium,22.54,Monthly,2024-11-07
S3843,894869d7-1,Basic,24.48,Monthly,2023-09-27
S3844,55416db8-0,Basic,12.34,Monthly,2025-05-29
S3845,91b2e48f-5,Standard,4.03,Yearly,2023-12-24
S3846,3bd51b44-6,Basic ,6.22,Monthly,2021-10-23
S3847,5507137d-4,Basic,3.03,Yearly,2024-12-03
S3848,6a9969e8-a,Basic,18.63,Monthly,
S3849,689164dd-e,Premium,11.72,Yearly,2023-08-01
S3850,228d92d4-4,Premium,4.02,Monthly,2024-01-21
S3851,87ba0300-6,Standard,12.99,Yearly,2025-12-16
S3852,e6d06e50-8,Standard,20.39,Monthly,2023-09-27
S3853,4fbb1218-4,Standard,3.15,Monthly,2025-04-11
S3854,c7a606f7-c,Basic,17.09,Monthly,2022-07-01
S3855,4bf99217-5,Standard,7.91,Yearly,2023-10-18
S3856,7a5bf8dc-8,Premium,11.06,Yearly,2022-05-20
S3857,07ed5e03-3,Premium,5.56,Monthly,2025-07-07
S3858,4218a43a-f,Standard,15.42,Yearly,2022-05-02
S3859,ac8288aa-0,Basic,17.77,Monthly,2023-01-05
S3860,47234419-9,Premium,16.32,Monthly,2023-07-22
S3861,1d53aa18-9,Basic,10.01,Monthly,2024-04-21
S3862,6a5a4dec-4,Standard,9.19,Yearly,2024-02-24
S3863,15a60066-8,Basic,19.37,Monthly,2024-07-03
S3864,144590a7-2,Standard,20.07,Monthly,2024-05-09
S3865,4c4f758a-2,Standard,13.01,Yearly,2025-05-15
S3866,aef8fbbc-d,Standard,21.43,Monthly,2024-06-25
S3867,119ea72b-8,Standard,16.39,Monthly,2021-09-27
S3868,88b9b3f1-d,Premium,22.24,Monthly,2022-02-06
S3869,113486e2-a,Premium,4.11,Monthly,2024-03-01
S3870,e8db7abf-8,Basic,19.94,Yearly,
S3871,7d22d068-3,Premium,17.8,Monthly,2021-06-07
S3872,416f7727-8,Standard,23.03,Yearly,2021-11-16
S3873,c5f777b3-f,Basic,15.01,Yearly,2024-05-04
S3874,396a70ef-1,Basic,7.22,Yearly,2023-08-29
S3875,14228f05-e,Premium,15.66,Yearly,2021-07-30
S3876,a7e2de34-0,Standard,24.96,Monthly,2022-09-22
S3877,a405d95d-9,Premium,13.85,Yearly,2022-06-11
S3878,d74c02ed-9,Standard,7.7,Yearly,2021-11-03
S3879,0010677e-0,Premium,13.13,Yearly,2023-06-15
S3880,f566c738-6,Basic,4.5,Monthly,2022-11-30
S3881,a7e913ca-b,Standard,17.62,Yearly,2021-07-04
S3882,e3db478c-6,Standard,13.86,Monthly,2025-02-24
S3883,4afb0ec4-7,Basic,18.15,Yearly,2022-08-19
S3884,04a38a91-d,Basic,7.54,Monthly,2022-05-09
S3885,a59ff504-c,Pr3mium,8.9,Yearly,2022-01-07
S3886,9f924704-c,Standard,9.8,Yearly,2025-08-02
S3887,be612249-a,Standard,24.74,Yearly,2024-12-18
S3888,83e6db0b-2,Premium,12.48,Yearly,2024-07-26
S3889,c84b8b9b-9,Standard,13.87,Yearly,2021-03-24
S3890,d0691101-c,Basic,24.08,Yearly,2024-10-24
S3891,9e2932bf-9,Standard,7.23,Monthly,2021-06-20
S3892,23566915-7,Premium,7.5,Yearly,2024-05-07
S3893,5e226b55-4,Standard,21.62,Monthly,2023-10-17
S3894,63acf1f9-4,Standard,13.83,Yearly,2022-05-13
S3895,05fc897d-6,Premium,7.03,Yearly,2024-04-25
S3896,453039d6-f,Premium,11.14,Yearly,2025-12-20
S3897,7584bdbb-0,Basic,4.89,Yearly ,2023-02-13
S3898,df5d5b7e-e,Basic,6.48,Yearly,2023-01-08
S3899,2d83c138-5,Premium,8.74,Yearly,2023-04-22
S3900,4e05b4bf-d,Basic,10.57,Yearly,2024-02-15
S3901,3c84e3a4-2,Standard,5.96,Monthly,2023-12-07
S3902,18a098a4-2,Basic,20.29,Yearly,2021-06-09
S3903,a9844779-7,Basic,21.78,Yearly,2025-08-18
S3904,511ab352-9,Basic,20.32,Monthly,2025-08-13
S3905,13503349-1,Basic,18.45,Monthly,2021-02-16
S3906,c65699d6-5,Premium,24.01,Monthly,2025-09-29
S3907,ef9f69c1-f,Standard,20.18,Monthly,2022-06-03
S3908,d38639fa-5,Basic,20.11,Monthly,2023-12-20
S3909,70f49ec8-5,Premium,14.99,Yearly,2022-10-27
S3910,3cc125d0-4,Premium,21.1,Monthly,2024-02-29
S3911,083a34cc-b,Premium,8.19,Yearly,2022-09-26
S3912,184f3976-2,Standard,17.31,Monthly,2025-11-24
S3913,5d2182d2-9,Basic,23.36,Yearly,2025-07-29
S3914,75caa833-8 ,Standard,14.14,Monthly,2025-07-12
S3915,df0a99a8-0,Basic,17.43,Monthly,2021-03-21
S3916,fe3ceb0f-7,Basic,17.06,Yearly,2021-03-20
S3917,fc921884-f,Premium,15.47,Yearly,2022-12-30
S3918,7412c374-3,Premium,21.8,Monthly,2022-02-15
S3919,4d7bbf01-5,Basic,5.38,,2023-03-15
S3920,bfdc8904-0,Premium,21.73,Monthly,2023-06-21
S3921,42ad5294-6,Standard,22.64,Monthly,2025-11-18
S3922,f46e0ad6-9,,9.64,Monthly,2024-10-11
S3923,0a2c3865-b,Basic,9.81,Yearly,2025-08-11
S3924,2fa65c47-6,Basic,20.17,Yearly,2024-12-30
S3925,adfe1ae4-6,Standard,8.44,Monthly,2023-09-26
S3926,67c60cc0-b,Premium,13.13,Yearly,2024-01-21
S3927,7f1e08f1-f,Premium,23.44,Monthly,2021-10-23
S3928,61241d50-f,Standard,5.41,Yearly,2022-03-21
S3929,4db8a46c-b,Basic,11.45,Yearly,2024-11-30
S3930,820958b9-5,Basic,24.89,Monthly ,2023-05-29
S3931,8049d9fe-0,Standard,7.16,Monthly,2025-07-07
S3932,6f1cb885-f,Standard,22.31,Monthly,2023-01-15
S3933,9316ddae-c,Premium,7.45,Yearly,2022-05-11
S3934,1e295971-1,Standard,3.14,Monthly,2023-08-18
S3935,71e6eb97-4,Basic,22.69,Yearly,2021-10-16
S3936,d1487f1d-a,Premium,22.58,Yearly,2023-11-28
S3937,54aae0eb-7,Premium,11.01,Yearly,2023-03-04
S3938,2a6c7b53-e,Basic,19.22,Monthly,2021-07-03
S3939,d28386c7-c,Standard,9.29,Monthly,2024-06-22
S3940,f9f3ff04-c,Standard,5.53,Monthly,2023-03-04
S3941,6c0c3c07-8,Premium,6.99,Monthly,2022-10-25
S3942,aeca0320-c,Standard,12.96,Monthly,2023-10-08
S3943,c62d84e7-d,Premium,23.39,Yearly,2021-12-21
S3944,e4cfef18-4,Premium,8.53,Monthly,2025-12-05
S3945,,Basic,19.73,Yearly,2023-06-21
S3946,08d46a50-6,Standard,21.7,Yearly,2025-11-18
S3947,f8e187e9-6,Premium,11.76,Yearly,2023-03-17
S3948,d69d881f-c,Basic,23.52,Yearly,2021-09-01
S3949,d733fe6d-d,Premium,14.61,Monthly,2021-04-07
S3950,cac9415c-4,Basic,14.33,yearly,2021-08-30
S3951,195acd67-8,Basic,16.76,Monthly,2025-11-08
S3952,de642fe0-0,Premium,17.43,Monthly,2022-10-12
S3953,794d1430-d,,11.32,Yearly,2023-11-28
S3954,a6de248d-7,Standard,7.52,Yearly,2024-02-22
S3955,b6519436-4,Standard,3.32,Monthly,2024-11-17
S3956,90987991-2,Standard,8.13,Monthly,2023-10-07
S3957,8e851b59-b,Basic,6.04,Yearly,2021-03-31
S3958,c919592e-1,Basic,12.46,Monthly,2022-02-08
S3959,bc297502-f,Premium,19.12,Yearly,2024-01-12
S3960,3178c62d-1,Basic,14.13,Monthly,2021-03-25
S3961,118a8c49-7,Basic,10.8,Monthly,2025-01-17
S3962,537c9a81-5,Standard,7.53,Monthly,2023-10-11
S3963,38cc7f5a-b,Premium,14.52,Y3arly,2024-01-14
S3964,99b08748-f,Standard,20.38,Monthly,2021-03-03
S3965,84aff354-d,Standard,18.64,Monthly,2024-11-11
S3966,886bf945-c,Premium,14.3,Yearly,2023-12-23
S3967,e73fda9b-0,Basic,4.97,Yearly,2021-06-28
S3968,5f087a4b-b,Basic,16.63,Y3arly,2022-02-07
S3969,ae467b8f-b,Basic,12.94,Yearly ,2023-10-09
S3970,91bbdc96-e,Premium,4.31,Yearly,2025-10-23
S3971,29f42ea0-6,Premium,12.28,Monthly,2024-10-27
S3972,6e3c456b-5,Basic,22.21,Monthly,2021-06-09
S3973,8c1a3f90-c,Premium,8.57,Yearly,
S3974,1a9d4eed-5,Premium,17.9,Monthly,2025-03-03
S3975,b63b19ed-1,Standard,6.92,Yearly,2023-02-17
S3976,086b0b75-d,Basic,24.11,Monthly,2025-12-31
S3977,e6cfc373-4,Basic,5.75,Yearly,2023-02-25
S3978,244b922e-4,Basic,21.27,Yearly,2021-10-26
S3979,8321f487-a,Standard,16.47,Yearly,2023-07-13
S3980,03e98c80-8,Basic,20.91,Yearly,2025-06-29
S3981,4da11f73-9,Standard,23.23,Yearly,2025-03-16
S3982,de5afd9e-9,Basic,16.68,Monthly,2025-02-15
S3983,6020cd72-a,Standard,23.24,Yearly,2022-05-23
S3984,38ff186e-a,Premium,9.91,Monthly,2025-12-06
S3985,c285f0ca-3,Basic,18.87,Monthly,2024-11-09
S3986,01fd9b73-8,Standard,3.02,Yearly,2021-04-28
S3987,7dcf4cc4-c,Premium,10.96,Monthly,2024-02-06
S3988,c9dd18ed-2,Basic,21.64,Yearly,2024-05-19
S3989,b309acfe-c,Premium,9.12,Yearly,2025-09-25
S3990,adf1f9a8-8,Premium,23.84,,2021-04-18
S3991,7c7b56b4-1,Basic,22.06,Monthly,2024-10-09
S3992,6c5e2222-0,Premium,18.68,Yearly,2023-12-08
S3993,77462cbd-6,Premium,9.51,Yearly,2025-05-04
S3994,9704475d-d,Basic,13.28,,2022-06-16
S3995,caaae1f0-9,Standard,18.16,Monthly,2023-12-29
S3996,af71a63f-b,Standard,3.19,Yearly,2025-03-27
S3997,06bcb3b0-b,Basic,11.8,Yearly,2023-12-28
S3998,0ef22443-7,Standard,14.35,Yearly,2023-07-16
S3999,12708b11-2,,17.14,Yearly,2021-08-22
S4000,f5b353d0-f,Premium,3.03,Monthly,2021-04-24
S4001,fec005d6-d,Basic,10.44,Monthly,2024-04-24
S4002,4cf96b3a-0,Premium,21.06,Monthly,2023-02-23
S4003,63f9dd07-9,Premium,24.14,Monthly,2024-08-20
S4004,62de8240-d,Basic,14.41,Monthly,2025-06-17
S4005,26c3cc6b-8,Premium,6.38,Monthly,2025-12-28
S4006,15e15fa6-3,Basic,10.25,Monthly,2024-04-18
S4007,8bd08b96-0,Premium,12.97,Yearly,2022-12-29
S4008,93058312-4,Standard,20.03,Monthly,2025-10-20
S4009,5f8e52ee-1,Basic,9.87,Yearly,2024-03-15
S4010,8c4d92a1-0,Premium,12.13,Monthly,2024-05-24
S4011,,Basic,11.1,Yearly,2022-09-02
S4012,cb8521a1-9,Basic,4.05,Yearly,2022-10-29
S4013,60bd0dd1-0,Standard,22.36,Yearly,2023-06-26
S4014,a3c7d73f-c,Basic,21.13,Yearly,2023-03-03
S4015,70dabba3-f,Premium,24.17,Monthly,2023-05-27
S4016,c330a86e-8,Basic,5.39,Yearly,2021-10-08
S4017,2056f875-2,Basic,9.89,Monthly,2021-08-23
S4018,e3f93a0f-d,Premium,20.93,Monthly,2021-06-20
S4019,45a7da8d-1,Premium,20.73,Monthly,2024-02-24
S4020,aea5815d-8,Premium,19.91,Monthly,2023-10-19
S4021,32493648-3,Premium,6.61,Yearly,2022-07-15
S4022,3b26961d-5,Basic,9.1,Monthly,2023-01-10
S4023,324b7a8e-4,Premium,24.42,Yearly,2022-12-12
S4024,69a3856d-f,Basic,16.2,Monthly,2026-01-31
S4025,9192aca4-0,Standard,18.68,Yearly,2022-11-04
S4026,59dbb69b-0,Basic,15.63,Monthly,2023-06-10
S4027,0ddfcbb6-a,Basic,5.66,Monthly,2023-09-04
S4028,e9b00004-7,Basic,13.15,Monthly,2022-06-13
S4029,893d605f-6,Premium,13.64,monthly,2025-04-14
S4030,f76518b5-5,Premium,10.1,Monthly,2024-01-20
S4031,c6514ae5-2,Basic,7.08,Monthly,2023-08-18
S4032,c7aa8138-5,Premium,10.05,Yearly,2025-10-31
S4033,6f9a7498-4,Standard,9.91,Yearly,2024-03-22
S4034,939a8fdd-3,Standard,19.92,Yearly,2025-07-11
S4035,011039db-f,Standard,24.9,Monthly,2025-10-07
S4036,ce9eb414-0,Basic,4.76,Yearly,2025-05-22
S4037,f7f5b269-0,Basic,24.85,Yearly,2022-05-07
S4038,bc314aee-2,Basic,17.39,Yearly,2025-10-15
S4039,1c12cd30-1,Standard,16.21,Monthly,2023-01-23
S4040,119e4ef6-b,Premium,16.06,Monthly,2021-03-31
S4041,073c8288-c,Basic,5.59,Yearly,2025-08-14
S4042,bf422f22-0,Premium,7.17,Monthly,2022-10-08
S4043,3e8af163-0,Standard,4.87,yearly,2026-02-04
S4044,f67ee7b5-6,Standard,5.52,Monthly,2022-01-04
S4045,66240033-e,Standard,15.55,Yearly,2023-12-24
S4046,5d1079e4-f,Premium,22.0,Yearly,2022-08-25
S4047,cccda1f0-8,Basic ,22.51,Yearly,2024-03-01
S4048,4be46ed0-4,Standard,22.23,Monthly,2021-08-04
S4049,5e781a1e-8,Standard,18.73,Monthly,2021-07-10
S4050,8cf3a71b-9,Standard,18.4,Yearly,2025-03-06
S4051,2c18f5a6-5,Premium,17.57,Monthly,2022-09-12
S4052,6b82e8fb-4,Basic,3.38,Yearly,2022-02-19
S4053,76550e51-9,Standard,20.61,Monthly,2022-02-23
S4054,a5f31da6-1,Basic,5.0,Monthly,2023-06-06
S4055,bf672a52-d,Standard,13.73,Yearly,2026-01-22
S4056,718b4949-f,Basic,17.19,Monthly,2022-04-15
S4057,bed24b90-e,Standard,9.3,Yearly,2023-09-20
S4058,5d778400-0,Premium,22.24,Monthly,2022-05-10
S4059,a6bfef86-7,Standard,10.14,Monthly,2023-09-13
S4060,2eacb46e-6,Basic,22.19,Monthly,2023-04-22
S4061,28a9d852-a,Standard,21.62,Monthly,2024-02-06
S4062,85c1f5b3-c,Standard,4.66,Yearly ,2024-05-15
S4063,babfea06-d,Standard,10.88,Monthly,2021-05-10
S4064,63cb9f88-5,Basic,14.01,Yearly,2022-06-13
S4065,4ef8fc73-2,Basic,19.81,Monthly,2022-09-24
S4066,aae64eea-1,Basic,21.53,Yearly,2022-07-10
S4067,ffe12b60-a,Standard,23.86,Monthly,2024-12-09
S4068,3f4e5c66-4,Standard,15.88,Yearly,2024-09-19
S4069,66b891dc-6,Basic,13.42,Monthly,2025-06-23
S4070,abbdaeb3-b,Basic,20.53,Monthly,2021-09-29
S4071,08749a24-f,Standard,20.1,Monthly,2022-02-11
S4072,846fd9d4-3,Basic,8.29,Yearly,2025-11-05
S4073,d7e86136-7,Premium,18.42,Yearly,2022-02-07
S4074,f830f4d0-e,Basic,24.89,Monthly,2023-01-28
S4075,96312f12-1,Standard,10.46,Monthly,2025-12-30
S4076,48525760-d,Standard,14.77,Monthly,2024-04-16
S4077,821d4f8f-7,Standard,24.79,Monthly,2023-06-02
S4078,84790666-8,Standard,9.3,Monthly,2022-10-28
S4079,256c694d-4,Standard,15.4,Monthly,2025-06-16
S4080,0d144167-2,Premium,19.93,Monthly,2025-09-11
S4081,2d2a770a-7,Basic,10.07,Yearly,2021-08-12
S4082,b9a8f514-1,Basic,5.29,Monthly,2022-05-04
S4083,bb27a1bf-1,Premium,21.6,Yearly,2023-02-28
S4084,077f91ac-7,Premium,23.05,Yearly,2025-05-26
S4085,5dea94e8-4,Pr3mium,12.92,Yearly,2023-02-01
S4086,d4e7650d-f,Standard,3.53,Yearly,2024-01-03
S4087,859dded6-4,Standard,15.24,Monthly,2022-01-26
S4088,103bab49-6,Premium,15.24,Monthly,2022-01-02
S4089,81b77b8e-8,Basic,18.34,Yearly,2022-03-09
S4090,deb9c326-b,Premium,22.83,Yearly,2022-09-06
S4091,6b5e52cf-5,Standard,17.51,Yearly,2023-04-05
S4092,91e71a29-8,Basic,12.05,Yearly,2022-07-18
S4093,fb53ac0e-a,Standard,3.7,Monthly,2022-10-15
S4094,388985a7-9,Premium,4.35,Monthly,2022-06-21
S4095,d7e52644-c,Standard,20.54,Monthly,2021-05-04
S4096,ea77130b-b,Standard,19.1,Yearly,2023-07-29
S4097,b70cb61c-0,Premium,21.83,Yearly,2021-05-13
S4098,8d16c778-1,Premium,6.24,Yearly,2024-01-09
S4099,9a3bd27f-d,Basic,19.8,Yearly,2024-04-03
S4100,9b1cdea0-5,Premium,13.69,Monthly,2021-11-08
S4101,7b3a02de-a,Basic,16.4,Yearly,2025-01-18
S4102,6c0f65e2-3,Premium,15.05,Yearly,2023-11-13
S4103,918dabd1-3,Basic,13.1,Yearly,2024-04-20
S4104,43605c0c-2,Premium,3.99,Yearly,2022-05-27
S4105,8ca36020-9,Premium,7.34,Monthly,2023-08-07
S4106,0be06e65-2,Premium,13.31,Monthly,2022-09-20
S4107,0a8b32e6-0,Premium,23.56,Yearly,2024-01-13
S4108,8d4dc943-8,Standard,11.78,Yearly ,2021-11-19
S4109,bb380414-a,Basic,7.72,Yearly,2025-08-08
S4110,c96660f4-e,Premium,20.17,Monthly,2021-11-30
S4111,a185ae2d-d,Basic,4.88,Yearly,2025-09-16
S4112,f4acac14-5,Basic,4.74,Monthly,2022-11-05
S4113,c05a2f88-b,Standard,,Monthly,2021-04-02
S4114,ed9dc40a-c,Standard,18.31,Yearly,2023-09-19
S4115,a8b61382-c,Standard,14.82,Monthly,2021-09-15
S4116,fc86de9a-3,Premium,17.92,Yearly,2024-10-12
S4117,d06f0253-f,Premium,16.59,Monthly,2025-05-13
S4118,a4d8d6ff-3,Standard,14.66,Monthly,2021-06-07
S4119,bca6b918-e,Basic,13.14,Y3arly,2024-11-24
S4120,d94b516b-5,Basic,17.78,Yearly,2025-10-01
S4121,5a1cc73d-a,Premium,5.06,Monthly,2024-12-29
S4122,ae40cfa3-b,Basic,21.63,Monthly,2022-09-24
S4123,c2da7c32-8,Premium,23.32,Monthly,2022-11-07
S4124,7bc69e3a-9,Standard,19.67,Yearly,2024-12-12
S4125,4a186830-b,Premium,9.58,Yearly,2024-08-21
S4126,4c0bd216-e,Basic,10.36,Monthly,2022-10-01
S4127,2af957f8-1,Standard,15.82,Yearly,2021-04-15
S4128,36900dae-5,Basic,9.25,,2025-11-25
S4129,5525849e-7,Premium,5.93,Yearly,2021-06-19
S4130,416ae8ed-5,Premium,24.83,Yearly,2025-11-09
S4131,0bd0bebc-5,Premium,21.5,Monthly,2024-03-04
S4132,bfd83f19-f,Basic,14.69,Monthly,2022-02-23
S4133,2f142080-9,Premium,14.49,Monthly,2025-06-27
S4134,c9ed5ae5-a,Standard,23.93,Yearly,2024-06-26
S4135,47c73891-5,Standard,24.23,Monthly,2024-05-25
S4136,2faca134-e,Premium,8.31,Yearly,2024-12-14
S4137,909fba72-2,Standard,7.79,Monthly,2024-01-13
S4138,b28c829e-8,Standard,12.09,Monthly,2024-01-28
S4139,62dc1dc1-7,Premium,15.88,Yearly,2025-07-15
S4140,61ffaff9-2,Premium,20.44,Yearly,2021-09-07
S4141,3697704b-c,Premium,13.65,Monthly,2022-01-03
S4142,b10dd7f6-b,Standard,20.8,Monthly,2024-07-29
S4143,0e7caf97-e,Basic,17.15,Yearly,2021-05-20
S4144,732014ba-7,Basic,21.58,Yearly,2022-05-18
S4145,3cf97be4-f,Premium,5.51,Monthly,2024-10-08
S4146,0c672d4b-b,Standard,8.09,Yearly,2022-12-16
S4147,7fefcd3f-c,Standard,15.1,Monthly,2022-06-14
S4148,bd9daafe-d,Basic,12.02,Monthly,2022-06-26
S4149,caca5807-8,Standard,8.37,Monthly,2021-06-02
S4150,5cf3dde9-9,Premium,16.36,Yearly,2023-02-09
S4151,ba46c266-8,Basic,16.21,Monthly,2025-07-17
S4152,ba96a6af-0,Premium,9.16,Yearly,2024-10-14
S4153,f72e8c2c-e,Standard,9.59,Yearly,2024-07-10
S4154,28128829-4,Basic,23.54,Yearly,2023-02-26
S4155,36e0f798-b,Basic,5.04,Yearly,2025-05-18
S4156,2b9f643b-1,Basic,7.93,Yearly,2023-05-02
S4157,0c6e1731-5,Basic,8.78,Yearly,2022-03-25
S4158,fa0f041c-b,Basic,10.78,Monthly,2022-12-19
S4159,85588495-e,Standard,21.94,Monthly,2024-03-24
S4160,a4302178-b,Premium,15.75,Yearly,2025-09-22
S4161,4614f0ff-a,Standard,8.1,Monthly,2022-06-10
S4162,2ad8e788-5,Standard,12.38,Yearly,2024-06-14
S4163,c9834a31-7,Basic,22.56,Monthly,2022-11-13
S4164,e1b778f6-3,Basic,17.2,Yearly,
S4165,9c0b6cb0-f,Premium,21.84,Monthly,2021-04-25
S4166,f994f388-7,Standard,9.36,Monthly,2023-12-06
S4167,27ec81aa-6,Premium,15.86,Yearly,2021-03-18
S4168,46ca019b-7,Premium,13.71,Yearly,2022-12-21
S4169,22c7b1cb-9,Basic,14.29,Yearly,2021-05-25
S4170,1b3e3c36-6,Basic,9.75,Yearly,2021-08-22
S4171,e61389b7-3,Standard,11.59,Yearly,2023-05-13
S4172,b8ce8a4e-a,Standard,12.62,Monthly,2025-03-22
S4173,e8deebc0-0,Basic,3.89,Monthly,2024-12-21
S4174,5d5da945-4,Premium,14.47,Monthly,2022-10-24
S4175,74d10508-0,Standard,18.98,Yearly,2025-07-04
S4176,af63d914-f,Basic,24.44,Monthly,2021-11-22
S4177,efdf150c-2,Basic,13.25,Monthly,2025-05-01
S4178,1bdff76f-6,Premium,9.4,Monthly,2023-12-31
S4179,5dbe25e8-5,Premium,23.5,Monthly,2025-03-01
S4180,fe4f0c66-0,Standard,9.09,Yearly,2025-10-12
S4181,c10d68f9-3,Basic,20.29,Monthly,2024-05-02
S4182,1449c134-b,Standard,4.54,Monthly,2025-02-05
S4183,07218282-8,Basic,5.32,Monthly,2024-07-17
S4184,cd9322e4-5,Premium,4.04,Monthly,2025-06-12
S4185,97f9f952-c,Standard,3.58,Monthly,2022-03-04
S4186,31c9267f-7,Basic,7.3,Yearly,2024-03-19
S4187,c33dcbc3-8,Standard,22.74,Monthly,2023-01-18
S4188,355b2e58-9,Basic,7.31,Monthly,2023-01-28
S4189,2799bc92-a,Basic,20.74,Yearly,2026-01-08
S4190,8a0088c8-b,Premium,13.69,Monthly,2025-04-11
S4191,08d2e74d-d,Premium,3.14,Monthly,2021-07-21
S4192,4947bb97-2,Standard,23.25,Monthly,2025-06-18
S4193,c3c1d99e-e,Basic,15.75,Yearly,2025-04-05
S4194,13005317-c,Premium,10.96,Yearly,2024-05-20
S4195,ad04ff35-3,Basic,21.34,Monthly,2022-11-23
S4196,69a1630d-7,Premium,5.25,Monthly,2024-10-29
S4197,6e36e119-f,Standard,14.67,Yearly,2024-12-08
S4198,a66a01ae-3,Basic,17.13,Monthly,2023-06-18
S4199,4f565ce2-e,Basic,18.91,Monthly,2023-05-18
S4200,399744ff-9,Standard,5.39,yearly,2024-09-05
S4201,a30db6da-a,Premium,7.99,Yearly,2021-07-09
S4202,12d76cc5-6,Standard,23.78,Yearly,2025-02-16
S4203,8bdf28f0-6,Premium,20.2,Yearly,2026-01-24
S4204,a620648c-7,Standard,13.0,Monthly,2024-12-07
S4205,b86272e5-f,Premium,8.25,Yearly,2021-10-31
S4206,6d933ab5-a,Basic,8.47,Yearly,2025-12-24
S4207,f8178f45-2,Premium ,18.07,Yearly ,2025-02-26
S4208,87746df7-b,Premium,11.36,Yearly,2021-11-27
S4209,f6e1e28a-b,Basic,10.63,Yearly,2024-04-15
S4210,7875a0be-1,Basic,11.69,Yearly,2023-03-10
S4211,110de440-0,Premium,11.91,Yearly,2023-02-23
S4212,af859ca0-b,Premium,22.29,Monthly,2024-05-30
S4213,3ba0c755-2,Standard,18.77,Yearly,2024-09-20
S4214,4c2af8a1-8,Standard,11.99,Yearly,2024-06-22
S4215,3a8f5e10-d,,10.74,Monthly,2024-04-08
S4216,ffe1e868-4,Basic,23.11,Monthly,2023-05-11
S4217,a73e7035-f,Basic,23.64,Monthly,2022-02-28
S4218,43142d17-4,Premium,17.02,Monthly,2025-11-24
S4219,ad65d3c6-b,Standard,19.01,Monthly,2021-09-17
S4220,8adce150-9,Standard,12.11,Monthly,2022-03-25
S4221,31e0edfa-f,Premium,11.69,Yearly,2024-04-03
S4222,b0fe0e2b-0,Standard,6.29,Monthly,2021-12-26
S4223,9451a24c-3,Premium,9.03,Monthly,2023-03-08
S4224,f93af35d-9,Standard,11.9,Yearly,2024-10-08
S4225,ebe1da43-5,Basic,3.64,Monthly,2022-07-15
S4226,87a7420c-7,Premium,10.26,Yearly,2022-03-06
S4227,7e2e768f-4,Basic,3.88,Yearly,2024-01-23
S4228,5b8d97e3-5,Premium,9.62,Yearly,2024-02-06
S4229,e54ac748-5,Basic,4.68,Yearly,2021-06-26
S4230,abbd37f7-3,Basic,9.77,Yearly,2024-08-19
S4231,1173a0dd-3,Standard,23.44,Monthly,2023-01-02
S4232,8321837d-9,Basic,19.99,Monthly,2024-05-29
S4233,facf7a07-1,Premium,10.11,Monthly,2023-10-12
S4234,d6efaeb1-9,Standard,14.98,Yearly,2024-09-22
S4235,5b228e15-9,Standard,10.9,Monthly,2021-12-14
S4236,0c801c9a-a,Standard,5.7,Monthly,2025-01-13
S4237,99dc2c9f-4,Premium,18.73,Monthly,2025-03-15
S4238,0ef2daa1-7,Standard,5.53,Yearly,2024-09-13
S4239,2ed45a3e-2,Premium,3.2,Yearly,2025-06-13
S4240,147dc266-8,Basic,6.19,Monthly,2023-11-02
S4241,ee7c5f34-3,Premium,4.52,Yearly,2025-03-20
S4242,e299af65-7,Standard,10.19,Monthly,2022-01-10
S4243,3a305e78-e,Premium,9.71,Monthly,2022-12-24
S4244,c97784b9-3,Premium,8.82,Yearly,2021-12-14
S4245,c1c8efdc-1,Standard,14.52,Monthly,2024-02-29
S4246,2eae294d-5,Basic,10.9,Yearly,2023-06-20
S4247,3efd09cb-d,Basic,10.12,Yearly,2023-06-08
S4248,00ddf894-d,Premium,9.63,Monthly,2024-07-27
S4249,457484df-8,Premium,15.49,Monthly,2021-05-02
S4250,e26b2b75-c,Premium,11.06,Monthly,2022-09-03
S4251,e26b2740-3,Premium,12.27,Monthly,2024-07-11
S4252,05aac1c8-b,Premium,8.58,Yearly,2023-11-21
S4253,dbf4c391-6,Standard,7.81,Monthly,2024-02-08
S4254,e66195f0-7,Standard,13.1,Monthly,2025-01-03
S4255,3d7296ba-a,Basic,12.87,Yearly,2023-03-01
S4256,2d21ae3e-0,Premium,17.86,Yearly,
S4257,2c1d0d3a-b,Basic,4.11,Monthly,2023-10-13
S4258,b8b0b125-1,Basic,14.56,Monthly,2023-03-26
S4259,e2213b30-f,Premium,9.8,Monthly,2025-04-16
S4260,42d29c84-4,Premium,16.64,Monthly,2024-08-10
S4261,4f9d2b0b-e,Premium,7.81,Yearly,2023-04-03
S4262,d9b57f03-c,Premium,17.9,Monthly,2024-02-03
S4263,a65e8a79-6,Basic,19.0,Monthly,2025-10-25
S4264,7a7519d6-0,Premium,6.5,Monthly,2024-05-08
S4265,2cd95e2c-3,Basic,18.94,Monthly,2023-02-23
S4266,69444848-5,Standard,19.59,Monthly,2021-02-14
S4267,b9d4ce28-2,Premium,4.8,Yearly,2022-08-04
S4268,f328bfce-e,Premium,16.34,Yearly,2023-04-06
S4269,287021fc-e,Premium,8.09,Monthly,2024-10-02
S4270,8a0c9d6f-8,Basic,5.2,Monthly,2025-04-29
S4271,41bd9bf7-8,Standard,22.5,Yearly,2024-01-16
S4272,863f638e-8,Basic,6.81,Yearly,2024-12-23
S4273,29e4214f-5,Basic,9.57,Yearly,2024-10-23
S4274,0d4e58e5-c,Premium,16.86,Yearly,2025-12-28
S4275,0c646138-8,Standard,14.53,Yearly,2023-03-26
S4276,5571c94f-f,Basic,17.79,Yearly,2024-09-18
S4277,63034d5a-1,Basic,15.12,Monthly,2023-07-18
S4278,e1fd033c-b,Basic,8.17,Yearly,2023-03-01
S4279,075cdad0-5,Standard,5.94,Monthly,2021-06-06
S4280,4d9ea6e9-2,Basic,17.06,Monthly,2024-08-19
S4281,1f683a71-8,Premium,23.04,Yearly,2021-10-22
S4282,5dc73ad3-8,Basic,15.25,Yearly,2022-10-19
S4283,48f1d5ef-e,Standard,13.47,Yearly,2022-04-20
S4284,b12a896a-7,Premium,9.24,Monthly,2025-01-23
S4285,9c7ebe3a-9,Standard,10.04,Monthly,2025-11-19
S4286,bd4e52d5-f,Premium,21.43,Yearly,2022-04-15
S4287,30bcd4b9-6,Premium,24.01,Yearly,2025-01-07
S4288,11d0c511-e,Premium,20.73,Yearly,2024-01-16
S4289,8e620f78-5,Basic,4.61,Monthly,2023-09-27
S4290,2520b242-c,Basic,9.71,Monthly,2025-12-10
S4291,bf25084c-3,Premium,21.63,Yearly,2022-03-02
S4292,d9e41f7d-4,Premium,5.76,Yearly,2021-03-19
S4293,66789e4a-4,Standard,20.91,Monthly,2023-02-05
S4294,36004f77-4,Premium,23.55,Monthly,2022-06-20
S4295,7450e82f-5,Basic,4.71,Yearly,2023-03-22
S4296,63d11707-a,Premium,21.16,Monthly,2025-08-04
S4297,b6bc1758-5,Premium,23.24,Monthly,2026-01-16
S4298,94a83ec2-d,Standard,17.7,Yearly,2023-02-25
S4299,dbf4b37b-c,Basic,7.99,Monthly,2023-09-16
S4300,355b6c65-6,Standard,6.66,Monthly,2024-07-25
S4301,512a6134-4,Premium,9.02,Yearly,2023-06-23
S4302,72ed9d30-f,Basic,7.0,Yearly,2024-05-30
S4303,28c07907-9,Premium,8.64,Yearly,2025-08-10
S4304,30c0f502-1,Standard,9.39,Yearly,2023-07-16
S4305,ae60e37d-d,Basic,9.28,Yearly,2022-12-04
S4306,2900e6ce-e,Basic,21.67,Monthly,2023-12-05
S4307,759f320d-e,Standard,4.43,Monthly,2025-05-31
S4308,d251ff17-d,Basic,6.01,Yearly,2024-12-25
S4309,18308eeb-1,Premium,14.71,Yearly,2024-09-19
S4310,cb5f3e0a-6,Basic,12.3,Monthly ,2022-04-09
S4311,18b7e7cb-5,Basic,4.64,Yearly,2025-11-23
S4312,51a31b21-3,Premium,17.22,Yearly,2025-03-14
S4313,3fc2dfed-5,Premium,7.8,Monthly,2022-02-27
S4314,3a19174d-3,Basic,22.06,Monthly,2024-09-03
S4315,35ceba1f-f,Standard,10.4,Monthly,2021-03-10
S4316,478f3ec1-9,Premium,23.55,Yearly,2025-03-09
S4317,db911086-0,Standard,19.01,Yearly,2022-12-09
S4318,617c9fad-8,Basic,3.34,Monthly,2024-06-10
S4319,8010d2bc-b,Standard,7.51,Yearly,2026-02-03
S4320,938fdf2f-3,,12.72,Monthly,2024-04-22
S4321,c71ff497-6,Standard,5.89,Yearly,2024-06-23
S4322,83919bcf-c,Standard,24.03,Yearly,2023-12-16
S4323,21c4bfeb-e,Standard,19.69,Yearly,2021-02-22
S4324,f35720ec-4,Basic,6.88,Yearly,2022-12-06
S4325,f08ba72b-4,Basic,4.48,Monthly,2023-01-01
S4326,481b4975-7,Premium,11.77,Monthly,2023-04-04
S4327,ae9d8f3f-9,Basic,7.42,Monthly,2025-07-14
S4328,0e1dc3a7-7,Premium,8.98,,2025-04-11
S4329,afb79fb2-2,Basic,23.22,Yearly,2025-06-11
S4330,d9fadbe9-7,Basic,5.57,Monthly,2021-02-09
S4331,b6ef81cf-b,Basic,12.63,Yearly,2025-11-21
S4332,480493f4-9,Basic,13.34,Yearly,2023-09-07
S4333,d75f10e1-e,Basic,13.1,Yearly,2024-07-20
S4334,33842413-7,Premium,11.83,Monthly,2025-07-20
S4335,bef08b4e-d,Standard ,11.0,Monthly,2021-11-30
S4336,4b5fc6ad-2,Basic,18.83,Yearly,2021-03-22
S4337,cd9ebb13-5,Standard,12.74,Monthly,2024-04-15
S4338,ee4416b2-0,Basic,5.51,Monthly,2023-11-06
S4339,e01aeaf9-7,Basic,22.52,Yearly ,2025-01-29
S4340,58710b52-d,Premium,16.39,Monthly,2024-06-05
S4341,bf54d24a-b,Basic,9.21,Yearly,2024-03-04
S4342,54eccea5-1,Premium,17.74,Monthly,2023-10-13
S4343,b1a55a8c-4,Basic,5.13,Yearly,2025-10-22
S4344,a831c6bd-5,Premium,5.38,Yearly,2021-09-06
S4345,dbb27814-5,Standard,24.67,Yearly,2022-07-12
S4346,79fc890a-b,Basic,16.03,Monthly,2023-01-26
S4347,b6663996-0,Basic,17.52,Yearly,2022-09-05
S4348,eff77f57-3,Basic,6.03,Yearly,2024-01-23
S4349,bc3cee61-0,Premium,,Yearly,2022-12-23
S4350,85e880ac-3,Standard,13.09,Yearly,2025-06-17
S4351,25e6fc54-b,Standard,3.53,Yearly,2025-05-24
S4352,56a9934b-4,Premium,9.56,Monthly,2023-11-10
S4353,ca690eeb-5,Basic,24.39,Yearly,2022-02-17
S4354,8c088fec-c,Premium,23.75,Monthly,2021-12-19
S4355,d19a4cd4-f,Basic,7.77,Monthly,2021-09-29
S4356,d7a30a0e-f,Basic,10.21,Yearly,2024-02-26
S4357,efafc483-2,Basic,16.19,Monthly,2022-11-22
S4358,6de8f708-b,Basic,8.79,Monthly,2023-04-15
S4359,d9df12eb-e,Standard,5.17,Monthly,2022-07-11
S4360,b9529e3a-4,Standard,15.74,Yearly,2024-06-21
S4361,432e0079-9,Standard,17.93,Yearly,2021-11-05
S4362,4a9c37fa-d,Basic,4.33,Yearly,2025-07-11
S4363,3b96bfae-4,Basic,3.47,Monthly,2025-09-06
S4364,33b28030-a,Premium,14.07,Yearly,2025-09-18
S4365,d0b73f4e-0,Basic,3.95,Yearly,2023-11-09
S4366,00588e20-3,Standard,18.86,Yearly,2024-05-20
S4367,9e992220-5,Standard,13.6,monthly,2021-06-16
S4368,5be08d84-3,Premium,19.36,Monthly,2025-03-18
S4369,d4bf26e9-5,Basic,16.67,,2022-02-04
S4370,8f814228-f,Standard,17.21,Yearly,2025-05-02
S4371,1ff440b6-5,Premium,18.77,Yearly,2022-07-08
S4372,75e24070-0,Standard,4.44,Monthly,2025-12-16
S4373,1234c189-f,Premium,21.02,Yearly,2021-11-17
S4374,a4a64125-b,Basic,,Monthly,2025-12-17
S4375,bcd3baab-b,Premium,9.75,Yearly,2025-08-18
S4376,497ef264-3,Premium,9.9,Monthly,2021-10-18
S4377,0259867d-a,Standard,19.31,Monthly,2024-10-04
S4378,f377bf00-1,Standard,10.27,Monthly,2021-05-12
S4379,2fc06d25-6,Basic,17.73,Monthly,2022-09-22
S4380,5f379300-b,Standard,14.19,Monthly,2024-07-12
S4381,ee928246-7,Premium,3.21,Yearly,2023-10-11
S4382,4c1f5942-8,Premium,13.06,Monthly,2022-06-03
S4383,03d92e93-8,Basic,8.0,Yearly,2022-10-14
S4384,75fdc19d-3,Standard,15.12,Yearly,2023-02-16
S4385,7670fa71-8,Standard,14.67,Monthly,2026-02-02
S4386,d1fb5852-8,Basic,6.78,Yearly,2021-11-25
S4387,58f87a78-3,Premium,22.46,Yearly,2025-03-09
S4388,888aa1f0-b,Premium,10.09,Monthly,2023-07-04
S4389,b21414d3-2,Standard,18.21,Yearly,2022-12-22
S4390,74087735-5,Premium,24.06,Yearly,2022-09-10
S4391,d492f578-0,Basic,4.05,Yearly,2024-02-17
S4392,d2a39411-a,Basic,17.47,Yearly,2024-04-15
S4393,5dc0b0d7-a,Standard,9.96,Yearly,2023-08-17
S4394,d4a815f3-e,Premium ,11.47,Yearly,2021-07-05
S4395,f35a159e-5,Standard,6.4,Monthly,2023-06-11
S4396,97b79f83-3,Premium,14.79,Yearly,2025-05-12
S4397,d6090ad9-d,Basic,13.31,Monthly,2023-10-29
S4398,dcd7de1d-f,Basic,12.57,Yearly,2024-04-08
S4399,14a0d4eb-a,Standard,15.06,Monthly,2022-06-22
S4400,c3f42ee6-f,Basic,5.47,Yearly,2022-02-09
S4401,1aae5309-6,Standard,9.89,Monthly,2021-06-13
S4402,5614dbd2-d,Premium,6.31,Yearly,2025-02-27
S4403,f43c21de-2,Basic,10.8,Monthly,2025-12-05
S4404,367334f5-1,Standard,18.93,Yearly,2022-08-30
S4405,f89bfb54-2,Standard,17.22,Monthly,2021-03-14
S4406,233887d6-a,Basic,15.72,Monthly,2025-09-06
S4407,61e5eefa-2,Standard,23.07,Yearly,2022-05-25
S4408,4745fd3e-8,Premium,8.81,Monthly,2023-12-31
S4409,e7eaa1b5-9,Standard,10.45,Monthly,2022-02-09
S4410,16b32b00-c,Basic,21.83,Yearly,2022-01-14
S4411,73ab19c6-6,Basic,17.08,Yearly,2024-05-13
S4412,2e31803a-2,Premium,19.59,Monthly,2021-02-14
S4413,6f3eafb1-6,Standard,3.74,Yearly,2025-04-14
S4414,aa6b7c77-d,Basic,22.55,Yearly,
S4415,562f75e7-8,Standard,11.59,Yearly,2024-07-04
S4416,847c4e4c-1,Premium,7.32,Monthly,2023-11-21
S4417,9f106648-1,Basic,15.68,Yearly,2025-10-04
S4418,f2d8e1af-e,Basic,9.66,Monthly,2022-04-21
S4419,81080987-9,Basic,4.01,Monthly,2025-10-04
S4420,70714e2e-8,Basic,18.57,Yearly,2021-12-18
S4421,aa13d612-b,Basic,14.59,Yearly,2021-04-27
S4422,1fbfb6d5-d,Premium,9.89,Monthly,2023-04-03
S4423,6dc3b44b-4,Basic,8.11,Yearly,2023-06-28
S4424,b342813b-b,Basic,23.08,Yearly,2024-01-14
S4425,5d053f60-d,Standard,7.42,Yearly,2026-01-03
S4426,43ae6c74-6,Standard,7.75,Yearly,2026-01-10
S4427,c4178a3a-0,Standard,24.12,Yearly,
S4428,5fd99b92-b,Premium,3.81,Yearly,2022-04-29
S4429,8b8652f6-2,Basic,21.44,Yearly,2021-10-01
S4430,29914293-9,Premium,24.13,Yearly,2025-05-25
S4431,5df6b025-5,Standard,4.46,Monthly,2023-07-24
S4432,21e04213-c,Basic,16.42,Yearly,2021-05-14
S4433,8eb3950e-e,Standard,7.75,Yearly,2022-04-24
S4434,94ba8adc-5,Premium,12.93,Yearly,2025-09-03
S4435,82727ea1-a,Standard,13.71,Monthly,2024-05-20
S4436,be6b029c-6,Premium,11.12,Monthly,2025-09-13
S4437,32097618-3,Standard,12.9,Yearly,2021-05-24
S4438,6bc02d12-6,Standard,4.5,Yearly,2023-05-12
S4439,1a23ff4c-1,Standard,21.59,Yearly,2025-12-01
S4440,2ea7aa0a-3,Premium,6.54,Yearly,2021-05-25
S4441,41ccbb61-1,Premium,7.99,Yearly,2023-07-27
S4442,44f1b47a-3,Basic,23.89,Monthly,2021-05-25
S4443,7dfb2645-0,Standard,3.85,Monthly,2021-07-23
S4444,daf955f4-4,Standard,24.64,Monthly,2023-02-08
S4445,9b7a8b1b-a,Basic,9.28,Yearly,2023-02-26
S4446,97633ad8-8,Standard,14.33,Yearly,2024-02-11
S4447,6750ff34-1,Standard,24.36,Monthly,2025-12-23
S4448,4197789c-5,Standard,13.43,Monthly,2021-09-27
S4449,f596c8df-5,Premium,17.72,Yearly,2022-03-19
S4450,0e508b30-6,Premium,17.63,Yearly,2025-02-18
S4451,211d9c07-7,Basic,10.07,Yearly,2021-05-12
S4452,5d883e04-3,Premium,22.97,Yearly,2024-11-16
S4453,dc4317ea-c,Standard,6.02,Yearly,2021-11-09
S4454,cbb774f0-2,Basic,6.98,Monthly,2023-06-11
S4455,faef3258-8,Basic,12.65,Yearly,2025-08-15
S4456,861d0565-7,Standard,20.1,Monthly,2024-10-04
S4457,94b50ab5-f,Basic,9.36,Yearly,2025-03-02
S4458,8e4847ef-2,Basic,16.15,Yearly,2024-10-30
S4459,d0d04c1b-7,Premium,22.13,Monthly,2024-08-26
S4460,cdd105af-b,Basic,20.34,Yearly,2024-01-31
S4461,28bcbe5e-9,Standard,17.21,Monthly,2021-10-03
S4462,d5f9d238-0,Basic,9.79,Monthly,2022-12-03
S4463,98d88554-0,Standard,24.84,Monthly,2021-11-15
S4464,4c89f832-8,Standard,17.62,Monthly,2023-01-05
S4465,752f7279-f,Basic,11.81,Yearly,2022-11-21
S4466,a343588d-a,Premium,10.29,Monthly,2025-05-06
S4467,4a039c0d-8,Standard,9.6,Monthly,2023-03-04
S4468,17bb2641-5,Basic,5.17,Yearly,2023-01-07
S4469,32ae5d8c-e,Standard,19.83,Yearly,2023-02-26
S4470,8bf06af1-1,Standard,3.36,Yearly,2024-05-17
S4471,e2240848-0,Standard,7.27,Monthly,2023-03-01
S4472,fe5b881a-b,Basic,18.75,Monthly,2022-02-14
S4473,55d71768-9,Premium,22.92,Monthly,2024-06-17
S4474,c4aceb3a-5,Standard,11.3,Monthly,2022-11-05
S4475,f49bda44-7,Basic,22.89,Yearly,2024-02-07
S4476,8a6fe37f-d,Standard,13.85,Monthly,2025-05-31
S4477,1d12edef-4,Basic,20.27,Monthly,2021-08-21
S4478,15ff2ae9-f,Standard,14.12,Monthly,
S4479,90cebe30-e,Premium,10.27,Yearly,2026-02-03
S4480,0263dfdd-0,Premium,7.59,Yearly,2025-03-08
S4481,1e4df829-7,Basic,21.1,Monthly,2025-01-22
S4482,8bf096ba-2,Basic,9.16,Monthly,2022-09-23
S4483,b747ce41-9,Standard,12.09,Yearly,2022-06-18
S4484,26d2b4d4-0,Basic,13.31,Monthly,2022-10-21
S4485,f0741958-9,Premium,14.88,Monthly,2022-02-26
S4486,b17e2ce2-f,Standard,22.54,Yearly,2026-01-04
S4487,78b8fe01-3,Premium,18.47,Yearly,2025-07-03
S4488,441a99fd-4,Standard,22.04,Monthly,2024-08-07
S4489,bdd31088-1,Premium,9.08,Monthly,2025-06-27
S4490,76f1f0c6-0,Standard,21.53,Yearly,2024-10-09
S4491,03e3aa77-0,Standard,22.98,Yearly,2021-05-13
S4492,4b982e8e-a,Premium,7.0,Monthly,2025-06-08
S4493,cab8a2ee-a,Standard,23.67,Yearly,2024-05-26
S4494,bfc08f99-2,Basic,12.64,Yearly,2022-10-17
S4495,fcc0faaf-d,Basic,8.78,Monthly,2023-08-24
S4496,3c81dd3b-9,Premium,17.36,Yearly,2025-01-02
S4497,0984e68e-4,Basic,8.13,Yearly,2025-08-26
S4498,fa6da1fb-4,Premium,14.3,Yearly,2022-01-30
S4499,050073bf-b,Basic,7.36,Monthly,2021-12-14
S4500,96d6248c-c,Standard,,Monthly,2022-02-18
S4501,865ea1f1-f,Premium,16.59,Yearly,2024-06-29
S4502,39c6886b-0,Basic,10.2,Monthly,2023-12-10
S4503,5e8e3e32-5,Premium,7.3,Monthly,2025-11-09
S4504,45bf04ea-9,Basic,8.02,Monthly,2021-11-29
S4505,94086835-3,Premium,18.54,Monthly,2022-02-20
S4506,8c2d7cc0-e,Premium,14.9,Yearly,2024-12-11
S4507,bfd23b8c-0,Premium,24.85,Monthly,2025-02-04
S4508,0bb1675f-8,Premium,23.39,Yearly,2024-03-08
S4509,a1d539c8-7,Premium,4.12,Yearly,2022-08-23
S4510,547eadc5-c,Standard,3.5,Monthly,2022-02-21
S4511,694bd02c-0,Premium,22.27,Yearly,2023-05-12
S4512,c64212eb-d,Standard,9.24,Yearly,2024-01-15
S4513,d7c21225-a,Basic,18.34,Monthly,2023-04-11
S4514,bf719b8e-5,Premium,17.1,Yearly,2022-05-25
S4515,bd0d59fd-b,Basic,17.52,Yearly,2021-06-12
S4516,86e9e41a-2,Premium,14.75,Yearly,2022-01-22
S4517,c3a9993f-d,Standard,5.49,Monthly ,2025-02-07
S4518,6ea643b2-c,Standard,19.21,Monthly,2024-06-09
S4519,28e98785-1,Premium,17.87,Yearly,2022-02-02
S4520,74ac23fa-e,Standard,7.88,Yearly,2023-12-31
S4521,a7385acf-a,Basic,5.15,Yearly,2022-08-26
S4522,c8f88356-4,Standard,22.47,Yearly,2024-09-10
S4523,37968ea5-c,Premium,14.26,Monthly,2021-12-23
S4524,,Premium,12.71,Yearly,2022-12-07
S4525,44742d0a-a,Basic,15.87,Monthly,2023-05-21
S4526,787869db-7,Premium,9.99,Monthly,2024-04-29
S4527,e6727cd9-c,Standard,13.63,Monthly,2023-12-22
S4528,920bb045-0,Standard,24.56,Monthly,2025-07-26
S4529,475fc1d7-4,Premium,13.47,Monthly,2025-04-26
S4530,b53276ce-1,Premium,12.02,Yearly,2025-04-06
S4531,a0498c2c-5,Basic,6.49,Yearly,2023-06-17
S4532,4c295742-8,Premium,21.83,Yearly,2025-10-31
S4533,a0358924-d,Basic,6.64,Yearly,2022-01-16
S4534,6a767ae7-e,Premium,16.31,Yearly,2021-12-19
S4535,59e95b0a-c,Premium,12.25,Monthly,2024-01-04
S4536,ad3ebc7e-4,Basic,11.45,Yearly,2025-11-03
S4537,d1f49873-0,Standard,13.15,Yearly,2025-11-06
S4538,0c2145c0-c,Standard,21.94,Yearly,2021-02-19
S4539,dd3ee68d-8,Premium,10.45,Yearly,2023-07-29
S4540,27b2267e-6,Premium,12.62,Yearly,2024-12-17
S4541,88eca8b5-e,Premium,24.8,Monthly,2021-11-16
S4542,c029b1eb-d,Basic,16.09,Monthly,2025-06-09
S4543,0d01c5f8-4,Basic,23.64,Yearly,2024-02-25
S4544,6aceee5a-b,Standard,11.37,Yearly,2021-07-11
S4545,5f3f830d-a,Standard,18.65,Yearly,2024-02-12
S4546,0f6805ca-0,Basic,13.49,Yearly,2022-01-13
S4547,3d87f00f-5,Standard,15.65,Yearly,2022-02-18
S4548,5e55a8e4-2,Standard,8.14,Yearly,2024-05-28
S4549,0b32f2a2-7,Premium,17.72,Yearly,2021-11-05
S4550,4d710886-7,Premium,16.14,Yearly,2025-10-12
S4551,adecdc42-f,Premium,9.22,Yearly,2025-01-19
S4552,e10162e1-f,Basic,21.58,Monthly,2025-03-31
S4553,b64aa092-3,Standard,19.48,Yearly,2022-08-12
S4554,9a29295c-d,Basic,12.48,Monthly,2021-02-28
S4555,85dd8a52-7,Premium,4.97,,2025-05-30
S4556,18bf9f9f-a,Premium,8.01,Monthly,2022-01-01
S4557,,Basic,19.0,Yearly,2024-10-14
S4558,4651c47c-1,Premium,4.78,Monthly,2021-12-16
S4559,84edfff5-4,Premium,15.15,Monthly,2021-02-26
S4560,d6a91bca-7,Standard,15.1,Monthly,2024-04-16
S4561,e62cb63b-7,Basic,10.19,Yearly,2023-11-14
S4562,702cee36-e,Premium,23.14,Yearly,2026-01-18
S4563,a3f0a095-e,Premium,18.02,Yearly,2025-02-17
S4564,e9a7c535-7,Standard,3.59,Yearly,2021-04-10
S4565,448992a9-2,Basic,14.26,Yearly,2021-05-09
S4566,6e2c311f-2,Basic,9.25,Monthly,2021-06-07
S4567,3e71a0ed-1,Premium,9.79,Monthly,2023-11-29
S4568,d406e303-8,Standard,15.95,Monthly,2022-07-11
S4569,6e94ffd5-f,Basic,18.14,Yearly,2021-02-23
S4570,efc96220-5,Standard,19.23,Monthly,2022-03-03
S4571,d52b38fe-6,Premium,10.51,Monthly,2022-03-24
S4572,388b2eb3-1,Premium,10.19,Yearly,2021-07-16
S4573,66572a8b-3,Standard,5.63,Yearly,2025-10-12
S4574,6a35844c-3,Premium,8.69,Monthly,2022-01-23
S4575,bf825d59-8,Premium,22.45,Monthly,2023-03-17
S4576,3bd0ef17-c,Premium,14.87,Monthly,2024-04-09
S4577,b5f9e8c1-1,Premium,13.63,Yearly,2021-06-11
S4578,d61d5f72-9,Basic,11.81,Yearly,2025-07-24
S4579,78606164-c,Basic,24.81,Yearly,2022-05-24
S4580,0f920d76-3,Premium,11.33,Monthly,2021-02-27
S4581,b11292b6-7,Premium,8.3,Monthly,2022-09-01
S4582,4bfcdaac-7,Basic,11.07,Yearly,2021-05-30
S4583,1ab8cd45-8,Basic,12.3,Monthly,2022-05-10
S4584,3989f5f9-9,Premium,3.21,Monthly,2024-07-30
S4585,f55460a6-f,Standard,20.22,Monthly,2021-06-27
S4586,a075df92-e,Basic,19.1,Yearly,2024-02-14
S4587,440859c0-4,Premium,6.24,Monthly,2021-12-17
S4588,435f6605-0,Standard,13.09,Yearly,2022-10-20
S4589,ab98cbf9-7,Basic,10.33,Monthly,2023-07-28
S4590,663d4fcd-e,Premium,12.07,Yearly,
S4591,f0309c4f-7,Standard,8.03,Yearly,2024-07-14
S4592,ac9e5130-6,Premium,23.12,Monthly,2023-06-11
S4593,c1f24756-2,Standard,5.52,Yearly,2021-05-01
S4594,4d198c3b-3,Basic,4.7,Yearly,2025-01-22
S4595,94781e36-5,Standard,12.41,Yearly,2025-01-14
S4596,fb9fe94f-7,Standard,13.19,Yearly,2024-09-03
S4597,d21ffc8a-f,Basic,17.42,Yearly,2025-02-04
S4598,f98d07f9-8,Basic,13.53,Yearly,2025-08-31
S4599,a00b9024-3,Premium,9.06,Yearly,
S4600,,Premium,19.79,Monthly,2021-10-25
S4601,45e620e7-6,Basic,22.61,Yearly,2022-08-06
S4602,b80d5d45-2,Basic,11.34,Yearly,2021-08-12
S4603,439de932-4,Standard,5.6,Yearly,2021-07-16
S4604,81e5b814-6,Standard,7.89,,2024-12-07
S4605,444bbed1-5,Standard,8.3,Yearly,2021-04-30
S4606,d06fd3a8-0,,14.12,Yearly,2025-01-22
S4607,483341fa-1,Premium,24.14,Yearly,2022-04-11
S4608,ada7d545-8,Premium,,Monthly,2025-01-24
S4609,0445935c-e,Standard,14.74,yearly,2023-10-15
S4610,a152a636-b,Premium,15.52,Monthly,2022-09-02
S4611,66d0c735-e,Standard,16.21,Monthly,2022-09-06
S4612,0d7f380c-9,Premium,9.83,Monthly,2025-11-04
S4613,9650dec7-4,Basic,16.88,Yearly,2025-11-08
S4614,27b4db75-7,Standard,4.46,Yearly,2023-11-14
S4615,655b3bbb-7,Premium,14.18,Yearly,2024-03-03
S4616,97f5ab96-5,Premium,8.22,Monthly,2024-04-08
S4617,ced8362c-9,Premium,23.53,Yearly,2023-06-29
S4618,1dcaefc5-9,Basic,20.56,Yearly,2024-08-02
S4619,fd459843-1,Basic,8.34,Yearly,2023-12-13
S4620,d812fc50-d,Premium,16.17,Yearly,2025-01-05
S4621,df50bc41-7,Standard,17.47,Monthly,2023-06-24
S4622,d12dba70-5,Premium,11.61,Yearly,2025-03-25
S4623,15db042c-6,Basic,,Monthly,2023-02-20
S4624,5da848de-1,Premium,17.54,Yearly,2023-01-22
S4625,12c6b4d3-c,Premium,11.06,Monthly,2024-08-13
S4626,263cb97a-f,Premium,7.38,Monthly,2024-09-29
S4627,05e1468d-7,Standard,14.46,Yearly,2024-09-23
S4628,c9b363e2-5,Standard,11.14,Yearly,2025-10-05
S4629,e094988d-1,Standard,7.14,Monthly,2023-09-07
S4630,ae4ed5e7-f,Standard,17.33,Monthly,2024-03-31
S4631,5c88a128-e,Standard,11.84,Yearly,2021-11-29
S4632,68fa3d3f-0,Premium,18.29,Yearly,2023-04-27
S4633,fce65388-5,Standard,20.87,Monthly,2024-03-20
S4634,7961d943-5,Standard,15.48,Yearly,
S4635,f23806bb-e,Basic,8.04,Monthly,2024-04-23
S4636,c625983e-c,Premium,17.42,Yearly,2022-08-22
S4637,a8941ba0-f,Basic,22.78,Monthly,2021-09-28
S4638,e5cbb677-6,Basic,18.9,Monthly,2022-02-14
S4639,4cf1f8f2-d,Standard,19.44,Yearly,2024-06-10
S4640,a1807877-f,Basic,,Yearly,2026-01-04
S4641,d1673d6b-7,Standard,20.29,Monthly,2023-07-01
S4642,2255d88d-5,Basic,21.74,Monthly,2022-12-07
S4643,c9cfa009-0,Basic,18.64,Monthly,2025-10-25
S4644,3837d0f5-b,Standard,12.4,Monthly,2025-11-09
S4645,c74e044c-0,Basic,8.45,Monthly,2022-04-15
S4646,9c86d26c-e,Standard,6.46,Yearly,2023-08-09
S4647,cf80b1ba-c,Premium,8.82,Yearly,2023-05-18
S4648,f46e78e5-9,Basic,9.3,Yearly,2023-05-14
S4649,6fe6a73e-e,Premium,17.28,Monthly,2025-06-22
S4650,a1586a28-f,Premium,17.28,Yearly,2021-08-21
S4651,718e8f17-f,Basic,18.33,Monthly,2022-07-10
S4652,2212e046-d,Premium,14.03,Yearly,
S4653,1c10749b-d,Basic,3.73,Yearly,2023-08-09
S4654,9dc70c1b-0,Standard,19.78,Monthly,2022-09-13
S4655,e1ea58d5-0,Standard,11.48,Monthly,2024-09-16
S4656,ab873743-0,Premium,8.2,Yearly,
S4657,61db86eb-4,Basic,4.23,Yearly,2023-07-26
S4658,5820c9a5-7,Standard,19.24,Yearly,2021-04-10
S4659,96586380-6,Standard,8.65,Yearly,2025-02-27
S4660,4da237a3-1,Standard,23.79,Yearly,2023-08-06
S4661,bc572124-2,Basic,20.18,Yearly,2025-10-20
S4662,448138b6-c,Basic,21.15,Monthly,2023-05-03
S4663,c0f4a9e4-b,Premium,11.07,Yearly,2022-09-05
S4664,c3f469e0-1,Premium,16.33,Yearly,2024-11-08
S4665,668aef56-8,Basic,3.66,Yearly,2023-05-31
S4666,8da17b69-a,Basic,17.33,Yearly,2024-08-20
S4667,b0069ec6-c,Standard,7.43,Monthly,2024-05-22
S4668,b3e00091-9,Premium,7.96,Yearly,2025-11-04
S4669,a0e8d05f-6,Standard,12.12,Monthly,2022-07-17
S4670,7eb1a5fc-3,Standard,3.58,Yearly,2022-08-20
S4671,f8eef10e-8,Standard,12.56,Yearly,2022-09-23
S4672,0c982aba-d,Premium,8.74,Monthly,2025-02-25
S4673,14b42c49-6,Standard,8.13,Yearly,2022-05-01
S4674,,Standard,22.67,Monthly,2023-05-17
S4675,441b6c06-7,Standard,3.9,Yearly,2023-11-26
S4676,a21a3485-2,Basic,12.32,Monthly,2022-10-02
S4677,6da25260-e,Standard,3.48,Yearly,2021-12-25
S4678,2114815d-8,Pr3mium,16.7,Monthly,2025-03-21
S4679,7daebcb9-c,Standard,9.47,Yearly,2021-12-09
S4680,6dbf7247-0,Standard,5.04,Yearly,2025-02-17
S4681,cb2c9601-c,Basic,3.44,Yearly,2023-07-11
S4682,0b331dbf-e,Basic,19.45,Monthly,2023-10-01
S4683,f8e1e43d-c,Premium,4.75,Monthly,2021-12-01
S4684,f3fc9e84-c,Standard,9.68,Monthly,2024-10-27
S4685,0c963273-d,Standard,20.66,Monthly,2021-02-14
S4686,5c4f8300-9,Basic,,Yearly,2021-10-21
S4687,3d918f42-d,Premium,17.11,Monthly,2022-07-17
S4688,af188c26-e,Basic,19.68,Yearly,2024-03-27
S4689,996b1c0b-8,Basic,22.38,Yearly,2022-11-29
S4690,78a203b3-5,Standard,6.14,Monthly,2025-06-21
S4691,86f6cd40-c,Premium,9.58,Yearly,2024-08-08
S4692,d50aaa47-8,Standard,24.14,Yearly,2024-06-19
S4693,bc4fedca-a,Standard,18.2,Yearly,2025-06-06
S4694,3307be57-0,Premium,18.58,Monthly,2025-01-22
S4695,053daa30-e,Basic,22.58,Monthly,2024-10-20
S4696,5c85424a-3,Premium,16.3,Yearly,2022-12-03
S4697,efe59692-8,Standard,7.06,Monthly,2023-10-10
S4698,df93007f-2,Premium,16.77,Monthly,2023-01-15
S4699,00ad96d1-8,Standard,6.71,Monthly,2026-01-07
S4700,3ab9df70-1,Standard,6.92,Monthly,2025-03-29
S4701,8f52af3a-5,Basic,24.22,Yearly,2023-02-13
S4702,bc9d5c10-6,Premium,21.79,Monthly,2022-11-30
S4703,a2f62207-3,Standard,15.67,Yearly,2023-12-30
S4704,9257e6b4-d,Premium,4.44,Yearly,2025-08-26
S4705,73f34dbe-4,Premium,20.98,Monthly,2021-09-25
S4706,482c3098-3,Standard,11.33,Yearly,2021-09-01
S4707,47dc85d3-1,Basic,20.64,Yearly,2024-03-30
S4708,37832784-d,Premium,13.27,Monthly,2025-01-12
S4709,c765e0ca-6,Basic,16.78,Yearly,2021-05-06
S4710,f867c2f0-b,Basic,5.68,Monthly,2021-03-26
S4711,bfbffdb2-7,Standard,11.59,Monthly,2022-12-27
S4712,7a24e8ad-c,Basic,8.42,Yearly,2022-07-30
S4713,fc762575-6,Basic,,Monthly,2023-08-26
S4714,a7b3099e-2,standard,11.01,Yearly,2025-06-15
S4715,94af775e-5,Standard,16.11,Yearly,2023-01-30
S4716,a8f7cd8b-1,Basic,15.25,Monthly,2023-09-07
S4717,7cc3b384-3,Standard,17.27,Monthly,2024-12-18
S4718,,Premium,3.75,Monthly,2021-07-05
S4719,52b33e6a-6,Basic,23.68,Yearly,2023-10-25
S4720,569b336d-6,Basic,12.06,Yearly,2021-11-20
S4721,c2b530a9-a,Standard,13.7,Monthly,
S4722,9d7c1a06-e,Basic,7.87,Monthly,2022-11-29
S4723,3412f2e1-5,Premium,21.28,Yearly,2026-01-30
S4724,1e1b5678-1,Standard,22.45,Yearly,2022-04-21
S4725,8c043ca2-1,Standard,23.13,,2025-01-10
S4726,c4c50de6-6,Standard,22.36,Monthly,2023-03-03
S4727,8961f996-4,Premium,21.94,Monthly,2025-10-21
S4728,e4f5c3b6-2,Premium,18.97,Monthly,2023-02-15
S4729,c67de0ab-c,Premium,10.29,Yearly,2024-09-16
S4730,5f94d08b-2,Standard,23.94,Monthly,2024-06-26
S4731,f87401c6-b,Standard,5.53,Monthly,2025-12-06
S4732,a1bcb441-0,Standard,21.28,Yearly,2021-10-23
S4733,61180c0d-b,Premium,14.2,Yearly,2021-12-07
S4734,2b2470ab-8,Standard,19.32,Monthly,2023-01-20
S4735,da2f3c79-f,Basic,19.75,Monthly,2025-05-26
S4736,d729c040-a,Standard,22.79,Yearly,2024-10-26
S4737,92058123-7,Basic,24.62,Monthly,2021-02-12
S4738,c8d4103b-f,Standard,20.27,Monthly,2022-05-07
S4739,9630a5d5-e,Basic,8.73,Yearly,2021-11-30
S4740,a79f67e7-0,Standard,23.86,Monthly,2023-11-15
S4741,51806967-f,Premium,24.48,Monthly,2022-04-17
S4742,1be766d6-2,Basic,17.41,Yearly,2022-12-14
S4743,bc401474-f,Premium,7.4,Yearly,2023-06-10
S4744,49360a56-2,Premium,15.19,Yearly,2022-05-13
S4745,a37adc4d-1,Premium,6.62,Monthly,2022-02-22
S4746,ca5d333c-8,Basic,19.64,Monthly,2024-07-13
S4747,33ad66d6-5,Basic,24.16,Monthly,2021-11-05
S4748,91a6d019-e,Basic,8.36,Monthly,2021-02-28
S4749,dfa79688-e,Premium,18.65,Monthly,2023-01-28
S4750,8efd907c-a,Basic,24.67,Yearly,2025-09-15
S4751,fdeca735-1,Premium,15.1,Yearly,2026-02-02
S4752,656c5a99-e,Standard,6.09,Monthly,2025-08-15
S4753,a42bbb40-1,Basic,3.09,Yearly,2023-01-10
S4754,626400d3-6,Standard,10.19,Yearly,2024-06-09
S4755,177c22ed-c,Standard,9.27,Yearly,2024-01-11
S4756,dac229cd-2,Standard,11.85,Yearly,2025-12-16
S4757,a1c421c5-1,Premium,8.43,Monthly,2025-09-05
S4758,751f2ab8-8,Basic,3.64,Monthly,2023-11-23
S4759,79d3a08c-9,Standard,19.4,Yearly,2022-12-08
S4760,6bf9ac9e-a,Basic,18.03,Yearly,2022-10-13
S4761,a07d01c6-a,Basic,,Yearly,2022-09-17
S4762,529e55e3-c,Standard,3.46,Yearly,2025-04-22
S4763,c3c4992a-1,Standard,6.91,Yearly,2025-10-26
S4764,868e4660-8,Basic,24.1,Yearly,2025-09-13
S4765,f6ce5445-c,Premium,4.65,Yearly,2024-06-26
S4766,0ddaf680-f,Premium,19.9,Yearly,2022-08-15
S4767,89f4d39f-6,Premium,19.47,Monthly,2023-05-23
S4768,1a028eed-c,Standard,11.33,Yearly,2021-02-11
S4769,bdfdbcac-6,Premium,7.73,Monthly,2021-04-09
S4770,1d7feb23-d,Premium,4.07,Monthly,2025-07-17
S4771,6a8214b7-c,Premium,,Monthly,2021-06-19
S4772,41dcc0df-e,Basic,21.82,Monthly,2023-11-26
S4773,d94464c6-0,Premium,14.83,Monthly,2026-01-15
S4774,,Premium,22.72,Monthly,2025-12-29
S4775,5974a546-1,Basic,13.08,Monthly,2023-06-25
S4776,3b6b948f-e,Premium,16.2,Monthly,2024-10-03
S4777,1981a32c-4,Premium,4.96,Monthly,2023-10-10
S4778,02c69802-0,Basic,11.45,Yearly,2023-02-10
S4779,e23f7419-b,Premium,7.8,Yearly,2025-09-23
S4780,bfc91a04-6,Basic,10.8,Monthly,2024-05-06
S4781,a8af35a7-2,Basic,9.98,Yearly,2021-07-15
S4782,80a21325-b,Standard,13.03,yearly,2024-02-21
S4783,f5dd45fd-9,Premium ,12.55,Yearly,2023-08-09
S4784,0d9f7adf-6,Basic,9.46,Monthly,2021-12-04
S4785,66e946c5-1,Premium,19.73,Monthly,
S4786,e476fdf5-1,Standard,22.36,Yearly,2023-01-15
S4787,ea5e65eb-d,Premium,23.89,,2021-04-28
S4788,c4a1f886-5,Standard,13.74,Yearly,2025-05-05
S4789,b972077d-1,Basic,22.07,Monthly,2022-01-11
S4790,9f910310-c,Basic,12.28,Yearly,2024-03-14
S4791,66de093e-1,Premium,13.27,Yearly,2022-08-25
S4792,ed60a0a2-1,Premium,12.53,Yearly,
S4793,c7022e40-0,Basic,7.11,Yearly,2024-10-18
S4794,6fda17a3-1,Premium,7.68,Monthly,2025-04-28
S4795,db08d9ad-4,Premium,9.98,Yearly,2021-10-31
S4796,e6fb74e3-4,Basic,4.25,Monthly,2021-11-26
S4797,,Standard,11.34,Yearly,2024-01-09
S4798,5381e35c-9,Premium,20.01,Yearly,2023-10-28
S4799,650fbe5c-8,Premium,19.5,Monthly,2025-03-10
S4800,ee545a7c-b,Standard,21.88,Monthly,2025-08-04
S4801,c2ee09d3-5,Standard,3.08,Monthly,2025-09-26
S4802,75fe47bb-7,Premium,6.84,Yearly,2022-06-15
S4803,8c3c8f85-b,Basic,14.25,Yearly,2024-07-09
S4804,32e4d802-7,Premium,10.94,Monthly,2023-10-15
S4805,a999fdf7-2,Premium,24.64,Yearly,2021-09-11
S4806,f124b248-8,Standard,9.71,Yearly,2021-11-04
S4807,55502720-6,Premium,15.56,Yearly,2021-06-16
S4808,5293bdae-4,Premium,22.86,Yearly,2025-11-08
S4809,e18eb088-3,Basic,15.03,Yearly,2025-12-04
S4810,bbf5366c-8,Premium,19.41,Yearly,2022-04-03
S4811,a086acea-3,Standard,18.52,Yearly,2025-11-05
S4812,f7011d1d-1,Basic,4.61,Monthly,2021-12-20
S4813,193de1ec-c,Standard,11.46,Monthly,2024-07-28
S4814,4ed9d5c3-b,Standard,9.15,Monthly,2022-06-08
S4815,e54d15dc-b,Standard,11.54,Monthly,2025-01-03
S4816,7ef513c8-9,Premium,20.98,Yearly,2021-12-10
S4817,34a73aa6-c,Premium,21.79,Yearly,2022-07-17
S4818,56e74c4a-3,Basic,6.59,Yearly,2021-05-16
S4819,60ff8b24-8,Standard,3.7,Yearly,2021-09-19
S4820,9676e88e-4,Standard,6.8,Monthly,2021-04-26
S4821,64beffbf-8,Standard,6.22,Yearly,2025-07-20
S4822,8d9551b9-d,Premium,22.49,Yearly,2024-10-23
S4823,9e76f558-e,Basic,3.32,Yearly,2022-08-24
S4824,e0d6d298-8,Premium,7.11,Yearly,2024-08-07
S4825,f7ceb932-b,Standard,22.5,Yearly,2023-06-09
S4826,46126b08-9,Premium,5.62,Yearly,2022-12-21
S4827,e78244c1-8,Premium,7.93,Monthly,2025-07-10
S4828,65a71938-b,Basic,20.0,Yearly,2021-10-24
S4829,57cba5b9-e,Basic,20.44,Yearly,2025-03-28
S4830,c2f01b4f-b,Basic,15.01,Yearly,2025-07-06
S4831,cd382f2f-4,Basic,6.89,Monthly,2026-01-21
S4832,58697f38-5,,22.47,Monthly,2024-02-22
S4833,de3d4eba-d,Basic,14.28,Yearly,2022-05-26
S4834,2ed3d94d-5,Standard,22.48,Monthly,2022-01-18
S4835,711f39bd-4,Standard,18.64,Monthly,2022-04-29
S4836,23b99a50-7,Standard,3.35,Monthly,2023-05-15
S4837,c66e8a67-4,Basic,12.13,Yearly,2022-05-12
S4838,087c9550-3,Standard,16.39,Monthly,2022-01-08
S4839,28a5a621-3,Premium,21.04,Monthly,2025-07-25
S4840,ebcc6aa2-4,Standard,9.6,Yearly,2023-08-13
S4841,502eef7a-0,Premium,21.78,Monthly,2022-12-11
S4842,3c67aebf-b,Premium,9.25,Yearly,2021-06-06
S4843,cafe95e1-1,Premium,21.99,Monthly,2021-08-07
S4844,b69c1db9-5,Standard,14.59,Yearly,2022-12-23
S4845,07440664-f,Premium,11.23,Yearly,2021-11-02
S4846,5cce0baf-2,Basic,10.71,Monthly,2023-10-29
S4847,422c61e4-e,Basic,3.8,Yearly,2024-11-05
S4848,4ac6edf0-8,Premium,18.77,Monthly,2025-07-26
S4849,312f0500-a,Standard,19.9,Yearly,2021-11-04
S4850,81f56acb-6,Basic,24.3,Monthly,2021-07-30
S4851,52f752e0-4,Standard,20.2,Yearly,2023-04-16
S4852,cd22b5c9-8,Premium,8.58,Yearly,2021-09-29
S4853,f32d89a4-9,Premium,19.75,Monthly,2022-05-19
S4854,b6fb1700-6,Basic,19.67,Yearly,2022-04-26
S4855,1c524268-b,Standard,11.98,Yearly,2023-07-22
S4856,4ccbe474-0,Premium,7.69,Monthly,2021-08-05
S4857,4cf0cc72-d,Basic,16.84,Monthly,2023-09-25
S4858,898477c9-b,Standard,15.44,Yearly,2025-01-28
S4859,d11bdef7-3,Premium,9.13,Yearly,2022-03-18
S4860,261e1e83-0,Premium,17.29,Monthly,2022-10-24
S4861,5bf920d5-9,Standard,20.5,Monthly,2025-10-23
S4862,a29da67d-2,Standard,23.76,Yearly,2023-11-12
S4863,817068c3-9,Basic,9.52,Monthly,2021-07-17
S4864,c8396519-4,Premium,10.86,Yearly,2023-01-30
S4865,38facee6-c,Basic,15.1,Yearly,2021-09-13
S4866,9250f060-7,Standard,4.91,Yearly,2021-09-08
S4867,cd209451-2,Basic,9.07,Yearly,2021-10-25
S4868,a1ff66b9-1,Standard,23.73,Yearly,2025-07-11
S4869,00ad557f-5,Premium,6.02,Yearly,2023-10-22
S4870,dea5c287-2,Standard,13.9,Yearly,2022-05-24
S4871,60e28d9d-6,Premium,18.29,Monthly,2023-02-23
S4872,309f2b66-e,Premium,15.83,Yearly,2025-05-12
S4873,5933f3fa-4,Standard,13.2,Monthly,2025-07-16
S4874,66a701ce-e,Standard,13.47,Monthly,2021-05-13
S4875,9ffb6c02-6,Premium,22.77,Monthly,2025-08-20
S4876,b40a633b-1,Standard,5.21,Monthly,2025-06-17
S4877,2929bd53-d,Standard,5.29,Monthly,2024-07-21
S4878,a354a9d6-c,Standard,15.83,Monthly,2022-04-17
S4879,44be7dad-1,Standard,20.2,Monthly,2023-05-11
S4880,9227a7a3-3,Premium,7.82,Monthly,2024-01-16
S4881,62598f78-3,Basic,7.39,Yearly,2021-06-16
S4882,a5ade54d-f,Standard,4.53,Yearly,2021-05-12
S4883,37d83af5-4,Standard,16.15,Monthly,2023-10-12
S4884,52cf0a7e-9,Premium,18.66,Yearly,2024-02-27
S4885,7f3c5764-6,Basic,6.51,Monthly,2022-04-21
S4886,aec5158c-d,Basic,5.84,Monthly,2023-07-08
S4887,a76b7984-f,Basic,21.69,Yearly,2024-12-22
S4888,fb321aa2-4,Premium,10.89,Monthly,2023-07-04
S4889,70ed30e0-e,Standard,10.22,Monthly,2026-02-07
S4890,da1673d1-2,Premium,16.87,Yearly,2025-01-05
S4891,dcb80643-8,Premium,13.23,Yearly,2021-11-25
S4892,a9532458-d,Basic,18.82,Yearly,2025-08-23
S4893,43d5068d-c,Basic,23.63,Yearly,2023-08-29
S4894,14d6c830-3,Premium,14.04,Yearly,2025-02-21
S4895,8219dd4f-3,Premium,3.91,Yearly,2023-09-02
S4896,0a7a1b9d-d,Standard,24.33,Yearly,2025-03-23
S4897,d3f89c88-f,Standard,14.02,Monthly,2023-03-24
S4898,158a6c85-c,Basic,14.74,Monthly,2024-03-07
S4899,66e956d2-0,Standard,3.25,Monthly,2025-01-28
S4900,f37fe9b5-b,Premium,8.48,Monthly,2025-10-23
S4901,532ec1f9-9,Basic,23.77,Yearly,2022-10-14
S4902,ccc643bb-4,Premium,23.33,Yearly,2023-02-21
S4903,fe1db29d-0,Standard,22.22,Monthly,2024-10-03
S4904,f987f4aa-9,Standard,8.25,Monthly,2025-07-25
S4905,6fdd3a6b-8,Basic,3.52,Monthly,2023-12-01
S4906,b7e21d5b-6,Standard,18.62,Yearly,2025-01-24
S4907,6020bc00-2,Basic,24.86,Yearly,2025-10-16
S4908,562072cc-8,Premium,8.24,Yearly,2022-07-19
S4909,c195c9f4-2,Standard,13.0,Monthly,2025-02-16
S4910,745badd8-4,Basic,10.43,Yearly,2026-01-07
S4911,6b5ea9e3-d,Premium,13.28,Monthly,2025-04-10
S4912,768f183e-b,Basic,22.35,Monthly,2024-08-22
S4913,fce61d92-0,Premium,13.86,Yearly,2025-08-10
S4914,dea01aec-1,Basic,13.05,Monthly,2025-04-05
S4915,14646e69-e,Standard,7.57,Yearly,2025-05-07
S4916,19f59b93-a,Standard,8.0,Yearly,2024-06-22
S4917,ff361bef-4,Standard,10.46,Yearly,2022-05-19
S4918,636f0a1b-6,Basic,10.08,Monthly,2023-01-04
S4919,4d08dd03-3,Premium,8.58,Monthly,2021-04-13
S4920,a0e5cfc6-8,Basic,17.15,Monthly,2022-10-21
S4921,03f0801f-c,Premium,9.24,Yearly,2024-10-28
S4922,3c4b1cc1-f,Standard,5.57,Monthly,2024-03-25
S4923,5979bb10-3,Standard,14.43,Yearly,2022-05-24
S4924,5119e65f-c,Basic,20.39,Yearly,2025-08-03
S4925,73cd26a4-a,Premium,9.19,Monthly,2022-01-31
S4926,4d0a1dde-8,Basic,10.79,Monthly,2023-10-29
S4927,70e50391-d,Basic,8.57,Yearly,2026-02-08
S4928,ea553a76-5,Standard,17.48,Monthly,2026-01-27
S4929,93245c6f-b,Standard,13.68,Monthly,2023-02-01
S4930,18add7f5-2,Basic,16.21,Monthly,2022-12-01
S4931,32988258-e,Standard,12.59,Monthly,
S4932,af18b300-b,Premium,23.86,Monthly,2025-07-31
S4933,92c1bef5-0,Standard,22.38,Yearly,2025-01-08
S4934,b3261c87-a,Basic,20.78,Monthly,2025-06-24
S4935,235ead50-7,Standard,13.28,Monthly,2021-05-14
S4936,251b0d04-b,Standard,8.03,Yearly,2022-08-20
S4937,917c743b-a ,Premium,24.21,Yearly,2022-05-26
S4938,f3456704-0,Premium,18.16,Yearly,2021-11-12
S4939,c9eff5e1-2,Basic,19.04,Monthly,2025-04-30
S4940,92728503-6,Standard,22.81,Monthly,2024-12-05
S4941,7445d0e5-d,Premium,15.74,Yearly,2021-09-20
S4942,6ecbdaad-1,Basic,9.43,Monthly,2021-05-15
S4943,1ce65c07-e,Premium,21.26,Yearly,2022-01-05
S4944,fd4e5091-1,Premium,17.34,Yearly,2021-02-09
S4945,196fa8b7-f,Basic,17.21,Yearly,2025-10-21
S4946,08dbcc9e-5,Premium,12.01,Yearly,2025-09-24
S4947,613fd0b2-d,Premium,6.79,Monthly,2024-01-18
S4948,81c5fa85-b,Basic,3.91,Monthly,2024-06-25
S4949,865bc0a4-a,Premium,21.87,Yearly,2023-05-29
S4950,56163610-3,Premium,5.04,Yearly,2023-01-28
S4951,8a1cf42a-0,Standard,3.99,Monthly,2023-07-22
S4952,1bb1136b-6,,14.35,Yearly,2022-03-27
S4953,feec7ffe-a,Basic,12.21,Yearly,2021-10-22
S4954,1e5f6009-e,Premium,18.91,Monthly,2021-08-07
S4955,9b0f77d7-8,Standard,23.69,Yearly,2022-04-05
S4956,7c28c1b0-c,Premium,11.5,Monthly,2022-11-24
S4957,44251b94-b,Premium,16.05,Yearly,2024-09-25
S4958,44e12ba7-c,Standard,3.24,Yearly,2025-08-23
S4959,7be32f3b-a,Premium,5.21,Monthly,2021-10-03
S4960,f5878ebb-a,Premium,9.21,Monthly,2024-11-08
S4961,011bc885-0,Standard,6.68,Yearly,2025-07-06
S4962,0f58dd6e-d,Premium,24.07,Yearly,2025-09-19
S4963,fddd9817-b,Basic,4.92,Monthly,2025-08-24
S4964,b51a93d1-e,Premium,10.97,Monthly,2025-09-27
S4965,ea05d93e-2,Standard,9.9,Yearly,2022-03-23
S4966,76c13043-f,Premium,3.71,Monthly,2023-01-14
S4967,3445c0e0-7,Standard,22.29,Monthly,2021-08-13
S4968,3fc9d171-1,Standard,4.6,Monthly,2023-01-11
S4969,bda76de7-d,Standard,7.48,Monthly,2022-05-18
S4970,c0f3f857-9,Basic,16.02,Monthly,2024-01-07
S4971,c3c3c4c3-1,Standard,10.29,Monthly,2023-06-21
S4972,2994d918-b,Basic,3.19,Yearly,2022-05-20
S4973,82acd2ba-d,Premium,16.52,Yearly,2024-12-04
S4974,86a680f3-a,Basic,5.79,Yearly,2023-03-22
S4975,77408d0f-e,Premium,20.88,Yearly,2022-04-09
S4976,3b9c918c-b,,7.11,Monthly,2024-06-08
S4977,4b85e2be-0,Basic,18.56,Monthly,2025-02-18
S4978,5da9297a-0,Premium,24.2,Monthly,2022-02-03
S4979,84971e27-c,Basic,13.45,Yearly,2025-12-30
S4980,ad0d4a04-5,Premium,9.72,Monthly,2023-01-28
S4981,a1bb2681-3,Premium,16.98,Monthly,2025-11-02
S4982,a53bee56-b,Premium,9.22,Monthly,2022-09-21
S4983,6e240ee3-d,Standard,5.94,Monthly,2025-11-19
S4984,83e7be7a-1,Premium,5.05,Monthly,2023-06-16
S4985,6ce132fe-c,Premium,15.76,Monthly,2021-10-22
S4986,392c0393-4,Basic,5.44,Monthly,2024-09-01
S4987,23e7f30e-9,Premium,17.71,Yearly,2021-09-26
S4988,03e4782d-c,Basic,9.09,Yearly,2026-01-09
S4989,a2e3938b-4,Basic,5.06,Yearly,
S4990,00d27ea6-2,Standard,10.78,Yearly,2025-10-25
S4991,a9fd6e81-2,Premium,21.76,Yearly,2025-09-26
S4992,e9816bff-e,Premium,7.45,Yearly,2023-04-05
S4993,2e5544f5-6,Premium,3.4,Monthly,2023-10-10
S4994,b0870e35-c,Standard,14.66,Monthly,2023-03-28
S4995,7a2f81bd-9,Premium,23.67,Monthly,2023-12-29
S4996,1fcb2817-3,Basic,18.9,Monthly,2025-10-07
S4997,833f3ecc-b,Premium,12.7,Yearly,2025-04-02
S4998,3cd2a651-2,Premium,5.74,Yearly,2025-01-28
S4999,79312645-b,Premium,12.81,Yearly,2022-02-21
S5000,2d9091d7-4,Basic,4.76,Yearly,2022-06-11
S5001,97423b49-8,Standard,11.31,Yearly,2023-01-29
S5002,19120a94-e,Standard,12.4,Monthly,2021-02-19
S5003,f0ac94f0-2,Standard,9.31,Monthly,2023-08-11
S5004,5d08e591-7,Basic,23.76,Yearly,2024-05-20
S5005,a54ed9bf-f,Premium,20.97,Monthly,2025-01-18
S5006,3ec865b7-6,Premium,19.39,,2026-01-15
S5007,4e2c6d5b-3,Premium,10.14,Yearly,2023-02-02
S5008,ca271944-6,Premium,17.97,Yearly,2021-02-09
S5009,011f1450-1,Basic,16.12,Monthly,2024-11-24
S5010,506bbc96-2,Basic,19.75,Monthly,2023-01-09
S5011,904a0938-8,Basic,10.22,Monthly,2024-02-21
S5012,ee3f26d6-5,Basic,19.39,Monthly,2025-02-03
S5013,b0f083e1-1 ,Standard,18.63,Monthly,2024-03-16
S5014,77f56b2e-9,Basic,20.49,Monthly,2023-07-27
S5015,f756309a-3,Standard,11.3,Monthly,2022-07-23
S5016,c39a5474-5,Premium,13.35,Y3arly,2023-05-14
S5017,e765e164-4,Premium,18.74,Monthly,2024-01-07
S5018,eaba5a3e-8,Standard,24.34,Monthly,2022-10-02
S5019,088ad4f3-b,Premium,7.25,Yearly,2024-07-12
S5020,30384534-1,Basic,3.4,Yearly,2022-10-16
S5021,5a726291-8,Premium,17.19,Monthly,2021-06-05
S5022,16195292-f,Basic,11.43,Monthly,2024-08-12
S5023,edc47c94-7,Standard,4.6,Monthly,2025-12-02
S5024,588f9c27-4,Premium,9.94,Yearly,2025-02-25
S5025,184ce385-6,Standard,7.91,Yearly,2021-04-10
S5026,1e49130c-f,Standard,7.55,Monthly,2022-08-09
S5027,d12c5f2d-2,Basic,24.4,Monthly,2023-12-29
S5028,7265b0d1-f,Premium,19.67,Yearly,2023-10-15
S5029,255eceea-7,Premium,22.8,Y3arly,2021-02-19
S5030,7f36cb8b-9,Premium,21.05,Monthly,2023-03-07
S5031,bfca56bf-0,Premium,20.49,Monthly,2023-10-31
S5032,e5c37d80-8,Premium,10.26,Monthly,2021-06-30
S5033,5b31fbee-6,Standard,7.88,Yearly,2021-10-22
S5034,47e3fb1d-5,Standard,9.14,Monthly,2025-08-04
S5035,913104a2-6,Standard,19.05,Monthly,2023-05-30
S5036,2b4ee622-a,Standard,16.74,Yearly,2024-10-19
S5037,5cb330ba-1,Premium,3.27,Yearly,2022-05-10
S5038,bcbc8c55-9,Premium,24.24,Monthly,2023-04-15
S5039,d0c2d8c8-8,Standard,19.09,Yearly,2024-06-30
S5040,099dac0b-1,Basic,24.05,Yearly,2021-02-23
S5041,b4a8bdaa-4,Basic,19.08,Monthly,2022-12-15
S5042,b5538203-3,Premium,24.29,Monthly,2022-07-07
S5043,62270d7d-e,Basic,20.63,Monthly,2021-08-10
S5044,07d19e89-c,Basic,22.24,Monthly,2022-05-28
S5045,c5d0bf75-c,Standard,9.64,Yearly,2021-03-31
S5046,2cfc2554-5,Premium,22.86,Monthly,2025-03-27
S5047,6aac9eed-9,Premium,20.06,Monthly,2023-10-14
S5048,a27a5aaf-6,Standard,9.88,Yearly,2023-09-10
S5049,d87d669d-4,Standard,3.36,Monthly,2022-10-10
S5050,84838f7a-f,Premium,11.74,Monthly,2025-02-09
S5051,4d99b736-0,Standard,16.14,Monthly,2024-03-30
S5052,b2ad4ba8-a,Premium,3.07,Yearly,2023-02-08
S5053,82e070d3-0,Premium,22.15,Monthly,2024-04-23
S5054,fd0f3ff9-e,Standard,11.58,Yearly,2022-03-11
S5055,35c682e6-2,Premium,20.26,Yearly,2021-04-07
S5056,c30d07fa-3,Basic,15.47,Monthly,2025-12-17
S5057,17a4881c-5,Basic,7.42,Yearly,2022-10-24
S5058,9c2f40dc-9,Standard,18.86,Yearly,2023-06-29
S5059,bfd80cac-5,Basic,24.73,Monthly,2022-01-06
S5060,cb9de529-b,Basic,24.78,Monthly,2022-03-05
S5061,11b2ff4f-2,Premium,4.81,Yearly,2022-01-07
S5062,b809ade4-7,Premium,7.56,Monthly,2021-06-18
S5063,a0c82c0a-0,Premium,10.29,Monthly,2025-07-19
S5064,dec56c3e-8,Standard,7.99,Monthly,2024-09-30
S5065,a7064402-b,Basic,14.7,Yearly,2025-05-25
S5066,5f24a363-c,Basic,22.88,Yearly,2021-10-02
S5067,e3308039-2,Premium,16.2,Monthly,2024-12-07
S5068,acf6eef1-6,Basic,21.13,Yearly,2026-01-11
S5069,c13aa7e7-e,Premium,23.9,Monthly,2022-02-11
S5070,dd0a762e-2,Standard,5.24,Monthly,2023-09-01
S5071,6a97a321-e,Standard,20.76,Monthly,2022-03-26
S5072,be713896-8,Basic,24.26,Monthly,2022-04-04
S5073,1114bc14-e,Basic,17.98,Monthly,2024-04-22
S5074,5dde472f-3,Basic,8.89,Monthly,2021-04-22
S5075,4a2606d5-1,Basic,15.63,Yearly,2021-08-15
S5076,ac8f3210-a,Basic,7.04,Yearly,2025-02-13
S5077,f57714a2-d,Standard,15.28,Yearly,2021-05-13
S5078,ec9cc702-d,Basic,13.99,Monthly,2023-04-23
S5079,894a37f7-5,Standard,7.88,Yearly,2023-02-12
S5080,3a7e8c80-6,Premium,19.58,Monthly,2025-06-22
S5081,8a5d6b11-a,Standard,16.28,Yearly,2023-03-10
S5082,e5ebcc7d-1,Basic,21.13,Monthly,2021-07-26
S5083,c88a8926-e,Basic,17.4,Monthly,2022-10-21
S5084,f5359499-8,Basic,24.33,Monthly,2023-01-09
S5085,bc7ac4e4-6,Standard,15.48,Yearly,2023-12-12
S5086,1ade5d4d-1,Basic,6.96,Yearly,2025-10-28
S5087,c3dc6f20-7,Standard,16.94,Monthly,2021-11-21
S5088,8d2a82f2-7,Premium,,Monthly,2021-08-18
S5089,3f41be6a-b,Premium,22.76,Monthly,2023-07-20
S5090,b5a0d42c-d,Standard,11.43,Yearly,2024-08-09
S5091,0d7e2937-5,Standard,16.83,Yearly,2025-10-29
S5092,e102f7ca-b,Premium,14.42,Monthly,2023-11-09
S5093,3217a81d-a,Premium,9.31,Yearly,2025-09-22
S5094,027e26e5-c,Basic,10.87,Yearly,2024-02-06
S5095,6eadfd56-a,Standard,17.3,Yearly,2021-10-15
S5096,6c74f88c-e,Standard,5.9,Monthly,2023-09-26
S5097,2d1b8148-9,Basic,18.26,Yearly,2021-08-06
S5098,41f0bc7c-e,Basic,21.0,Yearly,2022-05-16
S5099,7de7422f-a,Standard,16.44,Monthly,2022-12-12
S5100,30028d64-d,Standard,12.14,Monthly,2023-07-22
S5101,1228800d-1,Premium,13.3,Monthly,2025-04-18
S5102,a0cb2cb3-5,Standard,7.36,Yearly,2024-07-21
S5103,9deefe7c-9,Premium,13.14,Yearly,2021-06-27
S5104,427eb887-7,Standard,21.5,Yearly,2024-12-03
S5105,ee9ce2c6-f,Basic,8.27,Yearly,2025-02-10
S5106,01f1adf1-2,Premium,14.38,Monthly,2021-05-29
S5107,19afcae5-6,Standard,6.61,Monthly,2024-06-27
S5108,eb45d686-0,Basic,9.66,Monthly,2024-06-08
S5109,b6771941-5,Standard,22.89,Yearly,2023-09-20
S5110,0de5675b-a,Basic,11.08,Yearly,2021-07-11
S5111,23b58200-c,Standard,22.23,Yearly,2025-05-28
S5112,5bf04b2b-e,Standard,17.08,Monthly,2023-03-30
S5113,9b541d85-d,Premium,,Monthly,2024-06-04
S5114,151c8c3a-d,Premium,6.45,Monthly,2023-04-06
S5115,a35b7b9f-4,Basic,14.92,Monthly,2024-05-08
S5116,a533d423-7,Basic,14.49,Yearly,2022-07-22
S5117,d494962f-1,Basic,5.45,Yearly,2022-06-15
S5118,eff44ae6-0,Standard,14.24,Monthly,2022-09-07
S5119,cec1e628-b,Basic,15.12,Yearly,2021-08-17
S5120,b95668ee-d,Standard,7.85,Monthly,2025-01-03
S5121,aa4322bb-5,Standard,19.58,Monthly,2022-09-04
S5122,b7546b54-2,Basic,13.32,Monthly,2023-03-21
S5123,,Basic,12.34,Monthly,2024-03-14
S5124,c08126f0-c,Premium,6.72,Monthly,2024-08-10
S5125,f853c5ac-3,Premium,10.38,Yearly,2022-03-19
S5126,f39fd42c-c,Premium,13.61,Monthly,2022-12-05
S5127,b2612b56-3,Basic,17.56,Monthly,2021-09-28
S5128,24187297-3,Premium,11.51,Monthly,2022-08-22
S5129,3f69acb8-2,Basic,20.67,Monthly,2022-06-22
S5130,6be041e3-a,Standard,3.9,Yearly,2024-12-19
S5131,7045f44f-b,Standard,18.21,Monthly,2024-10-23
S5132,f84c862f-d,Basic,23.67,Yearly,2023-09-13
S5133,55dcf209-4,Premium,4.77,Yearly,2022-08-29
S5134,f51af827-f,Premium,18.53,Monthly,2023-04-13
S5135,d2003c05-e,Basic,17.92,Yearly,2023-11-18
S5136,3ce792e3-3,Standard,8.93,Yearly,2021-09-14
S5137,968f37a8-7,Premium,23.16,Yearly,2021-03-09
S5138,c2ff2960-5,Standard,23.41,Monthly,2024-08-24
S5139,22dfaf31-7,Premium,17.26,Yearly,2022-06-28
S5140,4fa8a131-2,Standard,17.51,Yearly,2021-08-29
S5141,d61d7f82-f,Premium,16.89,Monthly,2021-09-18
S5142,0891a4c0-e,Basic,8.44,Yearly,2023-08-08
S5143,06c7f83f-d,Premium,20.83,Yearly,2021-10-24
S5144,0553c8ed-8,Standard,12.53,Monthly,2022-11-28
S5145,6f8b7482-a,Basic,11.9,Monthly,2024-07-29
S5146,22df8839-7,Standard,21.53,Monthly,2022-09-16
S5147,4461815d-4,Standard,4.11,Monthly,2022-12-29
S5148,52cdf544-b,Basic,5.78,Yearly,2022-01-06
S5149,9e26059f-d,Premium,5.74,Monthly,2025-01-31
S5150,ed98f3dd-b,Standard,18.43,Yearly,2024-05-26
S5151,d51f252f-6,Premium,11.13,Yearly,2024-05-12
S5152,eca69f54-1,Basic,24.74,Monthly,2022-04-25
S5153,c20bcd1c-e,Standard,18.82,Yearly,2022-12-17
S5154,b9ad8730-1,Standard,8.73,Monthly,2024-07-30
S5155,847def95-c,Premium,10.84,Monthly,2025-05-12
S5156,fc9e6b08-e,Standard,22.45,Monthly,2021-03-17
S5157,58c341e2-5,Basic,10.49,Monthly,2022-10-02
S5158,06612e7d-1,Premium,15.94,Yearly,2022-07-07
S5159,1b9328a3-9,Premium,16.37,Monthly,2024-01-23
S5160,6cbec559-9,Basic,14.63,Yearly,2021-10-04
S5161,7b973ffd-5,Premium,20.03,Monthly,2023-01-23
S5162,366b61eb-1,Standard,4.03,Yearly,2025-03-05
S5163,d45b8083-b,Standard,22.31,Monthly,2021-08-14
S5164,1b54eb07-3,Basic,12.86,Monthly,2021-05-10
S5165,cc333d0e-c,Basic,22.05,Yearly,2024-10-05
S5166,48dec0b3-f,Premium,14.57,Monthly,2024-01-06
S5167,0208a072-0,Premium,24.8,Monthly,2022-02-20
S5168,962c62ed-6,Premium,20.01,Monthly,2025-12-31
S5169,928809c1-a,Basic,15.58,Monthly,2022-07-03
S5170,43597684-6,Premium,9.5,Monthly,2023-04-17
S5171,b9bbd8e6-8,Standard,18.77,Monthly,2022-02-05
S5172,059c2441-4,Basic,19.79,Yearly,2025-08-27
S5173,,Basic,8.86,Monthly,2023-03-02
S5174,b56206c3-4,Premium,9.15,Monthly,2021-05-11
S5175,01bf88b7-c,Standard,3.31,Yearly,2025-12-08
S5176,b38d2214-1,Premium,,Yearly,2021-06-05
S5177,c4dcd3f5-c,Basic,15.35,Yearly,2022-10-15
S5178,4640c484-9,Standard,21.69,Monthly,2022-01-10
S5179,4d692f5f-6,Premium,8.3,Monthly,2024-01-17
S5180,1f64dd51-6,Premium,16.05,Monthly,2021-09-11
S5181,eaea7168-a,Standard,4.03,Monthly,2022-12-27
S5182,,Basic,18.43,Yearly,2024-06-04
S5183,6ac11607-6,Standard,19.16,Yearly,2022-09-03
S5184,b6a88bce-3,Standard,7.83,Monthly,2024-06-03
S5185,1cccb776-e,Premium,22.61,Monthly,2024-11-17
S5186,0342d0b7-7,Basic,11.09,Monthly,2021-06-14
S5187,987e1ec0-e,Basic,20.05,Yearly,2022-08-24
S5188,ae6e7f97-9,Premium,24.01,Monthly,2021-03-13
S5189,3ff78944-d,Standard,5.55,Yearly,2023-07-11
S5190,807310f6-d,Standard,9.92,Yearly,2021-05-22
S5191,77e0425d-3,Standard,17.58,Yearly,2025-05-31
S5192,d3f06b8a-c,Standard,6.4,Monthly,2023-12-18
S5193,fa69fcf2-b,Basic,4.78,Monthly,2022-09-30
S5194,74983616-7,Standard,20.62,Monthly,2025-12-10
S5195,3c19046c-6,Standard,8.03,Monthly,2024-10-22
S5196,e91fab39-f,Standard,22.56,Yearly,2022-03-05
S5197,73058432-0,Basic,20.35,Yearly,2023-01-22
S5198,0ca94445-8,Premium,13.83,Monthly,2026-01-18
S5199,4e71f10e-e,Basic,11.8,Monthly,2024-12-14
S5200,a88b6ab7-d,Premium,22.96,Monthly,2025-12-24
S5201,8c0f1666-e,Standard,20.77,Yearly,2022-05-28
S5202,24a61406-e,Premium,10.89,Monthly,2025-06-16
S5203,0288ef29-4,Standard,15.55,Yearly,2021-12-01
S5204,fb491aa3-c,Basic,22.49,Yearly,2023-05-25
S5205,7f0f07d6-5,Basic,7.75,Yearly,2023-08-21
S5206,7b476a5e-d,Premium,12.42,Yearly,2023-05-05
S5207,d87c628f-8,Premium,4.97,Monthly,2021-06-14
S5208,219f14ee-1,Basic,15.69,Monthly,2023-01-22
S5209,44f87c94-d,Standard,20.59,Yearly,2021-04-09
S5210,755f025f-4,Premium,23.85,Yearly,2025-03-04
S5211,b791810e-d,Basic,12.98,Monthly,2025-02-04
S5212,ef6cbfa8-0,Standard,17.58,Monthly,2022-05-07
S5213,4c394e1f-5,Standard,5.9,Yearly,2024-11-03
S5214,123109f5-f,Premium,12.84,Yearly,2022-07-21
S5215,d35cd7b3-2,Basic,15.48,Monthly,2022-10-21
S5216,6a43ae49-d,Premium,11.48,Monthly,2024-10-28
S5217,606f0a27-4,Premium,23.3,Yearly,2022-07-22
S5218,0d263a1e-4,Basic,24.07,Monthly,2024-01-31
S5219,e88b0fe3-8,Standard,5.82,Monthly,2022-07-17
S5220,99a4466b-b,Standard,6.68,Yearly,2022-05-04
S5221,a4ed6a6c-a,Basic,5.23,Monthly,2022-04-18
S5222,b47bfb9c-8,Standard,3.61,Monthly,2023-12-31
S5223,2e8ddff0-5,Standard,4.84,Yearly,2023-10-09
S5224,3f307046-b,Standard,10.15,Monthly,2022-10-01
S5225,eb1402f2-5,Premium,13.51,Monthly,2023-02-17
S5226,5f6a8268-d,Premium,18.62,Yearly,2023-12-09
S5227,302c9ae2-7,Premium,21.49,Monthly,2024-05-30
S5228,,Standard,16.88,Yearly,2021-05-08
S5229,ae2dd78e-f,Basic,21.32,Yearly,
S5230,c91c3f07-1,Basic,24.45,Yearly,2023-01-11
S5231,,Premium,18.32,Yearly,2023-07-13
S5232,6aa9e466-6,Standard,5.59,Yearly,2021-12-12
S5233,6843aa7d-3,Standard,10.63,Yearly,2022-04-24
S5234,538f153e-5,Basic,23.39,Yearly,2022-01-22
S5235,1c64bddc-1,Premium,15.55,Yearly,2022-05-18
S5236,f48ac70a-0,Basic,10.8,Monthly,2025-08-13
S5237,166506a1-3,Basic,10.91,Yearly,2022-06-02
S5238,1051681a-1,Basic,20.86,Yearly,2025-12-07
S5239,0a1d3e67-d,Basic,18.44,Monthly,2024-01-17
S5240,92849864-c,Premium,4.62,Monthly,2022-10-07
S5241,28793b51-8,Basic,22.23,Yearly,2023-05-23
S5242,f65f8d5d-f,Basic,6.93,Monthly,2021-10-12
S5243,8c542ef7-e,Standard,10.07,Monthly,2022-01-06
S5244,0f3977a3-8,Basic,14.32,Monthly,2024-10-24
S5245,c45ff153-4,Basic,11.72,Monthly,2026-01-26
S5246,2c9e00a7-f,Basic,4.21,Yearly,2022-08-02
S5247,def730bc-7,Standard,22.78,Yearly,2022-02-22
S5248,3d82d25b-8,Basic,19.75,Monthly,2022-03-07
S5249,b6082cc8-b,Premium,3.64,Monthly,2021-11-14
S5250,798d08b4-6,Premium,19.0,Yearly,2024-04-19
S5251,337249bc-d,Standard,19.19,Monthly,2021-10-14
S5252,c803c015-5,Premium,18.81,Monthly,2025-08-07
S5253,13802c23-7,Basic,4.39,Yearly,2023-09-30
S5254,405e836f-f,Basic,11.24,Yearly,2025-05-24
S5255,9a2245a4-9,Standard,24.14,Monthly,2022-07-12
S5256,6ac8daf9-9,Basic,11.55,Monthly,2022-04-05
S5257,3b308c51-0,Standard,10.19,Yearly,2025-05-16
S5258,84291196-8,Basic,18.95,Yearly,2023-03-01
S5259,a74dd900-e,Premium,15.76,Yearly,2024-02-07
S5260,3f9c634e-1,Premium,13.49,Yearly,2022-03-31
S5261,920cd2d9-5,Basic,11.88,Yearly,2023-03-10
S5262,c6db71c3-b,Basic,19.88,Monthly,2022-04-29
S5263,371458ae-c,Basic,19.79,Yearly,2025-01-28
S5264,70e0c02c-1,Premium,4.34,Monthly,2025-01-28
S5265,85d72f55-b,Basic,18.93,Yearly,2024-09-03
S5266,f268f109-1,Standard,16.93,Yearly,2021-03-06
S5267,bc86cf20-6,Premium,12.73,Monthly,2022-01-07
S5268,2e944467-a,Standard,17.39,Yearly,2021-09-11
S5269,54fa7fd4-5,Premium,24.82,Yearly,2021-02-11
S5270,51485ba7-5,Basic,17.19,Monthly,2021-08-25
S5271,e18bd9eb-b,Basic,11.46,Monthly,2025-02-18
S5272,886a948b-2,Premium,15.28,Monthly,2024-03-15
S5273,64da5d95-0,Basic,23.31,Yearly,2023-07-29
S5274,f4575e33-8,Standard,14.98,Monthly,2022-02-09
S5275,82ca94bd-2,Basic,21.89,Monthly,2024-07-13
S5276,0bac5886-5,premium,12.08,Yearly,2021-04-03
S5277,fdfcbc3a-c,Standard,22.59,Monthly,2024-07-06
S5278,b0538d93-3,Basic,7.59,Monthly,2024-05-01
S5279,16b2e8a6-e,Basic,4.77,Yearly,2024-07-09
S5280,27325d96-3,Standard,3.02,Yearly,2021-03-20
S5281,b21404c3-6,Basic,16.08,Monthly,2025-11-22
S5282,2b99527c-3,Basic,10.31,monthly,2021-09-24
S5283,43da8dc6-e,Premium,3.11,Yearly,2022-09-20
S5284,72452024-5,Basic,22.16,Yearly,2022-04-26
S5285,1bc44579-5,Standard,8.1,Yearly,2021-09-14
S5286,80880005-e,Standard,3.86,Yearly,2021-12-03
S5287,e66204a7-9,Standard,9.14,Monthly,2025-01-27
S5288,63510948-6,Premium,3.35,Monthly,2025-12-21
S5289,ae7db8d4-b,Premium,,Monthly,2022-01-10
S5290,9fb0a468-7,Basic,17.23,Yearly,2022-01-11
S5291,cfb6efed-f,Premium,23.54,Yearly,2023-08-04
S5292,babc3f9e-1,Basic,12.2,Monthly,2023-01-29
S5293,34da1b1f-7,Premium,4.37,Yearly,2021-05-25
S5294,5f74b505-2,Premium,20.49,Yearly,2025-12-04
S5295,4b823855-5,Standard,19.86,Yearly,2021-05-31
S5296,6e412f0c-5,Basic,8.83,Monthly,2023-08-02
S5297,a30c1f8c-8,Basic,6.96,Yearly,2021-10-18
S5298,c8599699-0,Standard,10.14,Yearly,2024-04-26
S5299,9deea577-4,Premium,10.77,Yearly,2021-08-11
S5300,a0b3814c-c,Premium,19.09,,2023-07-30
S5301,115ce9b1-e,basic,17.25,Yearly,2022-06-17
S5302,eecb2009-8,Premium,7.64,Yearly,2025-05-15
S5303,a6634da7-b,Standard,13.96,Monthly,2025-09-11
S5304,01621c8b-5,Premium,9.02,Yearly,2024-01-30
S5305,c4f46500-1,Premium,16.72,Yearly,2025-07-31
S5306,38ef8efd-2,Premium,16.56,Monthly,2025-05-06
S5307,eda55f6e-1,Premium,7.96,Monthly,2024-10-29
S5308,8162cbc0-9,Premium,9.76,Monthly,2025-08-25
S5309,ea7a707f-c,Basic,17.78,Yearly,2021-11-11
S5310,1b2e8449-2,Standard,19.63,Yearly,2024-06-10
S5311,91f6d905-9,Standard,24.81,Monthly,2023-10-01
S5312,63fb6386-7,Standard,24.03,Monthly,2023-06-14
S5313,a1b7bf7d-8,Premium,15.5,Monthly,2025-01-27
S5314,a9ab5bf2-5,Premium,20.95,Yearly,2025-03-09
S5315,724463bc-1,Basic,18.46,Monthly,2021-06-04
S5316,7815eb18-1,Basic,3.01,Yearly,2025-04-03
S5317,3d13bfa1-1,Basic,19.83,Yearly,2021-10-18
S5318,9cd26935-8,Standard,8.74,Yearly,2025-01-21
S5319,7001bcbb-8,Basic,8.32,Monthly,2022-10-18
S5320,b0aa6e21-c,Basic,23.04,Yearly,2024-04-24
S5321,c03c0e0a-5,Standard,20.91,Yearly,2023-07-08
S5322,2f7d9414-a,Premium,5.82,Yearly,2024-07-23
S5323,94a43ef1-8,Basic,20.52,Monthly,2021-06-25
S5324,2ad323e8-9,Standard,11.41,Monthly,2021-09-10
S5325,38a6df71-2,Basic,8.48,Yearly,2023-07-27
S5326,dec6f7f9-2,Premium,14.1,Yearly,2023-07-14
S5327,e2496394-2,Basic,11.97,Yearly,2025-07-21
S5328,6211bc7e-7,Standard,8.93,Monthly,2022-09-26
S5329,40d40893-b,Premium,5.32,Yearly,2024-11-18
S5330,fe4770e5-b,Standard,21.18,Monthly,2025-04-17
S5331,88d7046d-0,Basic,3.98,Monthly,2025-06-29
S5332,de24683a-8,Premium,13.24,Monthly,2025-07-06
S5333,8c68cdfd-3,Standard,21.0,Yearly,2024-11-02
S5334,a88450c1-8,Standard,12.2,Y3arly,2022-03-30
S5335,36d6c6ee-3,Basic,20.14,Monthly,2025-10-02
S5336,c4e1ef69-2,Premium,6.8,Monthly,2025-04-26
S5337,1178f347-7,Standard,23.34,Monthly,2021-03-04
S5338,ccebad76-c,Basic,7.47,Yearly,2023-08-01
S5339,bd00b389-1,Basic,9.8,Monthly,2021-02-09
S5340,d4752c18-3,Basic,4.61,Monthly,2021-07-18
S5341,2c2af051-b,Premium,7.56,Yearly,2023-07-12
S5342,f7ca198f-f,Premium,24.53,Monthly,2025-09-05
S5343,0273779e-e,Premium,16.04,Monthly,2024-03-14
S5344,c3ff9543-d,Standard,13.68,monthly,2022-11-03
S5345,a0ab63e0-3,,10.08,Yearly,2022-08-01
S5346,febacde4-2,Basic,11.73,Monthly,2024-01-02
S5347,3be13150-c,Basic,11.28,Yearly ,2022-01-12
S5348,90bb5617-b,Standard,4.87,Yearly,2021-08-06
S5349,001617ca-0,Standard,12.3,Yearly,2023-11-17
S5350,a09bf7dd-2,Standard,8.1,Yearly,2021-06-03
S5351,1f95fb4f-7,Standard,13.12,Yearly,2025-06-01
S5352,5f588c90-b,Basic,23.63,Yearly,2022-10-26
S5353,3afaebf0-f,Premium,14.05,Yearly,2021-08-28
S5354,97327ad9-5,Premium,13.21,Yearly,2023-10-18
S5355,e2ff2778-7,Basic,12.29,Monthly,2021-07-11
S5356,379b2ea3-e,Premium,24.29,Yearly,2022-03-03
S5357,36434ff9-2,Premium,22.6,Y3arly,2023-02-15
S5358,1414614a-2,Basic,7.92,Yearly,2021-06-21
S5359,f6a69680-0,Standard,18.58,Monthly,2022-05-27
S5360,f76f91ca-7,Premium,15.08,Monthly,2023-03-09
S5361,540dbb3f-4,Standard,6.42,Yearly,2023-03-09
S5362,ce5fe26e-c,Basic,10.62,Monthly,2021-04-27
S5363,bd3522bd-b,Basic,7.78,Yearly,2021-06-06
S5364,28d4e06b-7,Basic,14.23,Yearly,2022-04-07
S5365,290946b3-4,Standard,19.16,Yearly,2021-03-04
S5366,6d25e242-f,Basic,9.63,Monthly,2025-05-18
S5367,61b8c18b-7,Premium,5.45,Monthly,2026-01-13
S5368,effcca30-e,premium,19.9,Monthly,2025-09-21
S5369,75e7a195-b,Premium,24.14,Monthly,2022-12-19
S5370,08692604-5,Standard,5.18,Yearly,2022-08-14
S5371,2db2d55b-3,Premium,22.35,Yearly,2021-03-09
S5372,583bdee6-2,Premium,10.09,Monthly,2025-07-27
S5373,2e19710f-b,Standard,17.72,Monthly,2025-07-10
S5374,4ba23e76-a,Premium,17.01,Yearly,2024-03-18
S5375,00b073f7-8,Basic,11.22,Yearly,2025-08-04
S5376,2dcab7dc-7,Basic,10.04,Monthly,2022-06-24
S5377,ee912523-5,Premium,12.39,Yearly,2024-08-14
S5378,c82db985-0,Standard,13.82,Yearly,2024-02-03
S5379,d77436c6-7,Standard,16.87,Yearly,2023-12-22
S5380,8ab3bb47-f,Basic,9.64,Yearly,2021-03-02
S5381,307be169-8,Premium,20.66,Monthly,2023-07-26
S5382,f596ab73-4,Standard,24.21,Monthly,2023-09-07
S5383,ac52eb53-a,Basic,13.0,Monthly,2024-08-16
S5384,14c5b531-d,Basic,14.93,Monthly,2023-02-12
S5385,01ff3ac0-a,Basic,11.09,Yearly,2021-04-10
S5386,39806458-5,Basic,9.33,Monthly,2025-06-20
S5387,fe636389-9,Premium,21.59,Monthly,2024-09-25
S5388,f0b8ca5c-3,Premium,8.4,Yearly,2022-05-07
S5389,99c7265b-f,Premium,11.6,Yearly,2022-09-11
S5390,78d77af5-8,Basic,8.53,Yearly,2025-06-18
S5391,c4d22d82-0,Standard,14.41,Yearly,2022-08-17
S5392,ec9d5073-9,Basic,21.54,Monthly,2021-03-27
S5393,4ef627cc-f,Premium,23.38,Monthly,2023-03-11
S5394,54c2afbd-9,Standard,19.43,Monthly,2024-09-06
S5395,5fb26f7b-4,Standard,21.54,Yearly,2021-11-08
S5396,a010f793-3,Basic,10.68,Monthly,
S5397,bb6e728e-e,Standard,22.64,Monthly,2023-04-20
S5398,37dd8ced-d,Basic,23.78,Monthly,2023-02-03
S5399,008f9e14-f,Basic,17.28,Yearly,2023-04-16
S5400,2473b530-9,Standard,24.97,Monthly,2021-08-13
S5401,234edb3d-8,Premium,22.64,Monthly,2023-10-20
S5402,c56496be-0,Basic,23.72,Monthly,2025-05-28
S5403,70c1f1c0-4,Basic,23.05,Monthly,2023-09-01
S5404,a74d88d2-2,Premium,13.3,Yearly,2021-10-12
S5405,ccd2bb90-d,Standard,10.75,Yearly,2025-10-07
S5406,5dee4ab2-1,,13.61,Yearly,2021-12-20
S5407,c462d06f-9,Premium,14.82,Yearly,2024-04-23
S5408,9eb2e107-3,Basic,23.34,Monthly,2025-06-11
S5409,8f4f7b17-1,Standard,7.16,Monthly,2021-11-05
S5410,afde936c-e,,22.04,Yearly,2021-09-06
S5411,d925f7f0-2,Premium,15.2,Yearly,2024-04-26
S5412,b31573c9-8,Basic,3.94,Yearly,2022-12-27
S5413,147fe607-c,Basic,12.54,Yearly,2025-05-07
S5414,ca4ea27a-a,Premium,18.55,Monthly,2023-06-04
S5415,97d0508b-c,Basic,3.22,Yearly,2021-09-25
S5416,0f8bb92f-7,Standard,17.9,Monthly,2023-11-11
S5417,84fb7861-4,Premium,19.32,Monthly,2023-08-17
S5418,e9c5c895-8,Basic,10.94,Monthly,2025-09-04
S5419,9b27754b-c,Basic,15.14,Monthly,2023-08-04
S5420,fd0b756d-3,Standard,23.35,Monthly,2023-01-14
S5421,6c167166-f,Standard,18.68,Monthly,2021-07-31
S5422,ac4c2817-0,Basic,13.66,Yearly,2022-01-26
S5423,c063d9aa-b,Premium,23.17,Monthly,2025-06-02
S5424,03518153-5,Basic,18.5,Monthly,2022-08-31
S5425,ba28eb0f-d,Premium,13.22,Monthly,2023-07-16
S5426,aa8804c9-4,Basic,5.97,Monthly,2025-04-12
S5427,e53dd545-5,Standard,14.64,Monthly,2021-06-15
S5428,43e5cc8d-f,Basic,23.19,Monthly,2022-05-29
S5429,2fd64c05-5,Premium,4.96,Yearly,2025-04-30
S5430,4afbbaa2-b,Basic,19.58,Yearly,2021-12-08
S5431,8fdeb29d-7,Standard,12.9,Monthly,2021-06-02
S5432,d974ccd5-c,Premium,3.28,Monthly,2022-06-29
S5433,45aad1e3-a,Basic,14.92,Monthly,2025-07-24
S5434,24e74c2d-8,Standard,17.75,Yearly,2023-09-19
S5435,c364c8e6-f,Premium,10.21,Monthly,2022-06-02
S5436,3f8de3da-7,Basic,13.61,Monthly,2021-08-13
S5437,d88394d4-8,Standard,16.81,Monthly,2021-11-04
S5438,399ec8e5-4,Standard,15.35,Monthly,2021-04-03
S5439,babf38a2-3,Basic,3.72,Yearly,2021-10-21
S5440,2cb90776-3,Standard,6.04,Yearly,2021-11-03
S5441,e3b1252b-6,Standard,12.78,Yearly,2025-11-16
S5442,8c695a57-e,Basic,8.96,Monthly,2023-03-08
S5443,f14dd504-5,Basic,3.06,Monthly,2024-01-06
S5444,44152d02-6,Premium,13.46,Yearly,2025-03-07
S5445,3c9d96b7-1,Premium,21.26,Yearly,2022-03-29
S5446,7a668f7e-d,Premium,20.33,Yearly,2024-03-18
S5447,0614f354-0,Premium,20.88,Yearly,2022-04-07
S5448,9903ddcd-b,Premium,9.25,Monthly,2025-08-20
S5449,f3638525-9,Premium,9.38,Yearly,2023-12-30
S5450,821413bd-4,Basic,7.49,Monthly,2025-07-01
S5451,3509c698-d,Standard,11.66,Yearly,2025-05-04
S5452,0ea1ab4b-2,Standard,14.32,Yearly,2021-09-19
S5453,c7748556-8,Premium,16.84,Monthly,2022-11-25
S5454,49e6a2d0-3,Standard,22.4,Yearly,2023-03-25
S5455,90201542-9,Premium,7.8,Monthly,2021-07-12
S5456,b2d743ff-2,Premium,16.58,Monthly,2021-07-09
S5457,3794eae4-2,Standard,21.41,Monthly,2023-06-05
S5458,acab5f08-c,Premium,22.78,Yearly,2022-01-02
S5459,a7b2c4b0-f,Basic,4.72,Yearly,2023-08-24
S5460,1e21fa78-f,Standard,3.81,Monthly,2022-06-11
S5461,ebe614b5-f,Premium,17.14,Yearly,2021-10-04
S5462,de709b19-c,Premium,14.13,Monthly,2024-08-27
S5463,48c84db6-3,Premium,7.88,Yearly,2024-11-04
S5464,4c404be4-d,Basic,14.13,Monthly,2025-04-29
S5465,2e19b563-1,Basic,20.12,Yearly,2024-10-27
S5466,74043aca-6,Premium,3.11,Monthly,2022-11-27
S5467,2f1f9393-0,Basic,,Monthly,2023-06-24
S5468,b96ac285-0,Basic,9.58,Monthly,2026-01-17
S5469,34cc7ddc-2,Basic,8.19,Yearly,2023-08-25
S5470,ddc0b37e-f,Premium,12.98,Monthly,2022-07-19
S5471,e80ff26a-3,Premium,16.73,Monthly,2024-05-15
S5472,95c34e2e-2,Standard,16.76,Monthly,2025-09-04
S5473,ff1a31ec-a,Premium,14.41,Yearly,2023-06-30
S5474,d5247319-c,Basic,5.99,Monthly,2021-08-12
S5475,9074924c-2,Standard,21.72,Yearly,2021-03-09
S5476,c0ebba6e-9,Standard,24.79,Yearly,2024-12-10
S5477,d8a58453-4,Premium,18.98,Monthly,2025-10-24
S5478,e530cee6-e,Standard,13.48,Monthly,2022-10-18
S5479,bbf8d0a2-3,Basic,16.41,Monthly,2021-06-01
S5480,43a48704-f,Premium,,Monthly,2022-01-10
S5481,e3b5a187-d,Premium,5.52,Yearly,2024-02-01
S5482,ec0d630e-f,Basic,6.43,Yearly,2021-08-27
S5483,68b6f858-d,Standard,19.19,Monthly,2022-07-09
S5484,09a8bce0-c,Standard,6.05,Yearly,
S5485,1950a775-b,Basic,8.45,Monthly,2021-04-17
S5486,c528eb24-9,Basic,3.38,Monthly,2025-11-29
S5487,9558c85d-6,Premium,18.93,Yearly,2025-05-23
S5488,8cc5a0d0-f,Basic,5.86,Yearly,2025-05-01
S5489,d59b214d-f,Basic,13.36,Monthly,2024-06-27
S5490,49d9d4cb-3,Premium,10.1,Monthly,2024-09-13
S5491,fc4c8658-a,Premium ,18.43,Yearly,2025-02-25
S5492,83194135-c,Basic,23.54,Yearly,2022-01-03
S5493,b6180f49-e,Basic,3.28,Yearly,2025-04-14
S5494,bf091f69-5,Basic,9.28,Yearly,2024-04-29
S5495,06369f15-c,Basic,24.57,Yearly,2021-12-22
S5496,4995bf05-f,Premium,19.51,Monthly,2022-02-04
S5497,82e41f35-c,Standard,18.21,Yearly,
S5498,13618ddc-3,Standard,6.42,Monthly,2024-06-11
S5499,6b6d71c2-5,Premium,19.87,Yearly,2024-06-11
S5500,5a475614-d,Standard,3.35,Monthly,2024-06-01
S5501,a4d7eac5-6,Standard ,3.62,Yearly,2025-03-12
S5502,1af6b419-0,Standard,20.32,Yearly,2025-04-18
S5503,513d5c4c-5,Basic,17.87,Yearly,2021-12-25
S5504,5e72bc35-5,Premium,20.86,Monthly,2024-07-01
S5505,ad151726-a,Standard,9.64,Yearly,2026-02-04
S5506,3d9c2ee3-4,Standard,10.66,Monthly,2022-05-29
S5507,d8dca194-7,Premium,20.12,Monthly,2025-08-11
S5508,5bc49515-f,Standard,14.59,Monthly,2025-08-27
S5509,5228e2c1-2,Basic,4.36,Monthly,2021-09-13
S5510,346694a3-b,Standard,19.27,Yearly,2025-03-06
S5511,2c2ae146-5,Premium,16.3,Yearly,2025-06-13
S5512,5ae5ea85-4,Premium,10.34,Monthly,2021-07-04
S5513,de26d93c-1,Standard,12.11,Yearly,2021-09-07
S5514,75446157-c,Basic,6.26,Monthly,2024-05-05
S5515,9eef141f-c,Premium,22.95,Yearly,2023-10-14
S5516,463bb62c-a,Premium,13.81,Yearly,2022-06-12
S5517,3b524ff8-6,Premium,15.64,Monthly,2023-10-23
S5518,8706b502-4,Basic,3.84,Yearly,2024-12-22
S5519,c80b566b-6,Basic,12.72,Monthly,2023-10-27
S5520,249dbe5e-3,Basic,19.31,Yearly,2022-11-05
S5521,0604fd6c-c,Standard,21.86,Yearly,2022-02-22
S5522,cfd6854d-1,Premium,8.51,Monthly,2024-11-08
S5523,c5428c81-f,Basic,16.85,Yearly,2022-09-02
S5524,54d44c73-6,Premium,6.61,Yearly,2024-02-07
S5525,36b87769-8,Standard,22.48,Monthly,2023-01-18
S5526,a1036a44-3,Premium,10.64,Monthly,2022-12-20
S5527,058c6330-b,Basic,5.62,Yearly,2024-01-18
S5528,23dedf05-2,Premium,17.62,Monthly,2025-05-16
S5529,efd5ef1a-c,Premium,,Monthly,2025-11-17
S5530,022bcf67-d,Premium,8.33,Monthly,2021-05-15
S5531,541a0904-8,Premium,3.73,Monthly,2021-02-19
S5532,,Standard,23.29,Monthly,2023-03-02
S5533,68e5cf2b-c,,24.22,Yearly,2023-12-20
S5534,1c17103c-9,Basic,24.97,Monthly,2023-10-09
S5535,ed8faea1-9,Premium,11.47,Yearly,2025-09-12
S5536,336ed6a2-b,Standard,9.48,Monthly,2021-05-17
S5537,ca7a1c4f-9,Basic,7.29,Yearly,2025-05-04
S5538,5f3c9b72-3,Basic,20.06,Monthly,2023-04-15
S5539,d53ffa16-0,Premium,20.9,Yearly,2022-10-16
S5540,2ab187e6-a,Standard,12.58,Yearly,2023-12-04
S5541,ddb79db9-3,Standard,21.09,Yearly,2022-11-07
S5542,dedbe931-7,Basic,18.19,Monthly,2025-01-30
S5543,08d25b67-b,Premium,6.8,Yearly,2024-12-02
S5544,b4ba00ac-b,Basic,4.74,Yearly,2024-06-17
S5545,ac871f3d-0,Premium,24.61,Monthly,2025-12-15
S5546,ff3bd8ec-f,Basic,13.46,Monthly,2024-03-17
S5547,5641f6c8-c,Standard,15.22,Yearly,2023-10-28
S5548,e8aa24fb-8,Basic,23.65,Yearly,2025-04-19
S5549,ef75c403-0,Standard,22.09,Yearly,2023-06-21
S5550,1db83955-3,Standard,5.88,Yearly,2022-05-28
S5551,506e5a31-9,Premium,24.34,Monthly,2021-02-10
S5552,bb15f7ea-a,Standard,13.66,Monthly,
S5553,9b6df3f3-7,Basic,23.03,Monthly,2022-02-16
S5554,e529dafe-7,Basic,20.91,Monthly,2021-08-25
S5555,a72d4f9b-c,Basic,16.15,Monthly,2024-09-02
S5556,4f8219ef-e,Basic,12.9,Yearly,2025-04-21
S5557,3521810b-8,Premium,5.22,Yearly,2025-12-13
S5558,58836264-3,Premium,20.67,Monthly,2024-02-08
S5559,ceab82c4-5,Basic,18.2,Yearly,2025-05-06
S5560,f10741d3-0,Basic,14.06,Yearly,2021-02-23
S5561,1b90f464-9,Standard,9.96,Yearly,2022-12-16
S5562,8bcd9a7c-9,Basic,15.79,Monthly,2025-09-28
S5563,ebe599eb-6,Premium,7.23,Monthly,2023-05-14
S5564,8aa0b0e8-c,Standard,17.77,Monthly,2024-08-15
S5565,b4faa378-3,Pr3mium,20.39,Monthly,2024-01-12
S5566,66b2a43c-a,Premium,10.16,Yearly,2023-11-06
S5567,341bc19a-7,Standard,6.68,Monthly,2021-07-02
S5568,77743cd4-3,Standard,17.81,Yearly,2024-12-06
S5569,05bfd8a9-d,Basic,9.89,Yearly,2026-01-01
S5570,fa9e383d-f,Standard,18.07,Yearly,
S5571,0b153755-2,Premium,17.9,Yearly,2023-12-18
S5572,9e2d92bf-b,Premium,12.0,Yearly,2022-03-29
S5573,9b6f9e2b-d,Basic,8.97,Monthly,2022-07-15
S5574,0607e3b9-c,Premium,13.07,Yearly,2024-11-19
S5575,50c1081f-5,Premium,24.35,Monthly,2023-05-29
S5576,4d2979f4-9,Standard,9.6,Monthly,2021-04-09
S5577,910987b3-c,Standard,10.74,Yearly,2024-02-19
S5578,3b1eaa8a-f,Standard,11.4,Monthly,2025-06-06
S5579,0706e7ce-e,Basic,6.24,Monthly,2021-02-10
S5580,7af36f56-2,Basic,6.28,Yearly,2022-03-24
S5581,74035bb4-b,Premium,11.45,Monthly,2023-08-11
S5582,df34d500-d,Basic,7.36,Yearly,2022-10-19
S5583,d205016b-b,Premium,3.19,Yearly,2024-08-04
S5584,786e7f2c-4,Premium,9.62,Yearly,2022-03-25
S5585,b79c6d05-f,Basic,21.74,Yearly,2023-07-25
S5586,07d527d4-4,Basic,4.0,Monthly,2025-03-31
S5587,f144be1a-4,Basic,11.8,Monthly,2024-10-30
S5588,a85c6e10-c,Basic,18.67,Monthly,2022-06-13
S5589,fa239814-3,Premium,11.05,Monthly,2024-08-15
S5590,02d37edb-9,Standard,3.09,Yearly,2023-02-21
S5591,7989e59d-9,Standard,7.15,Monthly,2023-05-01
S5592,8cc1cfe5-8,Premium,18.94,Monthly,2023-01-01
S5593,660fcf76-5,Premium,14.99,Yearly,2023-09-04
S5594,08e3638c-7,Basic,21.78,Monthly,2023-10-09
S5595,ad684028-1,Standard,8.86,Yearly,2025-04-15
S5596,01349145-f,Standard,6.63,Yearly,2022-01-31
S5597,6a46e405-e,Premium,10.72,Yearly,2021-04-23
S5598,70a4ff2f-b,Basic,9.37,Monthly,2021-12-24
S5599,819c9f1f-c,Premium,16.56,Monthly,2024-08-21
S5600,a2daaeb8-3,Premium,10.21,Yearly,2025-03-28
S5601,703c8432-4,Basic,10.35,Yearly,2025-12-08
S5602,,Standard,11.85,Monthly,2024-04-27
S5603,7342efbb-f,Basic,6.37,Yearly,2021-04-01
S5604,8a0f8d5f-7,Basic,24.0,Yearly,2025-06-08
S5605,5a51b9bc-7,Basic,21.45,Yearly,2025-04-10
S5606,923a6344-a,Standard,16.58,Yearly,2021-03-29
S5607,1dd98976-d,Basic,16.88,Monthly,2024-02-29
S5608,b0601af3-5,Basic,8.48,Yearly,2023-07-28
S5609,f35329f1-1,Basic,10.36,Yearly,2023-02-03
S5610,90f2af74-b,Standard,16.65,Monthly,2022-01-23
S5611,eca94e01-3,Premium,18.94,Monthly,2021-12-02
S5612,e2550bcb-f,Standard,13.07,Monthly,2021-02-12
S5613,38c39925-2,Basic,21.09,Yearly,2024-03-19
S5614,c5210ebd-0,Standard,3.8,Monthly,2022-06-15
S5615,028ac92a-0,Premium,23.6,Monthly,2023-04-27
S5616,2013acf1-8,Basic,19.34,Yearly,2022-07-12
S5617,6bca2591-3,Premium,6.06,Monthly,2023-10-14
S5618,b2eaaa49-1,Standard,13.63,Monthly,2021-06-24
S5619,af155904-8,Standard,19.52,Yearly,2021-10-31
S5620,f0b3e3c6-7,Premium,3.69,Y3arly,2026-01-20
S5621,780d0ad6-8,Standard,10.29,Monthly,2024-01-02
S5622,6c2db3ba-8,Basic,6.14,Yearly,2024-02-13
S5623,705bef07-9,Basic,4.62,Monthly,2025-12-11
S5624,330439a3-6,Basic,18.72,Yearly,2025-05-18
S5625,5bb5b2ad-e,Premium,17.81,Yearly,2026-01-30
S5626,914bd4fc-8,Basic,4.05,Monthly,2022-01-10
S5627,0c4d92bc-7,Basic,,Monthly,2024-11-24
S5628,68f94945-5,Premium,17.02,Monthly,2023-03-23
S5629,c5f3d8bf-f,Basic,14.03,Yearly,2024-03-26
S5630,a2c8496e-7,Basic,12.14,Monthly,2021-07-07
S5631,fbeebd69-0,Basic,7.79,Yearly,2022-10-16
S5632,834e6b98-9,Basic,13.21,Yearly,2022-03-18
S5633,ad8d6460-b,Basic,10.17,Yearly,2023-11-30
S5634,a00c8b86-a,Basic,4.36,Monthly,2025-05-15
S5635,fd7082c2-e,Premium,15.38,Yearly,2021-08-24
S5636,e0bfd419-d,Basic,20.59,Yearly,2025-07-15
S5637,61ec19ef-a,Premium,21.66,Monthly,2023-10-24
S5638,7a1942c6-a,Standard,20.82,Yearly,2024-10-31
S5639,946f3141-8,Premium,22.38,Monthly,2023-03-29
S5640,b6664123-c,Premium,5.34,Yearly,2022-10-15
S5641,01da8026-7,Premium,9.49,Yearly,2021-07-28
S5642,dd796f5e-2,Premium,7.78,Yearly,2022-06-03
S5643,f2d3b279-5,Premium,18.04,Monthly,2021-11-21
S5644,a5606c42-d,Standard,13.85,Yearly,2025-06-27
S5645,298dfb63-c,Basic,14.7,Monthly,2024-06-26
S5646,fd5d729d-3,Basic,6.05,Monthly,2023-11-06
S5647,6d7ae7e2-4,Premium,7.77,Monthly,2022-01-22
S5648,74887148-8,Basic,17.15,Yearly,2022-05-13
S5649,172560c6-a,Premium,8.1,Yearly,2022-08-06
S5650,fb0542c2-6,Standard,7.72,Yearly,2025-04-11
S5651,963a68cf-7,Standard,24.44,Yearly,2021-03-23
S5652,5aa34a26-1,Basic,23.62,Monthly,2024-08-03
S5653,57eee74d-1,Basic,24.33,Yearly,2025-10-03
S5654,86d30100-f,Premium,23.12,Monthly,2023-12-01
S5655,aec79915-0,Standard,14.73,Yearly,2026-01-13
S5656,494f4a91-2,Standard,20.5,Yearly,2021-09-08
S5657,2bf261c9-5,Standard,,Monthly,2025-04-29
S5658,7074a5c8-5,Premium,11.56,Yearly,2022-07-29
S5659,0b55ee15-6,Standard,18.55,Monthly,2026-02-09
S5660,9b0c1099-1,Basic,10.55,Yearly,2023-07-19
S5661,350d15b8-c,Basic,8.63,Yearly,2023-05-24
S5662,8aacc690-9,Basic,10.14,Yearly,2021-06-05
S5663,27fda78a-2,Basic,17.56,Monthly,2025-10-02
S5664,,Basic,12.62,Yearly,2024-04-25
S5665,5bc94d6b-f,Standard,21.13,Monthly,2023-02-03
S5666,810d34ca-5,Standard,11.9,Monthly,2024-12-10
S5667,f933b586-b,Standard,11.62,Monthly,2022-09-04
S5668,081874b7-a,Basic,16.5,Monthly ,2022-09-13
S5669,06570355-5,Basic,4.6,Monthly,2023-03-14
S5670,34cf307b-2,Basic,12.29,Monthly,2023-10-11
S5671,88d9c060-4,Basic,21.66,Monthly,2021-07-18
S5672,aae05857-a,Premium,16.02,Yearly,2023-10-10
S5673,55c4e891-e,Standard,5.71,Yearly,2022-01-21
S5674,c631c7e9-d,Standard,10.31,Yearly,2023-07-07
S5675,10b89bd7-b,Premium,12.43,Monthly,2022-03-14
S5676,d170962b-7,Standard,21.91,Monthly,2023-10-29
S5677,c19b3215-f,Standard,13.89,Yearly,2023-10-24
S5678,b55b2c37-7,Basic,5.84,Monthly,
S5679,ae5912f4-e,Basic,22.32,Yearly,2021-09-15
S5680,752c6e2e-f,Standard,14.16,Monthly,2024-05-01
S5681,acb95a73-6,Standard,10.67,Yearly,2022-10-27
S5682,cc30c388-e,Premium,21.67,Yearly,2024-03-10
S5683,98adb3d0-3,Standard,22.09,Monthly,2023-08-06
S5684,80c6ff23-b,Premium,14.75,Monthly,2024-08-06
S5685,d3024782-3,Standard,16.74,Yearly,2025-06-09
S5686,37d72239-a,Standard,8.03,Monthly,2022-06-10
S5687,c387af72-7,Basic,8.06,Monthly,2021-05-23
S5688,ceb949f6-9,Basic,19.77,Monthly,2022-10-27
S5689,9e5c7fa9-b,Standard,24.5,Monthly,2025-02-15
S5690,c6272a2d-3,Premium,4.62,Monthly,2025-05-31
S5691,84eb39ec-1,Standard,19.02,Monthly ,2025-02-13
S5692,0589bd91-9,Premium,7.69,,2025-04-18
S5693,22ae566d-4,Standard,18.68,Yearly,2021-10-05
S5694,f351a6fd-0,Standard,23.8,Monthly,2025-08-08
S5695,62a46a6b-7,Basic,14.86,Yearly,2025-07-04
S5696,23ae16dd-9,Basic,3.13,Yearly,2023-08-10
S5697,3e0196a6-7,Premium,17.53,Monthly,2022-12-02
S5698,ecf037ea-2,Premium,7.48,Monthly,2025-01-20
S5699,ffc8e8c9-e,Standard,5.16,Monthly,2024-11-28
S5700,3d6adc54-f,Premium,7.99,Yearly,2023-11-23
S5701,e1a5307a-5,Basic,18.59,Yearly,2025-08-31
S5702,7019914a-5,Premium,7.05,Monthly,2022-02-23
S5703,70b86f66-8,Basic,14.03,Yearly,2021-07-21
S5704,d6cfdb75-f,Premium,10.39,Yearly,2023-01-30
S5705,9ff19998-a,Premium,4.21,Monthly,2025-05-26
S5706,14c30b5f-1,Premium,15.94,Yearly,2023-01-31
S5707,d5c4d68e-f,Basic,3.14,Yearly,2024-10-14
S5708,a81113de-7,Premium,16.12,Yearly,2021-07-08
S5709,7cf8cd43-5,Premium ,19.29,Monthly,2025-12-24
S5710,c5bf670a-f,Basic,22.07,Monthly,2024-06-15
S5711,987af043-4,Premium,18.18,Monthly,2021-04-16
S5712,217e1cbc-0,Standard,20.33,Monthly,2022-08-26
S5713,eb30f893-4,Basic,19.4,Yearly,2024-03-17
S5714,f19b912f-c,Standard,17.91,Yearly,2022-12-11
S5715,10d612e0-b,Basic,19.4,Yearly,2023-08-13
S5716,29a72c81-2,Basic,14.63,Yearly,2024-11-17
S5717,913a9c28-b,Premium,16.55,Yearly,2024-05-02
S5718,fe46262f-a,Premium,4.09,Monthly,2024-05-21
S5719,59047b43-7,Basic,16.36,Yearly,2024-03-31
S5720,9874f4b0-b,Standard,20.29,Monthly,2021-06-24
S5721,67890407-1,Basic,19.47,Yearly,2024-02-04
S5722,f47e2e2f-4,Basic,16.05,Yearly,2023-03-11
S5723,dd186280-d,Standard,5.35,Yearly,2025-10-06
S5724,ab91b6bf-6,Premium,18.98,Monthly,2023-04-29
S5725,235f2082-1 ,Standard,17.45,Monthly,2026-01-29
S5726,02e2f4ec-2,Standard,3.78,Yearly,2023-03-08
S5727,81994f58-6,Premium,22.55,Monthly,2025-08-24
S5728,eaf2e020-6,Basic,6.27,Monthly,2023-02-13
S5729,91c6c0e3-7,Standard,3.88,Monthly,2022-09-25
S5730,44252e62-5,Basic,23.13,Yearly,2024-08-04
S5731,8959f18b-7,Standard,13.12,Yearly,2024-10-21
S5732,880806af-a,Premium,22.7,Yearly,2021-07-04
S5733,e102f5ac-7,Standard,24.6,Monthly,2026-01-27
S5734,7b894dea-5,Standard,3.6,Monthly,2025-07-17
S5735,9cb22cb6-0,Basic,21.06,Yearly,2021-05-30
S5736,804260a4-4,Premium,8.69,Yearly,2023-01-13
S5737,4c46d9f4-7,Standard,19.37,Yearly,2024-10-18
S5738,86360076-d,Standard ,21.16,Monthly,2021-04-04
S5739,344f3937-2,Standard,14.93,Yearly,2025-06-30
S5740,ebffa2a2-5,Standard,21.36,Monthly,2025-04-15
S5741,eb74ca1b-2,Standard,17.48,Monthly,2023-12-28
S5742,3355fbf8-3,Basic,12.52,Yearly,2021-05-15
S5743,2bf0f794-a,Premium,24.81,Monthly,2021-04-26
S5744,19f6a96a-d,Premium,8.25,Yearly,2024-03-29
S5745,4dd23134-0,Standard,7.72,Yearly,2022-08-12
S5746,164e603f-9,Standard,12.89,Yearly,2024-05-05
S5747,e87a96ac-c,Standard,13.25,Yearly,2023-06-06
S5748,62f14e0e-e,Premium,23.35,Monthly,2024-08-24
S5749,4260b549-0,Basic,23.27,Monthly,2024-02-20
S5750,08f033ca-a,Standard,8.87,Yearly,2026-01-08
S5751,df95a342-0,,16.25,Yearly,2022-10-30
S5752,b18d3497-6,Premium,14.27,Monthly,2021-06-10
S5753,8026c277-4,Premium,9.3,Yearly,2025-10-18
S5754,1ac8b535-f,Basic,7.32,Yearly,2025-11-26
S5755,961e1212-b,Standard,15.79,Yearly,2024-11-18
S5756,7fc029c2-1,Premium,20.31,Monthly,2022-11-13
S5757,12cfdca2-9,Standard,,Monthly,2022-05-04
S5758,fa8b99dc-c,Basic,12.8,Monthly,2025-04-07
S5759,ea63ba0e-d,Premium,22.06,Monthly,2022-03-20
S5760,5e864203-4,Premium,14.54,Yearly,2024-07-27
S5761,3f731521-c,Basic,8.65,Yearly,2022-09-17
S5762,2b2886d6-3,Basic,15.79,Yearly,2023-03-12
S5763,c28f4564-1,Basic,4.13,Yearly,2023-12-20
S5764,67b6dbef-2,Standard,18.0,Monthly,2023-04-06
S5765,c568f430-5,Basic,17.14,Yearly,2021-08-25
S5766,03dce520-f,Basic,9.12,Monthly,2025-10-11
S5767,3e33d6fa-d,Premium,13.87,Yearly,2025-02-01
S5768,1030f259-c,Standard,15.19,Monthly,2023-06-11
S5769,b740a610-3,Premium,23.57,Yearly,2023-01-21
S5770,cc1cae42-9,Basic,16.74,Yearly,2023-01-09
S5771,791214eb-e,Basic,22.62,Monthly,2023-04-11
S5772,cc6642be-2,Standard ,12.17,Monthly,2022-05-31
S5773,c38b62ef-7,Standard,8.26,Yearly,2021-11-04
S5774,5b622bca-8,Premium,24.16,Monthly,2021-12-20
S5775,2f954e50-1,Basic,15.27,Yearly,2024-12-13
S5776,41df531e-2,,16.86,Monthly,2022-06-24
S5777,0bdbc20c-7,Premium,13.72,Monthly,2025-03-19
S5778,44a1747e-0,Standard,23.8,Monthly,2024-02-25
S5779,c18b0a2b-7,Premium,13.61,Monthly,2025-07-03
S5780,c9889fda-d,Standard,7.27,Yearly,2023-03-01
S5781,69bd496e-1,Standard,20.27,Yearly,2023-11-06
S5782,648d0b81-2,Premium,8.45,Yearly,2021-11-26
S5783,272151f0-7,Standard,22.11,Yearly,2021-02-19
S5784,6069b227-7,Premium,13.18,Monthly,2022-04-30
S5785,42c49adc-c,Premium,13.19,Monthly,2024-11-20
S5786,e29de8cd-1,Premium,13.4,Monthly,2021-03-24
S5787,c0795a57-6,Premium,8.87,Yearly,2024-01-19
S5788,e2b05828-8,Premium,24.8,Monthly,2023-12-17
S5789,abb25c4b-2,Basic,4.68,Monthly,2025-12-14
S5790,50cd25a0-5,Basic,11.57,Monthly,2022-02-26
S5791,acb4fa36-8,Basic,7.84,Yearly,2025-07-19
S5792,7ec8a59d-2,Premium,7.0,Yearly,2025-09-19
S5793,2da56525-4,Standard,15.66,Monthly,2024-08-14
S5794,358c6ee8-f,Basic,12.58,Monthly,2022-08-20
S5795,2f8ee858-7,Standard,22.82,Yearly,2024-12-08
S5796,a72d1dac-b,Basic,5.28,Yearly,2023-08-22
S5797,f3dda27c-a,Basic,12.02,Yearly,2023-06-07
S5798,edd62c86-0,Basic,4.36,Monthly,2025-03-31
S5799,1ce62d41-b,Standard,,Yearly,2025-05-08
S5800,d9c91a04-a,Standard,14.21,Monthly,2025-11-14
S5801,182f0ab1-5,Premium,22.93,Yearly,2025-04-04
S5802,af516dfb-d,Premium,12.86,Yearly,2023-04-26
S5803,2a939679-d,Premium,11.53,Yearly,2024-01-07
S5804,1a2ef14e-c,Basic,10.1,Monthly ,2022-08-06
S5805,96d96a9b-5,Basic,20.64,Monthly,2022-01-04
S5806,dc46e984-1,Premium,5.86,Yearly,2025-06-05
S5807,0916c182-1,Basic,24.4,Monthly,2022-01-18
S5808,71d55d31-3,Standard,17.16,Yearly,2023-05-18
S5809,5259d3a3-5,Standard,15.81,Monthly,2025-08-15
S5810,261d6699-6,Basic,23.24,Yearly,2022-06-21
S5811,371e4cde-2,Premium,13.26,Yearly,2023-07-09
S5812,31498605-8,Basic,13.61,Yearly,2024-12-18
S5813,97e89875-6,Premium,14.09,Monthly,2025-03-25
S5814,6f1564a6-2,Basic,17.89,Yearly,2023-08-18
S5815,19eff518-d,Basic,8.25,Monthly,2023-09-14
S5816,10087ff1-5,Basic,9.81,Monthly,2024-08-23
S5817,9658e250-b,Standard,16.99,Yearly,
S5818,9f247683-5,Premium,24.0,Yearly,2022-02-07
S5819,45d49b9e-5 ,Standard,18.84,Yearly,2025-02-07
S5820,7af8d625-c,Premium,19.91,Yearly,2021-08-12
S5821,379f1d27-a,Standard,14.79,Monthly,2023-01-02
S5822,229e6c85-9,Standard,15.83,Monthly,2025-07-18
S5823,ae593aff-8,Premium,20.21,Monthly,2022-03-11
S5824,c365b505-e,Premium,10.15,Monthly,2023-06-12
S5825,a288a696-4,Premium,20.35,Yearly,2023-11-10
S5826,81ac79a2-f,Standard,5.77,Yearly,2025-03-30
S5827,4cc04f25-c,Basic,21.96,Monthly,2022-03-07
S5828,f20d85a7-2,Premium,24.17,Monthly,2024-02-09
S5829,16cedd56-4,Premium,7.36,Yearly,2021-08-03
S5830,97edfa36-0,Standard,10.03,Monthly,2024-11-20
S5831,fec1f6c8-e,Basic,15.49,Yearly,2024-12-16
S5832,f991f797-7,Basic,14.94,Monthly,2023-08-11
S5833,8451dd5c-c,Premium,18.59,Monthly,2024-01-15
S5834,16640e7c-9,Basic,7.56,Monthly,2024-02-21
S5835,0b80ede1-4,Standard,6.07,Yearly,2025-04-04
S5836,b1fe9c16-a,Premium,8.09,Yearly,2022-06-28
S5837,59e12d82-0,Basic,10.27,Monthly,2021-07-29
S5838,0a845152-8,Premium,15.19,Monthly,2023-07-28
S5839,03a90414-7,Premium,17.48,Monthly,2022-05-13
S5840,20ecb386-4,Premium,24.96,Monthly,2022-08-30
S5841,3ce7bc70-5,Premium,10.85,Yearly,2025-07-07
S5842,3b76c168-8,Premium,17.89,Monthly,2024-12-07
S5843,39cff88b-1,Standard,12.17,,2024-02-15
S5844,1e77e2e5-3,Basic,22.97,Yearly,2025-08-15
S5845,828c9c08-a,Basic,20.4,Yearly,2023-01-28
S5846,118093dd-8,Standard,12.45,Yearly,2025-09-09
S5847,1ea986cb-1,Basic,8.55,Monthly,2023-03-21
S5848,8bc2687d-d,Standard,14.78,Monthly,2022-11-11
S5849,f518c2f2-f,premium,7.39,Monthly,2024-11-17
S5850,822a6fc7-e,Premium,21.14,Monthly,2024-03-24
S5851,6f0baaa9-8,Standard,17.4,Monthly,2022-01-26
S5852,bb60eee2-7,Premium,7.15,Yearly,2021-09-29
S5853,76d201ab-b,Premium,17.0,Monthly,2021-04-23
S5854,0266dac0-0,Premium,17.76,Yearly,2025-05-26
S5855,184a02fd-d,Standard,6.44,Yearly,2024-08-22
S5856,5734b977-0,Premium,10.84,Yearly,2023-11-25
S5857,e4a7ad5d-2,Premium,16.93,Yearly,2023-08-10
S5858,0af1fe97-c,Basic,8.54,Monthly,2021-02-23
S5859,97e4f3a6-9,Premium,11.9,Monthly,2025-07-03
S5860,a9c1ca98-9,Basic,14.86,Monthly,2025-08-19
S5861,0f92ed88-f,Standard,22.44,Yearly,2022-01-19
S5862,1ea5d2e9-8,Basic,7.25,Yearly,2025-09-03
S5863,395ad903-f,Basic,10.87,Monthly,2021-09-14
S5864,767cb21d-4,Premium,22.38,Monthly,2023-08-24
S5865,a0e9e099-5,Basic,5.02,Monthly,2021-08-19
S5866,9b78fe68-5,Basic,8.62,Monthly,2024-09-26
S5867,9b975909-e,Premium,15.61,Yearly,2024-10-21
S5868,36081ee0-c,Standard,14.98,Yearly,2022-07-04
S5869,bf9d401f-7,Premium,14.3,Monthly,2022-12-11
S5870,a97bd5b8-b,Premium,18.02,Monthly,2021-09-23
S5871,33a0ea22-e,Standard,23.71,Yearly,2022-11-25
S5872,8e53c352-2,Standard,23.81,Monthly,2021-10-19
S5873,18c13d58-e,Basic,5.18,Yearly,2025-02-11
S5874,7503c53f-0,Basic,16.61,Monthly,2023-04-13
S5875,b31fbbc9-f,Premium,23.25,Monthly,2025-09-04
S5876,852a536a-d,Basic,21.06,Monthly,
S5877,565980f7-c,Standard,20.54,Monthly,2022-01-23
S5878,7262c0ab-7,Premium,15.48,Yearly,2025-02-24
S5879,869c72d0-1,Standard,3.14,Monthly,2025-06-20
S5880,7b8d40b2-c,Premium,22.48,Yearly,2023-06-04
S5881,48c95f0f-b,Premium,20.9,Monthly,2023-04-28
S5882,f1558944-a,Standard,15.35,Monthly,2022-01-20
S5883,e73a7618-d,Standard,11.65,Yearly,2023-01-12
S5884,e3316a65-2,Basic,4.74,Yearly,2024-01-23
S5885,9fb87568-e,Standard,4.68,Monthly,2025-01-20
S5886,d8938bee-c,Basic,4.52,Monthly,2023-04-07
S5887,00a604fe-0,Premium,4.59,Yearly,2022-10-11
S5888,a7b8c384-3,Premium,21.66,Yearly,2023-05-02
S5889,1e927256-e,Standard,12.08,Monthly,2025-02-13
S5890,d18ed623-1,Standard,7.7,Yearly,2022-02-21
S5891,ce073852-7,Basic,9.24,Monthly,2022-12-19
S5892,5c9951a0-1,Basic,9.34,Yearly,2026-01-20
S5893,b0f1691f-6,Premium,19.38,Monthly,2023-04-18
S5894,226d1b3f-7,Standard,15.04,Yearly,2022-11-15
S5895,30cd7040-3,Basic,18.85,Yearly,2021-06-20
S5896,0118b271-1,Premium,22.64,Yearly,2023-07-09
S5897,3d784d68-1,Standard,6.62,Yearly,2025-06-25
S5898,8708c297-2,Basic,12.34,Monthly,2023-12-24
S5899,f6afbf7e-3,Premium,11.21,Yearly,2025-01-27
S5900,c213af39-a,Basic,,Yearly,2024-11-20
S5901,052e10bd-2,Standard,10.59,Yearly,2025-09-19
S5902,d28d3a02-7,Basic,7.47,Monthly,2021-07-13
S5903,a9e8df86-a,Basic,3.63,Yearly,2023-05-28
S5904,d0797b55-0,Basic,4.99,Yearly,2024-01-05
S5905,7793ea28-e,Premium,10.56,Yearly,2023-12-20
S5906,c351b68f-d,Standard,13.19,,2023-11-02
S5907,8f013829-3,Premium,9.49,Yearly,2022-06-21
S5908,d5c17934-d,Basic,18.71,Yearly,2022-01-29
S5909,75e3e483-6,Standard,15.97,Yearly,2022-01-28
S5910,b09ba69e-3,Basic,18.24,Yearly,2024-03-02
S5911,e8fd5818-9,Pr3mium,24.15,Yearly,2024-11-17
S5912,4c558ab6-8,Standard,11.49,Monthly,2023-05-13
S5913,1c2e1dda-3,Basic,23.8,Yearly,2023-06-03
S5914,6dbac8a0-e,Basic,12.7,Yearly,2025-11-07
S5915,94ec91ad-8,Standard,14.04,Monthly,2021-10-23
S5916,f95fa4c7-a,Standard,22.05,Monthly,2025-04-01
S5917,de3c3c61-e,Basic,4.67,Monthly,2025-12-03
S5918,02f468e3-c,Premium,22.46,Yearly,2022-01-14
S5919,701cbc31-d,Standard,18.8,Yearly,2024-07-02
S5920,e71a4d15-2,Standard,22.2,Yearly,2021-03-06
S5921,55763446-4,Standard,23.72,Monthly,2024-09-24
S5922,00f549b5-f,Standard,13.66,Yearly,2023-10-09
S5923,1c35ac35-2,Standard,14.86,Yearly,2025-11-10
S5924,60e3104b-d,Premium,11.27,Monthly,2025-02-28
S5925,e1525d92-9,Standard,3.13,Monthly,2023-07-13
S5926,9a2aaf1f-5,Premium,4.99,Monthly,2021-04-16
S5927,d812b533-f,Basic,10.07,Monthly,2021-11-11
S5928,7016d3fa-9,Standard,23.09,Yearly,2022-12-15
S5929,40e3ed49-8,Basic,23.87,Yearly,2022-05-19
S5930,a0a506b6-a,Standard,15.24,Monthly,2025-05-03
S5931,863bab4f-1,Premium,24.5,Yearly,2021-03-20
S5932,d68266d4-c,Basic,22.36,Monthly,2021-06-12
S5933,9287258a-5,Standard,13.03,Monthly,2022-01-28
S5934,3e19170a-6,Standard,19.65,Yearly,2022-06-28
S5935,2dc03134-0,Premium,,Monthly,2024-07-08
S5936,8caeab54-5,Basic,10.68,Yearly,2022-04-24
S5937,ced9414c-b,Premium,16.8,Monthly,2022-05-08
S5938,43399c9b-4,Basic,3.66,Yearly,2023-07-05
S5939,5a4da6a7-e,Standard,12.03,Yearly,2023-06-28
S5940,0f828481-3,Standard,3.9,Yearly,2023-08-09
S5941,5ae9538d-5,Premium,7.94,Yearly,2023-08-22
S5942,36348d41-b,Premium,8.9,Yearly,2023-05-03
S5943,6b1b4fdc-0,Standard,7.62,Yearly,2025-12-01
S5944,494dfd8b-6,Standard,11.02,Monthly,2025-11-04
S5945,c52f0c52-e,Standard,17.23,Yearly,2026-02-05
S5946,680fea74-e,Premium,9.46,Yearly,2023-06-11
S5947,c3db29d1-4,Premium,21.63,Monthly,2021-11-24
S5948,7f514e37-d,Basic,12.5,Yearly,2021-07-09
S5949,3a0037a9-4,Basic,19.31,Monthly,2024-03-30
S5950,ee4aede6-8,Standard,21.25,Monthly,2021-06-06
S5951,9eaa32ce-e,Standard,11.77,Monthly,2023-04-04
S5952,fbc9be1e-2,Premium,6.94,Yearly,2023-06-06
S5953,c7da29f2-e,Premium,24.22,Yearly,2023-07-12
S5954,d85a1a6b-e,Standard,4.68,Monthly,2021-08-10
S5955,7e06d605-0,Standard,3.61,Yearly,2025-01-08
S5956,df94b839-1,Standard,3.31,Monthly,2025-06-09
S5957,97354a84-a,Standard,24.96,Yearly,2024-01-19
S5958,f3df9e0d-1,Standard,,Yearly,2025-01-21
S5959,decba612-a,Basic,18.3,Yearly,2025-06-26
S5960,f9724f9c-8,Standard,16.47,Yearly,2022-07-11
S5961,98a6f275-9,Standard,20.81,Yearly,2022-12-15
S5962,aa25d909-3,Standard,8.87,Yearly,2025-03-07
S5963,06fe6b0f-e,Standard,16.3,Yearly,2024-04-25
S5964,afe35e26-c,Standard,9.8,Monthly,2024-09-25
S5965,b86ead55-9,Standard,,Monthly,2024-10-08
S5966,2478eac6-e,Premium,17.66,,2021-03-03
S5967,c02b17d1-8,Standard,22.2,Yearly,2024-03-10
S5968,7c08cc20-7,Basic,18.18,Monthly,2024-08-06
S5969,a6c8ed7b-d,Premium,12.82,Monthly,2021-12-29
S5970,a023bd6f-8,Basic,6.7,Yearly,2021-09-15
S5971,8ea3662a-f,Premium,15.33,Yearly,2021-07-23
S5972,69265c9d-1,Basic,10.63,Yearly,2024-11-15
S5973,df62c73b-d,Premium,15.65,Yearly,2021-10-17
S5974,4d1d8c72-5,Standard,15.44,Monthly,2021-06-14
S5975,5007418e-8,Premium,5.47,Monthly,2022-04-21
S5976,236e80dd-b,Basic,16.16,Yearly,2021-03-17
S5977,3c053d4b-5,Basic,20.8,Yearly,2025-09-21
S5978,08c8092d-a,Standard,22.91,Yearly,2023-07-26
S5979,a32e7749-a,Premium,3.98,Monthly,2026-02-04
S5980,cc84faab-a,Basic,13.24,Yearly,2023-01-11
S5981,ac6c59a9-e,Premium,23.22,Yearly,2022-03-24
S5982,fcc9a32c-4,Basic,19.2,Yearly,2022-04-02
S5983,4886694a-7,Premium,15.94,Yearly,2021-12-10
S5984,1a37d563-4,Premium,10.57,Monthly,2021-09-14
S5985,9c1cfe7b-0,Premium,19.42,Monthly,2023-04-16
S5986,9068cd4f-2,Standard,6.55,Yearly,2021-05-14
S5987,d80bfb4f-e,Premium,21.35,Yearly,2022-09-16
S5988,ef4d846b-9,Basic,21.68,Yearly,2025-12-16
S5989,3ec3378e-3,Standard,14.59,Yearly,2025-05-01
S5990,9f758c61-2,Standard,6.31,Monthly,2024-10-17
S5991,44fc5bb0-5,Standard,10.73,Yearly,2025-12-02
S5992,6a2bf927-f,Premium,5.06,Monthly,2021-04-12
S5993,f6a2a836-7,Basic,,Yearly,2021-03-08
S5994,6ac0c1e5-a,Premium,23.77,Monthly,2025-04-12
S5995,5ed22489-3,Basic,23.14,Yearly,2025-02-21
S5996,0d08b58d-c ,Standard,18.04,Monthly,2021-02-13
S5997,3767d966-9,Standard,15.64,Monthly,2021-04-18
S5998,f9f350a1-c,Standard,22.62,Monthly,2024-01-31
S5999,eb380eab-d,Premium,13.6,Yearly,2022-01-02
S6000,dc3792fd-3,Premium,10.42,Yearly,2023-11-30
S6001,6574be68-1,Basic,5.04,Monthly,2022-09-24
S6002,1a57c1bf-1,Basic,22.01,Monthly,2025-11-14
S6003,d7e2c760-5,Standard,9.84,Monthly,2023-01-30
S6004,3b49608d-a,Basic,20.74,Yearly,2021-09-28
S6005,,Basic,19.85,Yearly,2023-12-03
S6006,791da84b-d,Standard,7.88,Monthly,2025-08-23
S6007,0f6dd607-b,Basic,23.99,Yearly,2023-11-03
S6008,67e4fdce-d,Premium,24.96,Yearly,2024-04-29
S6009,1e190eff-3,Standard,14.91,Monthly,2023-03-08
S6010,477ba24c-9,Premium,24.04,Yearly,2025-09-14
S6011,049a1459-9,Basic,14.5,Monthly,2022-04-30
S6012,6dab0593-5,Basic,23.4,Yearly,2022-03-15
S6013,22dcef4e-1,Basic,6.05,Monthly,2023-04-26
S6014,f95330ef-0,Basic,15.68,Monthly,2023-04-17
S6015,8e2dd252-6,Premium,21.82,Monthly,2022-07-03
S6016,b2c13c60-b,Standard,20.82,Yearly,2024-11-25
S6017,e33780cf-3,Basic,3.36,Yearly,2023-11-11
S6018,5629e0e8-3,Premium,17.14,Yearly,2024-02-12
S6019,619052ca-2,Standard,4.26,Monthly,2024-11-15
S6020,9c7409bc-7,Basic,22.03,Yearly,2023-09-01
S6021,835e9fdc-f,Standard,6.74,Yearly,2021-08-24
S6022,09111c16-3,Basic,20.49,Monthly,2022-01-11
S6023,e287a156-6,Basic,15.24,Monthly,2023-04-29
S6024,71cd28e7-3,Standard,4.31,Yearly,2023-01-14
S6025,89a59e73-9,Standard,11.9,Yearly,2025-12-18
S6026,d2bee58c-6,Standard,15.15,Monthly,2024-10-10
S6027,c3a4efe5-c,Premium,9.68,Monthly,2025-07-16
S6028,2e3d1190-f,Basic,5.75,Yearly,2025-11-13
S6029,ff1c6de7-b,Basic,10.32,Yearly,2023-07-01
S6030,d54877f4-1,Standard,6.97,Yearly,2025-07-07
S6031,6575a7a7-1,Premium,6.5,Yearly,2022-12-07
S6032,97dea971-1,Standard,10.43,Yearly,2021-10-20
S6033,2c244288-2,Standard,19.3,Yearly,2025-11-13
S6034,da3f04dc-0,Premium,18.59,Monthly,2023-02-23
S6035,a56ad96f-d,Basic,12.08,Monthly,2025-01-18
S6036,613d2e8d-7,Standard,15.29,Yearly,2022-11-14
S6037,2b5d0ce7-1,Basic,11.08,Yearly,2025-08-21
S6038,fb45a69a-2,Basic,17.45,Yearly,2021-06-08
S6039,c1fa08cd-7,Standard,15.92,Yearly,2022-11-14
S6040,9fa906be-b,Basic,5.87,Monthly,2024-09-23
S6041,89d33b23-7,Standard,10.12,Monthly,2023-02-20
S6042,8c3dd70c-8,Standard,11.75,Yearly,2021-06-02
S6043,c5b3b0fb-4,Standard,18.62,Yearly,2024-07-22
S6044,6c3e82b3-0,Standard,6.53,Monthly,2025-01-17
S6045,a2ef7ea8-9,,23.84,Yearly,2021-04-29
S6046,b20645aa-7,Basic,6.51,Yearly,2023-10-11
S6047,0eb18bbe-7,Premium,11.61,Monthly,2024-05-05
S6048,115bfe26-3,Basic,13.53,Monthly,2025-05-28
S6049,5711fb9d-b,Basic,24.9,Yearly,2022-10-17
S6050,b8959b7d-d,Standard,7.35,Monthly,2021-12-29
S6051,0a261ea7-0,Standard,19.54,Yearly,2025-02-28
S6052,a673507c-f,Basic,23.24,Yearly,2022-12-11
S6053,1c69080c-b,Standard,12.93,Yearly,2025-01-25
S6054,aece4af7-5,Basic,3.89,Yearly,2021-10-23
S6055,21118840-9,Standard,21.04,Monthly,2022-10-24
S6056,dcc121c5-a,Standard,19.42,Yearly,2021-02-23
S6057,ea46cf73-9,Basic,5.82,Yearly,2025-10-27
S6058,38f5689c-3,Basic,12.99,Yearly,2021-05-30
S6059,627620f2-0,Standard,3.87,Yearly,2025-08-24
S6060,0766098b-1,Premium,6.99,Monthly,2024-12-08
S6061,61d174ba-8,Standard,3.89,Monthly,2025-01-17
S6062,88fbe983-f,Basic,3.07,Yearly,2021-11-02
S6063,7ddf6804-a,Basic,20.92,Yearly,2025-02-01
S6064,d704d58c-a,Basic,7.42,Monthly,2025-10-17
S6065,f446c11d-d,Premium,13.7,Monthly,2024-02-28
S6066,436c4dd4-0,Standard,17.76,Monthly,2021-02-23
S6067,23e536a4-6,Premium,13.9,Yearly,2021-07-10
S6068,9be5e3ae-5,Standard,8.43,Monthly,2024-11-20
S6069,fae47bc7-b,premium,6.69,Yearly,2024-10-13
S6070,79a386e8-3,Standard,4.06,Monthly,2024-06-14
S6071,21c8d72f-d,Premium,22.06,Monthly,2021-10-06
S6072,57d6e69e-6,Basic,15.66,Yearly,2022-11-17
S6073,1199d140-e,Standard,4.6,Yearly,2021-09-14
S6074,c6752998-5 ,Standard,3.2,Yearly,2022-06-20
S6075,5a16c699-b,Standard,9.82,Monthly,2025-12-23
S6076,1612ddd0-f,Premium,17.74,Monthly,2022-04-23
S6077,7d49f121-0,Standard,9.55,Yearly,2023-01-15
S6078,af10ad72-6,Basic,17.11,Yearly,2022-10-26
S6079,1785ef8d-8,Basic,7.38,Monthly,2023-07-10
S6080,abb80f15-b,Basic,17.47,Monthly,2021-12-13
S6081,f67e100f-6,Standard,14.06,Yearly,2023-03-22
S6082,bf59f262-7,,11.16,Yearly,2021-04-26
S6083,ec7eb21b-f,Basic,18.31,Monthly,2024-05-22
S6084,d43de5e1-c,Basic,5.75,Monthly,2022-11-12
S6085,e03e3494-2,Standard,10.38,Yearly,2021-07-27
S6086,c38c816b-2,Premium,3.13,Y3arly,2025-07-26
S6087,bff61022-f,basic,12.94,Monthly,2022-02-14
S6088,1b0c2fe5-9,Basic,8.63,Yearly,2025-01-09
S6089,6390c9d6-c,Basic,22.06,Monthly,2021-06-12
S6090,e4070001-b,Standard,8.61,Yearly,2022-06-23
S6091,cfadeab8-e,Premium,9.39,Yearly,2022-08-04
S6092,c1fa6145-b,Premium,3.35,Monthly,2022-08-26
S6093,a3affb61-4,Premium,18.75,Yearly,2024-12-27
S6094,97351b83-9,Standard,4.07,Monthly,2025-01-03
S6095,201b65c6-0,Basic,8.37,Monthly,2021-09-22
S6096,93f07874-2,Standard,10.71,Yearly,2022-03-22
S6097,42a3dfbe-a,Standard,9.74,Yearly,2023-10-25
S6098,86791fbe-5,Standard,5.04,Yearly,2024-10-02
S6099,6c9568ba-f,Standard,15.49,Monthly,2021-12-14
S6100,43324718-7,Premium,19.67,Yearly,2024-08-29
S6101,539178b6-9,Premium,17.73,Yearly,2021-03-30
S6102,f10a12ed-e,Standard,16.86,Monthly,2023-02-13
S6103,ff1c26cd-b,Premium,8.42,Monthly,2023-06-08
S6104,c4ad097e-1,Basic,20.06,Yearly,2025-02-22
S6105,10b8b749-6,Basic,17.25,Monthly,2025-12-03
S6106,14c7c003-7,Premium,17.98,Yearly,2024-06-06
S6107,38c320e8-e,Basic,17.86,Monthly,2025-04-06
S6108,a880b767-8,Standard,24.67,Monthly,2023-03-01
S6109,a819a25b-3,Basic,3.88,Monthly,2026-01-15
S6110,6a367aca-6,Premium,10.43,Monthly,2025-11-11
S6111,146a238e-9,Standard,7.9,Monthly,2025-05-30
S6112,1cfe14da-9,Premium,19.92,Yearly,2022-02-07
S6113,ef159bb9-5,Standard,7.08,Yearly,2024-12-04
S6114,ded8754c-5,Basic,21.96,Yearly,2023-10-02
S6115,22cd01a3-f,Premium,10.22,Monthly,2024-03-03
S6116,f9123356-8,Premium,18.52,Monthly,2021-10-05
S6117,00052a01-5,Premium,13.15,Monthly,2022-03-28
S6118,17e43667-c,Premium,14.24,Monthly,2024-03-24
S6119,2b2ebd2d-5,Basic,24.58,Monthly,2021-04-27
S6120,173740b6-3,Premium,18.0,Yearly,2021-11-18
S6121,304111c9-b,Premium,15.81,Monthly,2024-12-12
S6122,9204bc3b-9,Premium,,Monthly,2024-09-17
S6123,6b1a3b1f-1,Basic,17.18,Monthly,2024-09-29
S6124,d66101f6-e,Premium,8.25,Monthly,2024-03-08
S6125,f12e56c1-8,Premium,9.29,Monthly,2021-03-26
S6126,8a3265ff-1,Basic,22.87,Monthly,2023-10-20
S6127,324c17c2-d,Premium,3.49,Yearly,2025-11-04
S6128,c31db163-8,Premium,17.23,Monthly,2023-08-02
S6129,0bca18a0-0,Basic,21.82,Monthly,2025-10-12
S6130,,Basic,22.05,Yearly,2025-06-23
S6131,fd5fd8ca-e,Basic,20.77,Monthly,2024-04-25
S6132,5a407318-b,Basic,17.37,Yearly,2025-07-02
S6133,08bb214c-3,Standard,11.02,Yearly,2024-10-13
S6134,23ddb17c-4,Standard,4.54,Yearly,2025-04-20
S6135,7133d967-c,Premium,18.21,Yearly,2023-04-11
S6136,8987cbcb-0,Premium,3.88,Monthly,2021-10-27
S6137,de5e2694-b,Basic,15.29,Monthly,2024-09-08
S6138,d958e2db-0,Basic,7.33,yearly,2021-04-22
S6139,c166c328-3,Standard,18.98,Monthly,2021-06-05
S6140,af704201-9,Basic,6.91,Monthly,2024-05-04
S6141,b9eb7ea4-f,Premium,20.95,Yearly,2025-10-09
S6142,ab36d88d-c,Standard,20.65,Monthly,2022-05-29
S6143,376bbf5b-e,Standard,6.83,Yearly,2022-09-15
S6144,5b94a012-4,Premium,14.65,Monthly,2024-01-25
S6145,5844a10d-9,Basic,19.39,Yearly,2023-07-30
S6146,ef8160e1-6,Standard,23.36,Yearly,2025-02-27
S6147,5b88ca4b-4,Premium,6.05,Monthly,2021-12-20
S6148,af483926-5,Premium,5.56,Monthly,2025-07-13
S6149,fd278bec-8,Basic,13.29,Monthly,2023-12-28
S6150,93c4efc3-b,Standard,7.04,Yearly,2025-09-15
S6151,83234431-a,Premium,18.61,Yearly,2023-10-27
S6152,f6945893-b,Premium,22.05,Yearly,2023-12-24
S6153,8ee1a6fa-8,Premium,22.82,Yearly,2024-04-23
S6154,24c3d40d-3,Standard,9.9,Monthly,2021-06-11
S6155,de11bc7f-6,Premium,24.38,Monthly,2021-08-10
S6156,4d9c1ed1-6,Premium,22.99,Yearly,2021-07-05
S6157,6e4b9d22-c,Basic,13.81,Yearly,2024-04-04
S6158,811b0e05-3,Basic,5.88,Yearly,2021-08-23
S6159,e7329171-5,Premium,16.1,Yearly,2022-06-12
S6160,040cfafa-7,Premium,24.28,Yearly,2022-08-11
S6161,b4960c4e-2,Premium,13.8,Yearly,2022-09-20
S6162,,Basic,11.71,Monthly,2021-03-11
S6163,b4a18363-9,Premium,21.89,Monthly,2024-11-23
S6164,0a60504b-7,Basic,14.73,Monthly,2024-12-26
S6165,52324762-0,Standard,17.34,Monthly,2025-05-05
S6166,d0309df7-5,Standard,17.27,Yearly,2021-10-15
S6167,278340c7-5,Basic,21.82,Yearly,2021-07-26
S6168,c4377b76-b,Basic,3.2,Yearly,2024-09-27
S6169,f5023200-f,Premium,7.92,Yearly,2024-09-28
S6170,0fb52ca7-d,Premium,12.67,Monthly,2021-03-29
S6171,bda2b5ad-0,Premium,7.43,Monthly,2023-06-09
S6172,942dfba8-b,Basic,14.29,monthly,2023-09-21
S6173,1102820d-e,Standard,12.83,Monthly,2025-05-17
S6174,993f63de-f,Premium,5.77,Monthly,2022-04-16
S6175,00c3b499-b,Standard,3.41,Monthly,2022-05-22
S6176,76905582-6,Basic,4.84,Yearly,2024-07-18
S6177,8c376457-5,Standard,7.38,Monthly,2024-08-23
S6178,0078092e-f,Premium,10.23,Yearly,2024-11-28
S6179,b614c7db-e,Standard,23.02,Monthly,2026-01-05
S6180,45192d6d-4,Basic,5.45,Yearly,2023-05-03
S6181,d166d4df-8,Premium,19.8,Yearly,2021-11-20
S6182,24093eee-8,Basic,10.82,Monthly,2021-10-25
S6183,bdcf79e4-d,Standard,22.39,Yearly,2021-07-14
S6184,055c7be5-3,Basic,22.53,Yearly,2021-12-08
S6185,93e28324-4,Standard,13.53,Monthly,2024-05-04
S6186,a01bfc6f-7,Basic,5.15,Yearly,2022-06-23
S6187,4c030394-3,Standard,9.54,Monthly,2025-02-19
S6188,baaeb1cf-2,Premium,10.4,Monthly,2024-08-29
S6189,cc0c2c8a-e,Premium,20.67,Monthly,2025-10-21
S6190,6389c021-3,Standard,7.53,Monthly,2024-07-06
S6191,69d48185-8,Basic,16.23,Monthly,2025-08-26
S6192,f935dbeb-2 ,Standard,17.95,Monthly,2023-03-23
S6193,f12fdc00-d,Standard,20.9,Monthly,2024-12-04
S6194,e8949083-f,Standard,22.82,Monthly,2024-09-24
S6195,598e65de-5,Standard,4.26,Yearly,2022-06-11
S6196,dfc0adac-0,Premium,22.04,Monthly,2023-10-12
S6197,630b4e25-a,Premium,5.23,Monthly,2022-03-22
S6198,3134341d-4,Standard,16.45,Yearly,2022-01-05
S6199,067f6f70-4,Premium,17.2,Monthly,2023-01-21
S6200,a6c0904f-1,Standard,19.93,Yearly,2023-02-17
S6201,2ca05d6a-1,Premium,3.14,Monthly,2025-09-22
S6202,34b62a1c-5,Standard,9.48,Yearly,2022-03-24
S6203,65708db4-6,Standard,6.29,Yearly,2022-07-16
S6204,b525d47a-1,Standard,3.19,Yearly,2022-05-20
S6205,e644a1a4-3,Basic,14.29,Yearly,2024-08-05
S6206,3ae1ad53-0,Basic,18.2,Monthly,2022-06-01
S6207,5a0b1d2a-f,Basic,19.29,Monthly,2025-07-29
S6208,c9a94a01-6,Standard,23.93,Yearly,2021-05-08
S6209,72932ac7-4,Premium,19.32,Monthly,2024-09-20
S6210,,Basic,21.48,Yearly,2025-08-30
S6211,cbb98332-5,Basic,20.15,Yearly,2024-09-02
S6212,6a9521c6-d,Premium,4.49,Yearly,2024-10-06
S6213,34b66784-a,Basic,21.05,Monthly,2022-01-16
S6214,91c61965-c,Standard,20.64,Yearly,2023-04-14
S6215,a89c06ea-9,,6.77,Monthly,2024-05-21
S6216,2fc70f12-9,Premium,18.05,Yearly,2021-10-16
S6217,3a57ebac-0,Basic,11.76,Monthly,2025-06-29
S6218,ee0ecbd4-1,Standard,,Yearly,2021-06-03
S6219,080e4736-2,Basic,20.12,Monthly,2021-02-20
S6220,0853663f-e,Standard,17.07,Yearly,2022-04-25
S6221,eeb6ab3a-d,Basic,18.6,Yearly,2025-05-27
S6222,5286bfc9-0,Basic,10.22,Monthly,2023-03-24
S6223,fafc307c-5,,20.29,Monthly,2024-02-15
S6224,46a4489d-2,Basic,14.64,Monthly,2024-03-27
S6225,bba6988d-c,Basic,11.1,Monthly,2021-07-12
S6226,935097ea-3,Standard,19.67,Monthly,2022-12-19
S6227,7ffdd964-b,Standard,8.12,Yearly,2023-09-14
S6228,18d8ba64-9,Basic,12.28,Yearly,2023-09-10
S6229,9a1b4456-3,Standard,7.27,Monthly,2025-06-20
S6230,b5403a59-7,Basic,16.08,Monthly,2023-01-01
S6231,2b3537d5-a,Basic,18.76,Monthly,2021-05-10
S6232,b3502bef-f,Premium,22.81,Monthly,2023-06-17
S6233,d5746155-9,Premium,20.04,Monthly,2025-07-08
S6234,4a878206-1,Premium,4.6,Yearly,2024-01-26
S6235,46ecae27-5,Standard,18.43,Monthly,2025-03-29
S6236,83f0fd5d-f,Premium,16.39,Yearly,2021-03-12
S6237,5ef63bac-b,Premium,12.78,Yearly,2023-09-10
S6238,e4f67508-3,Basic,12.91,Monthly,2024-05-24
S6239,fcaae9e6-9,Premium,5.76,Yearly,2026-01-18
S6240,7be7ad55-3,Basic,8.96,Monthly,2023-06-19
S6241,0c0d83e2-2,Basic,23.57,Monthly,2022-09-07
S6242,b0bad355-7,Basic,3.72,Yearly,2021-09-21
S6243,43011bd9-e,Basic,18.17,Monthly,2022-04-11
S6244,83bd625d-2,Standard,8.63,Monthly,2023-04-23
S6245,419d404b-4,Basic,3.87,Monthly,2025-05-21
S6246,c1427587-2,Basic,10.53,Yearly,2025-10-25
S6247,ae55b3e6-5,Premium,7.26,Yearly,2022-02-05
S6248,c1649028-d,Premium,9.26,Yearly,2024-03-13
S6249,83ebbe55-7,Basic,15.55,Yearly,2022-12-19
S6250,763d3801-e,Premium,10.36,Monthly,2023-05-08
S6251,976e01b2-3,Premium,3.3,Monthly,2024-12-07
S6252,97dd8894-9,Premium,4.41,Monthly,2023-01-27
S6253,42eae2e2-6,Basic,14.25,Monthly,2022-11-20
S6254,5f65b763-3,Basic,21.35,Yearly,2021-02-23
S6255,c86eb768-0,Standard,8.23,Yearly,2025-05-24
S6256,5c0f14e4-4,Basic,19.35,Monthly,2024-09-16
S6257,e9ad61ab-e,Standard,17.24,Yearly,2023-01-15
S6258,7457d56e-f,Basic,18.93,Yearly,2021-07-25
S6259,28defb8c-c,Premium,11.4,Monthly,2021-03-14
S6260,71815b74-4,Basic,24.76,Monthly,2022-09-23
S6261,7a9dbf8d-7,Standard,17.57,Monthly,2025-12-11
S6262,fb97c873-f,Basic,4.63,Yearly,2023-03-14
S6263,a5796604-f,Standard,23.75,Yearly,2024-12-27
S6264,793a2634-f,Standard,10.18,Monthly,2023-01-09
S6265,696dfb7c-7,Basic,5.36,Yearly,2023-07-31
S6266,15503a47-4,Standard,9.78,Yearly,2023-04-01
S6267,ae6e8758-8,Premium,19.72,Yearly,2025-07-13
S6268,6a4cb576-5,Standard,23.58,Monthly,2023-01-29
S6269,26e28fbe-f,Premium,19.45,Yearly,2023-02-06
S6270,ceeaab9d-e,Basic,23.39,Yearly,2024-03-17
S6271,5e0e3a75-d,Basic,19.21,Yearly,2022-05-21
S6272,5652871d-3,Basic,10.9,Yearly,2022-07-11
S6273,1664c21a-0,Standard,15.04,Monthly,2021-08-01
S6274,4191a350-e,Basic,10.04,Monthly,2022-08-06
S6275,9bb02ac5-f,Basic,18.1,Monthly,2022-03-25
S6276,7547d021-1,Basic,5.17,Yearly,2025-02-05
S6277,b90b6fa2-2,Premium,12.42,Monthly,2021-03-02
S6278,ab89a7b8-9,Premium,3.52,Monthly,2021-07-30
S6279,6f60fa92-2,Standard,21.41,Yearly,2025-10-12
S6280,3f75c954-a,Premium,5.65,Yearly ,2025-02-23
S6281,3549f13f-8,Standard,20.05,Yearly,2022-01-30
S6282,b9bccfc7-2,Basic,24.31,Yearly,2022-12-15
S6283,d8138da5-c,Standard,8.1,Monthly,2024-11-17
S6284,0cfcd6fa-c,Standard,13.15,Yearly,2025-07-21
S6285,236e2f67-e,Basic,17.48,Monthly,2024-10-05
S6286,8e55ff94-9,Basic,5.23,Yearly,2025-01-02
S6287,3cbb2442-b,Basic,13.49,Monthly,2025-01-25
S6288,dbb6b5fc-3,Premium,24.39,Yearly,2025-02-19
S6289,3fd7f88b-a,Basic,9.04,Yearly,2025-01-09
S6290,6011a240-3,Standard,9.77,Monthly,2021-10-18
S6291,d1f8d1dd-d,Basic,16.67,Yearly,2023-11-28
S6292,95103066-f,Standard,3.13,Yearly,2025-09-10
S6293,3f1f338d-3,Standard,7.42,Monthly,2025-03-07
S6294,adec2cb9-8,Basic,8.46,Monthly,2022-02-05
S6295,df6f7f96-a,Basic,,Yearly,2024-12-29
S6296,a294d79e-e,Standard,15.26,Yearly,2024-03-29
S6297,8cced6c8-0,Basic,19.45,Monthly,2024-03-08
S6298,2e32d8c1-1,Standard,11.03,Monthly,2024-10-18
S6299,34643484-2,Standard,20.82,Yearly,2022-01-20
S6300,c82dceb3-1,Standard,21.9,Yearly,2022-06-14
S6301,ab43544c-c,Standard,3.8,monthly,2024-09-29
S6302,c74f0b09-a,Standard,13.34,Monthly,2022-02-21
S6303,24bfbd25-e,Standard,7.54,Yearly,2025-09-17
S6304,4800bf43-a,Premium,14.17,Yearly,2025-05-14
S6305,5bc858b1-a,Standard,11.99,Yearly,2023-05-14
S6306,a45e71c8-6,Premium,20.82,Monthly,2025-02-28
S6307,a9ab0275-1,Standard,4.28,Monthly,2022-12-15
S6308,a4735ba6-c,Basic,5.67,Yearly,2022-06-24
S6309,bbf9c4dc-b,Standard,12.11,Yearly,2025-01-09
S6310,536c742e-c,Premium,4.93,Yearly,2024-10-01
S6311,df298fc6-8,Standard,21.92,Yearly,2021-11-11
S6312,9732f9c6-6,Standard,20.36,Yearly,2023-07-31
S6313,194c37ec-6,Standard,24.64,Monthly,2024-04-04
S6314,0a847132-4,Basic,9.79,Yearly,2023-03-12
S6315,1b774618-d,Basic,3.04,Monthly,2024-05-30
S6316,288b65af-b,Basic,20.62,Yearly,2024-05-26
S6317,fcffcae4-2,Premium,7.36,Yearly,2023-09-19
S6318,0a87f116-b,Standard,8.84,Monthly,2025-06-04
S6319,d0a60f04-6,Basic,11.11,Y3arly,2023-07-03
S6320,2458bb03-4,Premium,7.36,Yearly,2022-04-15
S6321,eb804ff2-b,Standard,13.23,Monthly,2023-02-21
S6322,dda182d1-7,Standard,23.37,Yearly,2024-05-03
S6323,4bd40c48-a,Standard,22.25,Yearly,2021-07-31
S6324,f22a527b-4,Standard,3.67,Monthly,2021-05-16
S6325,b33cf1d0-e,Premium,6.71,Monthly,2025-06-22
S6326,9d5c7b13-2,Basic,3.53,Yearly,2025-11-19
S6327,b07f07b5-a,Premium,23.2,Yearly,2024-03-24
S6328,c63becee-d,Premium,22.29,Monthly,2023-05-13
S6329,f7b4fd62-8,Premium,7.07,Yearly,2022-10-17
S6330,26959832-f,Premium,20.29,Yearly,2025-04-24
S6331,f57e8019-2,Standard,9.59,Yearly,2023-07-14
S6332,cedac807-3,Basic,22.45,Monthly,2025-05-04
S6333,de7f501f-f,Basic,15.08,,2021-06-01
S6334,519e6f65-2,Premium,16.56,Yearly,2024-06-14
S6335,74291afc-8,Basic,19.48,Yearly,2021-09-21
S6336,a4cc1635-f,Standard,15.41,Yearly,2021-10-01
S6337,c8353aff-4,Premium,20.35,Monthly,2021-04-14
S6338,35911fbc-3,Basic,19.53,Monthly,2022-10-06
S6339,d07962a6-2,Premium,24.76,Monthly,2023-02-26
S6340,983c8902-4,Basic,22.45,Monthly,2023-10-31
S6341,a6f4843d-e,Premium,14.2,Monthly,2025-01-21
S6342,320e3cfa-b,Basic,17.62,Monthly,2024-09-30
S6343,3426202a-b,Standard,21.73,Monthly,2022-09-13
S6344,21ff140a-6,Premium,8.71,Yearly,2025-05-02
S6345,4f52fde8-9,Premium,8.98,Monthly,2025-02-19
S6346,e9a4f32e-a,Premium,18.38,Yearly,2026-01-01
S6347,af0a5f12-b,Standard,13.45,Yearly,2021-12-11
S6348,cb4d5446-1,Standard,3.25,Yearly,2023-11-09
S6349,,Standard,3.38,Yearly,2025-07-27
S6350,09f0c4a5-8,Premium,14.01,Yearly,2022-01-17
S6351,2d384ac2-c,Standard,18.49,Yearly,2025-07-17
S6352,3cafcc1a-3,Premium,11.92,,2023-02-26
S6353,84ad541b-b,Basic,20.23,Monthly,2024-07-13
S6354,91f8a225-4,Premium,24.74,Yearly,2024-12-13
S6355,675c06f5-c,Standard,14.63,Yearly,2025-11-16
S6356,96c75c61-7,Basic,20.86,Yearly,2024-12-14
S6357,fe3be5ea-4,Standard,19.22,Monthly,2025-06-02
S6358,e5a28424-d,Basic,,Yearly,2024-03-04
S6359,9ba6c9f9-a,Basic,8.59,Yearly,2024-08-27
S6360,1f640a30-8,Standard,19.24,Monthly,2022-02-25
S6361,56cc4834-b,Basic,21.11,Yearly,2023-01-24
S6362,45df2d34-d,Premium,7.77,Monthly,2021-09-02
S6363,2f5e61ae-d,Basic,16.1,Monthly,2022-08-22
S6364,244592d6-8,Premium,16.9,Yearly,2024-01-11
S6365,73becb38-c,Premium,4.42,Yearly,2023-11-04
S6366,7fa3b385-e,Basic,18.09,Monthly,2021-11-02
S6367,c98a6bf2-0,Premium,6.23,Monthly,2021-07-19
S6368,52a1dead-b,Basic,13.06,Monthly,2022-07-26
S6369,79206275-c,Basic,17.68,Monthly,2026-01-08
S6370,de1081ab-c,Basic,15.13,Yearly,2025-11-07
S6371,4bd11b2f-8,Premium,14.21,Monthly,2022-12-13
S6372,311edddb-5,Standard,20.45,Yearly,2023-02-12
S6373,bb51d810-a,Standard,12.07,Yearly,2024-07-22
S6374,5774ea45-0,Basic,12.49,Yearly,2023-02-15
S6375,adcc3685-f,Basic,14.09,Monthly,2023-06-07
S6376,75fa370b-2,Basic,15.8,Monthly,2021-12-04
S6377,1c49a4bf-1,Basic,13.66,Monthly,2025-01-25
S6378,4dca7337-8,Standard,12.01,Yearly,2023-12-28
S6379,def5ead1-7,Basic,10.16,Yearly,2023-07-16
S6380,6c753ed8-e,Basic,8.66,Monthly,2024-11-25
S6381,dfe769ff-d,Premium,8.41,Yearly,2024-03-25
S6382,5f07b9ab-b,Premium,8.06,Monthly,2023-11-05
S6383,e83780b8-6,Premium,18.33,Monthly,
S6384,097ecce4-8,Basic,18.15,Monthly,2022-07-05
S6385,72a0c446-a,Basic,6.36,Yearly,2023-12-27
S6386,c6be7866-1,Premium,10.25,Monthly,2022-11-27
S6387,4eb3ce65-d,Premium,9.62,Yearly,2021-10-09
S6388,a8ede91c-3,Basic,23.36,Yearly,2022-06-02
S6389,10251882-b,Standard,20.75,Yearly,2022-01-06
S6390,7f1b2953-0,Standard,18.39,Monthly,2021-05-24
S6391,8886a76a-1,Standard,10.95,Monthly,2023-08-05
S6392,dea81f8d-1,Basic,8.05,Yearly,2022-08-18
S6393,017c06dc-b,Standard,22.04,Monthly,2025-05-04
S6394,1b897a87-6,Basic,13.59,Yearly,2025-11-22
S6395,ff751371-2,Premium,4.13,Yearly,2023-08-25
S6396,d35e670b-0,Standard,10.41,Monthly,2022-08-07
S6397,86b66bdf-4,Premium,7.15,Yearly,2025-05-06
S6398,e91868c0-0,Standard,21.28,Yearly,2023-02-15
S6399,992efca8-8,Premium,15.66,Monthly,2023-06-21
S6400,63600fee-0,Premium,11.65,Yearly,2024-10-14
S6401,cd1b1308-6,Premium,5.1,Yearly,2021-04-13
S6402,6f0ca34b-5,Premium,16.53,Monthly,2025-03-13
S6403,179cbae0-6,Basic,5.39,Yearly,2024-10-11
S6404,00770377-f,Basic,21.31,Monthly,2025-12-18
S6405,007f2e9b-8,Standard,18.5,Monthly,2023-06-04
S6406,2874fa60-3,Premium,,Yearly,2025-03-08
S6407,65e8db38-e,Basic,6.33,Monthly,2021-04-21
S6408,86b454a8-6,Standard,13.73,Yearly,2024-08-28
S6409,d78f2e7e-1,Premium,17.18,Monthly,2025-12-04
S6410,d164eb4a-5,Basic,24.72,monthly,2023-12-09
S6411,f0f22eb5-b,Standard,7.9,Yearly,2024-11-29
S6412,409c9848-d,Basic,18.44,Yearly,2021-06-28
S6413,f5c88c7b-8,Standard,5.74,Monthly,2023-12-22
S6414,e8ad7bbc-1,Standard,22.71,Monthly,2026-01-06
S6415,ee86c42d-7,Standard,16.98,Yearly,2025-09-21
S6416,752b790f-5,Premium,18.68,,2024-06-23
S6417,0bf93226-7,Basic,8.01,Yearly,2021-09-05
S6418,fb0863c2-a,Premium,22.5,Monthly,2023-05-02
S6419,ed9de92b-3,Standard,17.77,Monthly,2024-01-21
S6420,391f5c88-0,Basic,16.57,Yearly,2025-01-11
S6421,afe50077-3,Premium,9.91,monthly,2025-06-24
S6422,9cb1103d-3,Basic,17.68,Monthly,2025-01-26
S6423,f1b98490-4,Standard,6.59,Yearly,2026-01-28
S6424,,Basic,10.7,Monthly,2025-12-05
S6425,ea22e082-7,Premium,3.41,Yearly,2021-05-19
S6426,d4502761-3,Premium,16.55,Yearly,2024-03-07
S6427,64e77112-3,Premium,20.96,Monthly,2025-05-10
S6428,c1127170-d,Basic,14.56,Yearly,2023-05-05
S6429,5f545331-f,Basic,9.18,Yearly,2025-05-31
S6430,102f2a29-6,Basic,10.84,Yearly,2022-05-07
S6431,f694208f-d,Standard,12.05,Yearly,2021-05-23
S6432,ec6cbcf4-4,Premium,18.92,Yearly ,2024-06-30
S6433,c530c975-3,Basic,14.65,Yearly,2024-02-02
S6434,9f71ec88-c,Basic,22.94,Yearly,
S6435,3bd01876-f,Premium,7.61,Yearly,2021-07-13
S6436,98c8ab61-5,Standard,15.01,Monthly,2025-01-27
S6437,b076f55d-d,Standard,24.48,Monthly,2021-05-03
S6438,521532fb-4,Basic,12.32,Monthly,2021-10-15
S6439,df5b394f-5,Premium,9.9,Yearly,2023-10-04
S6440,91802906-e,Premium,7.14,Monthly,2022-05-03
S6441,582b7314-f,Standard,5.26,Monthly,2023-02-14
S6442,028298e1-f,Standard,11.06,Monthly,2023-02-16
S6443,bd047dc6-3,Basic,5.53,Yearly,2024-04-07
S6444,dddd97de-5,Basic,20.1,Yearly,2023-08-15
S6445,976cf1c6-3,Premium,3.26,Monthly,2023-08-25
S6446,d6d203d1-f,Premium,4.69,Yearly,2025-07-02
S6447,7d0e9128-5,Basic,11.76,Yearly,2021-12-08
S6448,af16eccf-9,Standard,17.19,Monthly,2024-11-30
S6449,48401499-2,Standard,17.57,Yearly,2026-02-01
S6450,8243179e-5,Basic,16.01,Monthly,2023-12-19
S6451,f72d7d12-9,Standard,10.81,Monthly,2025-12-14
S6452,b065e8f6-b,Basic,9.42,,2024-01-04
S6453,3d018e1e-f,Basic,22.19,Yearly,2022-11-04
S6454,8879b8d9-d,Basic,23.02,Monthly,2022-12-21
S6455,1889c9e6-0,Basic,22.08,Monthly,2024-02-28
S6456,9dafb03a-f,Standard,15.04,Monthly,2025-01-22
S6457,1b95f91d-9,Basic,8.04,Monthly,2026-01-24
S6458,09624b17-b,Premium,5.97,Monthly,2024-05-01
S6459,b82205a1-9,Basic,3.3,Monthly,2024-09-05
S6460,ceaf908e-6,Basic,5.62,Monthly,2022-06-25
S6461,cc77a587-2,Standard,10.12,Monthly,
S6462,01f090fc-a,Standard,9.11,Yearly,2024-04-12
S6463,5fb748a5-7,Basic,23.24,Monthly,2022-01-27
S6464,4c69e1e7-1,Premium,23.35,Monthly,2021-09-14
S6465,7f2f7971-f,Standard,14.48,Monthly,2025-08-22
S6466,b5348767-6,Premium,4.19,Monthly,2023-07-25
S6467,2d147e84-4,Premium,10.32,Monthly,2023-05-10
S6468,752139af-f,Basic,14.96,Monthly,2024-03-09
S6469,d0f8b960-9,Basic,20.58,Monthly,2022-04-10
S6470,ca4d7597-1,Standard,20.98,Monthly,2026-02-08
S6471,5a727746-6,Premium,7.24,Yearly,2022-04-09
S6472,a7bb38b6-7,Premium,20.67,Yearly,2022-03-21
S6473,44aebc49-4,Premium,8.94,Monthly,2024-09-29
S6474,4a4501b9-8,Basic,5.53,Monthly,2022-08-15
S6475,544e3023-5,Premium,23.83,Yearly,2023-06-08
S6476,f9f65612-5,Premium,13.54,Yearly,2022-07-24
S6477,4b93f2ec-7,Basic,17.1,Yearly,2022-01-29
S6478,25fc50c8-6,Standard,16.24,Yearly,2025-09-04
S6479,5be97eb0-7,Premium,5.88,Monthly,2025-12-04
S6480,8ec385fb-1,Basic,10.42,Monthly,2025-08-16
S6481,c948a068-7,Basic,19.91,Yearly,2024-09-19
S6482,,Basic,14.18,Monthly,2024-07-09
S6483,75370b83-0,Basic,12.27,Yearly,
S6484,aa16aacd-c,Premium,10.1,Monthly,2025-09-15
S6485,4795002b-6,Premium,24.21,Yearly,2021-10-23
S6486,46869d1f-6,Premium,6.98,monthly,2022-07-02
S6487,ae107d68-9,Standard,17.73,Yearly,2024-07-29
S6488,d9a1b7d1-9,Premium,23.08,Yearly,2021-10-26
S6489,9aad49a1-9,Premium,,Monthly,2025-10-22
S6490,47444013-6,Basic,8.66,Yearly,2022-05-03
S6491,,Standard,23.2,Monthly,2025-02-28
S6492,4b05126a-1,Premium,15.46,Monthly,2022-05-02
S6493,2fa17cd0-7,Standard,20.34,Monthly,2022-05-06
S6494,0d7768e1-a,Standard,5.54,Yearly,2025-03-10
S6495,248051d6-8,Basic,7.56,Yearly,2024-01-01
S6496,eb6bebe4-f,Standard,24.06,Monthly,2022-08-11
S6497,15fc9a3e-c,Premium,11.43,Yearly,2022-11-22
S6498,19763f3b-6,Standard ,13.52,Yearly,2023-11-13
S6499,10338eb1-7,Basic,11.71,Yearly,2022-02-05
S6500,9a46b598-2,Premium,16.95,Yearly,2024-06-14
S6501,a8794a31-b,Premium,3.01,Monthly,2023-03-04
S6502,923c9d1b-f,Premium,18.88,Yearly,2024-04-14
S6503,a97dd00d-6,Premium,5.18,Monthly,2024-01-24
S6504,8f031863-f,Basic,24.33,Monthly,2025-05-26
S6505,3b33389a-1,Standard,20.94,Monthly,2021-03-23
S6506,,Premium,15.91,Monthly,2025-11-21
S6507,cd420776-8,Basic,22.5,Monthly,2023-01-17
S6508,a62e45a8-c,Premium,12.31,Yearly,2022-05-31
S6509,e6e9247e-7,Premium,5.25,Yearly,2025-09-08
S6510,9c49d39b-b,Standard,17.98,Yearly,2022-04-01
S6511,814d38c2-f,Standard,14.8,Yearly,2024-04-30
S6512,b39fa870-0,Premium,8.62,Yearly,2025-09-19
S6513,2156bc23-1,Standard,21.35,Yearly,2024-12-16
S6514,2f9d3f45-a,Premium,16.89,Yearly,2021-11-22
S6515,,Standard,19.83,Yearly,2021-03-07
S6516,d6691d1b-5,Premium,15.1,Monthly,2025-01-01
S6517,080761e6-e,Standard,10.99,Yearly,2022-04-23
S6518,78334ea9-d,Basic,16.58,Yearly,2025-03-03
S6519,efc4dba2-2,Premium,20.91,Yearly,2024-04-03
S6520,264640f9-2,Premium,13.87,Monthly,2021-07-27
S6521,3d833225-e,Standard,8.85,Yearly,2022-11-03
S6522,f2f0caa6-2,Basic,10.52,Yearly,2021-09-02
S6523,526e09f3-8,Premium,,Monthly,
S6524,9d08fa13-e,Basic,8.14,Monthly,2022-10-28
S6525,0e39dece-1,Premium,12.77,Yearly,2022-10-16
S6526,00fbd16a-b,Basic,20.37,Monthly,2023-01-16
S6527,a8e5ae51-6,standard,5.89,Yearly,2025-11-17
S6528,58b7a089-7,Standard,21.3,Yearly,2022-12-07
S6529,5be32c16-9,Basic,15.84,Yearly,2025-05-30
S6530,6e7dbe64-9,Standard,,Yearly,2021-10-21
S6531,7e18e8a0-6,Basic,23.07,Monthly,2021-11-21
S6532,1631e30e-6,Standard,17.94,Monthly,2024-12-24
S6533,f5674261-2,Standard,16.1,Yearly,2025-07-08
S6534,c31a8ef3-c,Basic,22.19,Yearly,2022-12-14
S6535,b0f34f14-5,Premium,22.19,Monthly,2021-07-14
S6536,6bd8ae03-1,Premium,17.41,Yearly,2023-02-18
S6537,1d162032-b,Standard,13.93,Yearly,2025-10-18
S6538,9cd2da0f-d,Standard,16.2,Yearly,2023-09-25
S6539,0a8ff1c9-0,Premium,8.97,Monthly,2022-01-12
S6540,a0ac234b-3,Basic,5.06,Yearly,2024-01-04
S6541,e4e590a4-b,Standard,11.14,Yearly,2025-08-27
S6542,8a202437-c,Premium,21.63,Yearly,2021-07-14
S6543,1aa70d8c-7,Standard,9.5,Yearly,2022-10-27
S6544,ef8c3bc9-f,Basic,8.47,Monthly,2023-10-15
S6545,b7e750f4-1,Basic,5.21,Monthly,2021-08-14
S6546,9274d89c-3,Basic,14.38,Monthly,2026-01-03
S6547,6bf6f35e-e,Basic,11.49,Monthly,2021-07-05
S6548,dc408665-b,Standard,16.87,Monthly,2024-08-02
S6549,2d3ad01f-0,Standard,11.44,Yearly,2023-01-03
S6550,ae167be0-6,Premium,18.93,Yearly,2023-12-18
S6551,f37b62dd-9,Premium,12.12,Monthly,2022-09-15
S6552,0fa9b726-3,Premium,22.34,Yearly,2025-04-08
S6553,7654d9bf-f,Basic,8.97,Yearly,2021-05-16
S6554,9c868850-2,Basic,7.17,Monthly,2024-04-12
S6555,bc4e0e8d-5,Premium,10.61,Yearly,2025-02-06
S6556,f3842176-7,Basic,11.51,Yearly,2021-12-26
S6557,a0b47184-f,Basic,23.66,Monthly,2025-10-17
S6558,6d3ba1c6-0,Standard,3.89,Yearly,2021-12-28
S6559,ca5699cc-f,Basic,5.27,Yearly,2022-12-26
S6560,bc8d4d34-0,Standard,21.26,Yearly,2021-12-12
S6561,9fc767ef-a,Premium,11.89,Monthly,2025-01-22
S6562,df159cb3-8,Premium,14.98,Monthly,2021-10-16
S6563,e837cfa4-6,Premium,20.44,Yearly,2023-07-06
S6564,b64bd9aa-4,Premium,12.97,Monthly,2026-01-05
S6565,8af35598-d,Basic,12.54,Monthly,2024-01-11
S6566,735f88c8-b,Premium,12.1,Monthly,2021-06-16
S6567,6c4b7778-6,Basic,17.4,Yearly,2023-02-08
S6568,7e555dae-a,Premium,7.96,Yearly,2026-01-30
S6569,fdd217a9-7,Standard,18.22,Monthly,2021-03-28
S6570,08f99c57-9,Basic,11.77,Monthly,2024-08-04
S6571,bfb035d7-8,Premium,23.7,Monthly,2025-02-16
S6572,5b8ba8a2-6,Basic,6.87,Yearly,2025-07-17
S6573,95d3ddba-1,Standard,10.54,Monthly,2022-04-26
S6574,9edbf96f-4,Basic,14.0,Monthly,2021-05-30
S6575,2ee41f30-9,Premium,8.38,Yearly,2021-02-16
S6576,f5f7eb1a-2,Premium,15.92,Monthly,2021-11-25
S6577,8e6fca64-3,Basic,17.89,Yearly,2023-02-15
S6578,02cafa14-d,Standard,10.41,Yearly,2025-12-10
S6579,e93ca36a-2,Premium,9.2,Monthly,2023-01-05
S6580,2be7740f-3,Standard,22.09,Monthly,2021-07-07
S6581,89000925-a,Standard,19.88,Yearly,2022-09-09
S6582,2ff6ab6c-2,Standard,8.53,Yearly,2025-05-01
S6583,7e5863bd-8,Premium,23.3,Monthly,2025-12-03
S6584,d730e45e-7,Basic,4.96,Monthly,2021-09-24
S6585,fdce983c-f,Basic,24.18,Yearly,2023-03-24
S6586,405e5b6b-f,Premium,10.37,Yearly,2022-07-28
S6587,905bb953-4,Basic,8.09,Monthly,2024-11-22
S6588,13c02b90-7,Standard,9.82,Yearly,2024-03-11
S6589,7c04f7ee-a,Basic,11.52,Yearly,2021-11-19
S6590,ac3c1406-d,standard,6.01,Yearly,2025-07-11
S6591,50775362-e,Basic,15.31,Monthly,2022-08-12
S6592,bdb96f8b-3,Standard,19.4,Monthly,2025-01-29
S6593,d9f047d9-2,,24.91,Monthly,
S6594,6134718b-1,Premium,22.55,Monthly,2024-11-12
S6595,5a2d2f46-b,Standard,20.49,Yearly,2022-07-31
S6596,b925db4b-0,Premium,21.38,Yearly,2022-04-26
S6597,17cd9676-b,Premium,9.46,Yearly,2022-11-13
S6598,6e1d7b22-c,Standard,9.06,Yearly,2025-03-01
S6599,858c9a1d-a,Premium,17.54,Yearly,2022-06-24
S6600,03cb4a01-7,Premium,6.67,Monthly,2023-01-29
S6601,fce9081f-3,Basic,18.93,Yearly,2022-01-20
S6602,f10aaf83-e,Basic,10.22,Yearly,2022-12-03
S6603,be80f2ed-8,Basic,4.62,Yearly,2025-06-18
S6604,f740b139-f,Basic,7.79,Yearly,2023-09-22
S6605,4b5ac024-e,Premium,22.47,Yearly,2024-03-19
S6606,284ae136-7,Premium,16.99,Monthly,2024-08-06
S6607,9e88aede-5,Standard,21.33,Monthly,2022-07-05
S6608,a5355ee1-0,Standard,6.25,Yearly,2021-07-19
S6609,2aefea6b-1,Premium,10.99,Monthly,2024-03-13
S6610,55e8bee2-7,Standard,6.05,Yearly,2021-08-09
S6611,2ca789ce-6,Standard,13.56,Yearly,2025-03-07
S6612,38320470-0,Premium,5.42,Yearly,2025-08-25
S6613,640eed2c-5,Premium,12.25,Yearly,2022-09-28
S6614,5a39d083-b,Standard,9.82,Monthly,2021-05-10
S6615,3e1270d4-c,Premium,19.22,Monthly,2024-12-26
S6616,d513ee88-6,Basic,3.28,Monthly,2021-06-16
S6617,452bf95a-f,Basic,3.93,Yearly,2022-06-22
S6618,2db26290-3,Premium,11.05,Yearly,2025-03-07
S6619,bd0dc2fd-f,Premium,5.51,Yearly,2021-07-26
S6620,0e34523c-a,Standard,9.61,Monthly,2024-08-19
S6621,0fbba927-d,Basic,6.04,Monthly,2022-10-08
S6622,fe72111c-7,Standard,12.71,Monthly,2023-11-29
S6623,,Basic,17.46,Monthly,2024-08-05
S6624,2bf8a0b7-8,Standard,15.01,Monthly,2024-08-23
S6625,a370c06c-3,Standard,5.66,Yearly,2021-03-14
S6626,8326c74e-c,Basic,15.15,Monthly,2022-04-15
S6627,08f038d4-8,Basic,15.11,Yearly,2024-04-16
S6628,3770bc22-0,Basic,18.62,Monthly,2025-04-03
S6629,3d4b1739-e,Basic,24.22,Yearly,2021-10-07
S6630,0eb32842-4,Premium,19.78,Monthly,2023-02-16
S6631,07152790-a,Premium,20.36,Monthly,2026-01-13
S6632,2538f084-b,Basic,8.37,Yearly,2024-09-16
S6633,3b1a4699-0,Premium,13.84,Yearly,2022-04-25
S6634,43f2885d-7,Basic,9.57,Monthly,2024-02-10
S6635,38a3f6a0-c,Premium,13.29,Monthly,2021-08-15
S6636,87745c51-1,Standard,22.32,Yearly,2023-04-23
S6637,87c69892-9,Standard,18.86,Monthly,2023-08-20
S6638,c4491637-a,Standard,15.67,Yearly,2022-12-21
S6639,ed2cd46f-6,Premium,9.93,Monthly,2025-04-09
S6640,2866ef75-1,Basic,17.54,Yearly,2022-09-07
S6641,29736961-3,Standard,9.82,Yearly,2023-02-17
S6642,73177da7-b,Standard,5.58,Monthly,2022-11-14
S6643,5e3caf0a-8,Pr3mium,4.42,Yearly,2025-05-07
S6644,c4e193fc-c,Standard,18.11,Yearly,2024-04-18
S6645,20614469-1,Basic,24.14,Monthly,2022-05-13
S6646,14d145e7-a,Basic,5.86,Yearly,2021-04-29
S6647,50acec9a-a,Standard,7.03,Monthly,2026-01-04
S6648,ddb7da90-3,Basic,22.15,,2022-05-10
S6649,8d0167e3-e,Standard,10.65,Monthly,2021-05-01
S6650,f9d53abe-d,Premium,5.03,Monthly,2023-11-28
S6651,920083c3-c,Standard,16.21,Yearly,2024-04-27
S6652,aa370c0f-2,Premium,16.87,Yearly,2021-05-10
S6653,305c86ba-5,Premium,15.44,Monthly,2022-03-08
S6654,2e51bf42-c,Basic,4.33,Monthly,2024-02-15
S6655,04790691-0,Basic,24.73,Yearly,2022-01-27
S6656,224da552-4,Basic,6.29,Monthly,2026-01-29
S6657,0625bba8-f,Premium,16.55,Yearly,2021-05-11
S6658,570469c4-5,Premium,24.18,Monthly,2023-02-14
S6659,e2f70f3a-7,Premium,15.31,Yearly,2023-01-11
S6660,c0ea2509-8,Standard,22.06,Monthly,2024-12-17
S6661,2689150a-1,Premium,13.07,Monthly,2023-04-10
S6662,6a11d454-b,Standard,11.67,Yearly,2021-03-30
S6663,63c1922e-a,Premium,24.61,Yearly,2023-03-18
S6664,7916b95b-3,Standard,12.6,Monthly,
S6665,d99043eb-d,Premium,14.76,Monthly,2022-03-11
S6666,999784f8-b,Basic,20.41,Monthly,2023-02-04
S6667,2e44327a-6,Standard,7.53,Yearly,2021-08-18
S6668,c268a8b7-0,Premium,4.18,Yearly,2025-04-24
S6669,77757e1e-e,Standard,10.42,Yearly,2022-08-18
S6670,016fd743-c,Basic,3.87,Monthly,2022-06-02
S6671,b5125cd2-5,Basic,23.01,Monthly,2025-07-17
S6672,1c13eca9-d,Basic,16.81,Monthly,2025-03-22
S6673,fbdb51eb-7,Standard,12.04,Yearly,2023-01-07
S6674,5756bae6-f,Standard,19.39,Monthly,
S6675,a016181b-f,Standard,6.5,Yearly,2021-06-05
S6676,4b32fae7-d,Standard,6.78,Yearly,2024-09-11
S6677,086932cf-5,Standard,14.02,Yearly,2021-10-17
S6678,7c5238a2-2,Standard ,14.95,Monthly,2024-12-19
S6679,37b4b02d-f,Standard,6.35,Monthly,2022-10-17
S6680,5dae618d-b,Standard,19.44,Yearly,2025-09-19
S6681,d6b4d207-8,Basic,20.27,Yearly,2023-07-24
S6682,9c523719-3,Standard,13.08,Yearly,2021-03-11
S6683,de205015-1,Standard,6.15,Monthly,2022-06-01
S6684,2e152024-2,Premium,21.79,Monthly,2025-10-10
S6685,7a937d13-7,Basic,9.63,Yearly,2021-04-28
S6686,f4117a8f-c,Basic,19.6,Monthly,2023-09-09
S6687,cee96d44-2,Basic,24.95,Monthly,2022-04-08
S6688,3a308087-f,Standard,9.38,Monthly,2023-12-06
S6689,07e3eda4-4,Standard,24.0,Yearly,2021-06-16
S6690,e3dc034d-2,Premium,22.13,Monthly,2023-08-20
S6691,d718119e-9,Standard,17.37,Monthly,2024-02-01
S6692,,Standard,5.82,Monthly,2024-01-23
S6693,4afedef3-5,Standard,10.42,Yearly,2023-09-26
S6694,fc2c18c5-6,Standard,5.1,Yearly,2025-01-09
S6695,593b35e8-1,Premium,14.45,Yearly,2021-12-23
S6696,8add1fac-6,Basic,16.25,Monthly,2025-09-30
S6697,34b9721a-e,Basic,7.88,Yearly,2022-09-06
S6698,a7a5bf10-5,Standard,24.37,Monthly,2024-04-06
S6699,4cacdd38-5,Basic,17.56,Yearly,2024-07-02
S6700,0c2b9e5e-8,Standard,16.55,Yearly,2025-10-23
S6701,7d1a27fd-b,Premium,20.76,Yearly,2023-10-06
S6702,a35068a0-a,Premium,11.09,Monthly,2023-07-29
S6703,2033810b-8,Standard,4.06,Monthly,2025-05-22
S6704,c7bf3099-c,Basic,6.69,Yearly,2023-10-17
S6705,c4968768-1,Basic,21.89,Yearly,2023-01-15
S6706,d14d48f5-a,Premium,6.16,Monthly,2023-01-21
S6707,0442734b-2,Standard,14.79,Monthly,2024-07-19
S6708,675bf49b-0,Premium,5.16,Yearly,2023-10-16
S6709,8260476e-2,Standard,3.91,Yearly,2024-02-14
S6710,bcf790fd-6,Basic,12.19,Yearly,
S6711,a10013d4-b,Premium,11.15,Yearly,2021-06-13
S6712,118acc0c-8,Basic,6.1,Monthly,2023-05-02
S6713,5f7fb38e-4,Standard,12.36,Yearly,
S6714,24f5eebe-b,Premium,23.11,Monthly,2023-07-05
S6715,52ce99b8-9,Premium,13.39,Monthly,2022-04-08
S6716,c6834478-4,Standard,17.81,Yearly,2022-01-22
S6717,d07bcfe6-c,Standard ,16.39,Monthly,2023-06-08
S6718,e7d9bd9e-8,Basic,14.28,Yearly,2024-02-14
S6719,534fede9-7,Standard,4.63,Monthly,2022-12-16
S6720,d47ec55d-2,Standard,14.02,Monthly,2025-11-12
S6721,41b12d30-b,Basic,13.43,Monthly,2025-01-28
S6722,6b254781-f,Basic,6.47,Yearly,2023-09-15
S6723,52532581-a,Standard,10.06,Yearly,2023-10-02
S6724,9c770dfc-4,Premium,10.36,Monthly,2023-05-02
S6725,54113de2-c,Basic,3.04,Yearly,2023-10-06
S6726,33364f72-c,Premium,16.21,Monthly,2023-09-27
S6727,10343e1b-9,Basic,15.88,Monthly,2025-04-09
S6728,6e2aae5d-1,Standard,8.07,Monthly,2023-10-01
S6729,5a480ca1-9,Premium,14.71,Yearly,2025-06-28
S6730,fb04427b-6,Premium,4.92,Monthly,2022-01-23
S6731,bfa0cf03-8,Basic,6.24,Yearly,2022-08-17
S6732,d65e067f-2,Standard,16.1,Monthly,2022-04-14
S6733,b3d1fc63-7,Standard,13.89,Yearly,2021-05-04
S6734,51cf12fb-0,Standard,3.61,Yearly,2025-09-11
S6735,edeaec65-a,Basic,17.3,Yearly,2021-12-08
S6736,3cab26c6-4,Premium,5.13,Monthly,2021-05-06
S6737,b3a2b7bd-2,Standard,6.71,Monthly,2024-01-03
S6738,74b1e404-6,Standard,7.21,Monthly,2023-10-22
S6739,ccf1a796-9,Standard,18.08,Monthly,2024-05-11
S6740,e31216e6-d,Standard,14.78,Yearly,2023-04-27
S6741,523a9332-5,Standard,19.68,Monthly,2021-04-10
S6742,8ace70c4-5,Standard,15.52,Yearly,2023-12-29
S6743,4462dac8-2,Premium,21.37,Monthly,2021-10-08
S6744,f66f74af-7,Basic,4.55,Yearly,2022-04-11
S6745,048659a3-6,Standard,21.69,Monthly,2024-12-15
S6746,3359bc54-e,Premium,4.19,Yearly,2024-05-12
S6747,6b4eec79-d,Basic,13.1,Yearly,2023-04-21
S6748,baa5469d-5 ,Standard,3.01,Monthly,2024-09-07
S6749,dbce5056-e,Standard,8.11,Monthly,2024-12-20
S6750,5f94e10d-0,Standard,7.18,Yearly,2022-09-09
S6751,ece4c381-0,Standard,8.81,Yearly,2025-12-16
S6752,e3df5da9-f,Standard,16.42,Yearly,2024-05-10
S6753,345b4306-2,Premium,14.21,Yearly,2022-08-05
S6754,,Standard,3.35,Monthly,2023-06-15
S6755,bf17add6-1,Premium,6.01,Monthly,2022-12-08
S6756,d00d8575-6,Standard,6.45,Monthly,2021-12-24
S6757,07da52ec-6 ,Premium,19.44,Monthly,2024-07-09
S6758,34184ec8-5,Basic,11.69,Monthly,2023-03-26
S6759,3d42518a-f,Premium,13.32,Monthly,2025-07-09
S6760,1b011742-b,Basic,8.47,Yearly,2022-10-21
S6761,f497e45d-5,Standard,16.79,Yearly,2024-03-25
S6762,d384e7a5-f,Standard,13.79,Monthly,2026-01-07
S6763,888ba338-b,Premium,18.85,Yearly,2023-02-15
S6764,795fb143-3,Standard,17.48,Monthly,2021-06-30
S6765,fc0a55da-5,Basic,7.93,Monthly,2023-10-01
S6766,58563b2a-b,Basic,8.73,Monthly,2022-04-10
S6767,6e6821e7-3,Basic,6.88,Monthly,2024-07-15
S6768,a2df320b-9,Standard,24.37,Yearly,2021-11-26
S6769,9f07dab3-d,Basic,19.8,Monthly,2024-09-20
S6770,a393e427-c,Basic,3.47,Yearly,2024-07-25
S6771,368bc8cb-2,Basic,8.57,Monthly,2021-04-13
S6772,277559a5-4,Basic,24.34,Yearly,2024-04-09
S6773,af818936-6,Premium,15.81,Monthly,2023-06-08
S6774,d0027c5e-b,Standard ,14.06,Monthly,2025-02-24
S6775,3ffbabca-a,Standard,5.83,Yearly,2024-09-11
S6776,71ae6c26-f,Standard,8.83,Monthly,2024-09-10
S6777,1f64d1a8-3,Basic,10.96,Monthly,2024-11-30
S6778,3f4565a6-7,Premium,19.25,Yearly,2024-06-13
S6779,36b809ed-7,Standard,4.53,Monthly,2023-06-04
S6780,fa733e25-9,Standard,17.14,Monthly,2022-07-07
S6781,268e6682-2,Standard,5.32,Yearly,2023-03-14
S6782,38e04c6e-c,Standard,5.35,Monthly,2025-02-20
S6783,2edb2733-5,Premium,24.61,Yearly,2025-04-10
S6784,d4b615e0-3,Premium,19.17,Monthly,2023-10-26
S6785,193f7d86-b,Standard,23.95,Yearly,2024-01-10
S6786,9401fc99-e,Basic,6.08,Yearly,2022-10-30
S6787,ba17fe78-1,Standard,21.92,Monthly,2025-04-17
S6788,17b88297-6,Standard,5.23,Monthly,2024-06-28
S6789,d935576f-2,Premium ,16.95,Monthly,2023-07-14
S6790,41e1187b-4,Premium,14.52,Yearly,2022-10-02
S6791,3ddfdf47-c,Basic,7.6,Monthly,2023-01-21
S6792,282a4955-3,Basic,6.29,Monthly,2021-06-16
S6793,b02c82d7-c,Basic,8.66,Yearly,2023-05-29
S6794,67822d71-4,Basic,13.2,Yearly,2026-02-02
S6795,47efb010-d,Basic,6.82,Monthly,2021-02-11
S6796,a2ba20ce-c,Basic,13.77,,2023-05-06
S6797,e1eb7069-8,Standard,16.03,Yearly,2025-05-17
S6798,920a7768-4,Standard,15.26,Monthly,2024-06-08
S6799,60e7c862-2,Standard,5.43,Monthly,2022-04-16
S6800,10b12fc8-7,Basic,18.16,Yearly,2021-11-30
S6801,0ea46447-0,Standard,22.2,Monthly,2026-01-23
S6802,fcb8278d-2,Standard,4.62,Yearly,2021-12-07
S6803,9cd24833-6,Premium,5.76,Monthly,2024-01-23
S6804,05f4fcd5-e,Basic,5.53,Yearly,2024-11-04
S6805,26a0a8ea-9,Standard,11.62,Monthly,2022-11-01
S6806,d320e42e-d,Standard,23.78,Yearly,2024-12-03
S6807,6cf0b1b7-9,Basic,12.39,Yearly,2021-08-14
S6808,3b1cf761-a,Standard,22.71,Yearly,2025-01-30
S6809,e0797a4b-0,Basic,9.3,Monthly,2023-04-18
S6810,1a20250d-1,Basic,9.67,Monthly,2024-12-21
S6811,4b793d79-5,Basic,13.59,Yearly,2022-02-04
S6812,bf5c597c-e,,11.19,Yearly,2024-07-16
S6813,5a339a3d-9,Standard,4.32,Monthly,2022-11-30
S6814,2ed4f6e5-e,Premium,12.25,Monthly,2024-10-07
S6815,1d95ec65-d,Standard,11.6,Yearly,2024-05-01
S6816,6c7816f5-c,Standard,9.58,Yearly,2025-01-20
S6817,9d153e3a-1,Basic,,Yearly,2025-10-18
S6818,a49003db-2,Standard,7.35,Monthly,2021-12-18
S6819,5d03a98d-3,Premium,13.48,Monthly,2022-11-29
S6820,6f85607a-3,Standard,16.74,Monthly,2021-11-25
S6821,88a5cf92-7,Standard,8.0,Yearly,2021-09-07
S6822,5fd22d1d-1,Standard,10.13,Yearly,2024-06-28
S6823,0acc9057-3,Premium,20.47,Monthly,2022-12-26
S6824,f6a813cb-9,Premium,11.85,Yearly,2021-11-05
S6825,2a004caf-b,Premium,3.58,Monthly,2022-11-02
S6826,24ba6e7d-2,Standard,6.86,Monthly,2022-11-23
S6827,f945631c-8,Premium,24.04,Yearly,2023-12-22
S6828,1d07ab69-b,Standard,17.91,Yearly,2022-11-13
S6829,2a5fd673-4,Premium,6.97,Yearly,2025-12-03
S6830,a8232aed-3,Basic,12.1,Yearly,2025-05-29
S6831,91ae2e52-9,Basic,7.66,Yearly,2025-02-14
S6832,e90131e6-a,Standard,17.52,Yearly,2021-05-12
S6833,62859712-b,Basic,15.56,Yearly,2021-06-20
S6834,3023f866-1,Standard,5.6,Yearly,2022-01-19
S6835,c338fadf-5,Premium,21.67,Monthly,2021-03-05
S6836,7f8bc3b9-a,Basic,,Monthly,2022-08-05
S6837,da91d60e-8,Premium,16.88,Yearly,2025-11-27
S6838,e93ad62d-4,Premium,11.15,Yearly,2023-07-20
S6839,399b520c-2,Premium,12.85,Monthly,2024-09-27
S6840,b5947a00-8,Basic,22.55,Yearly,2024-09-11
S6841,f974fc62-4,Standard,6.9,Yearly,2021-10-28
S6842,cfda116f-b,Standard,7.63,Monthly,2021-09-08
S6843,3c1b52b7-e,Basic,5.04,Monthly,2025-11-03
S6844,1fb9495d-1,Standard,9.05,Yearly,2021-12-18
S6845,3240fb5d-4,Standard,,Monthly,2023-06-19
S6846,c78869d3-3,Premium,18.15,Monthly,2024-06-22
S6847,47458096-6,Basic,6.63,Monthly,2023-03-05
S6848,7b5774e7-5,Premium,20.2,Monthly,2022-03-12
S6849,,Standard,13.17,Yearly,2022-04-23
S6850,3190e815-2,Basic,6.3,Yearly,2023-05-20
S6851,45b06313-c,Basic,14.61,Yearly,2022-06-03
S6852,a69ad74f-7,Standard,16.88,Yearly,2023-12-26
S6853,3e4c9048-5,Basic,12.57,Yearly,2023-09-05
S6854,d0b12c2f-6,Basic,18.45,Yearly,2023-03-28
S6855,eaccb5c6-2,Premium,7.5,Yearly,2024-11-17
S6856,d3037062-8,Basic,14.03,Monthly,2021-08-29
S6857,57888213-f,Standard,6.55,Yearly,2021-10-08
S6858,6905028d-4,Standard,14.07,Monthly,2021-07-20
S6859,56e6d82c-5,Basic,23.37,Yearly,2022-01-21
S6860,91aa59e3-2,Premium,3.63,Monthly,2025-07-17
S6861,cb6f1214-e,Premium,5.56,Yearly,2023-02-14
S6862,daee525e-7,Premium,11.98,Monthly,2023-10-15
S6863,96e163d8-e,Standard,10.12,Yearly,2021-08-04
S6864,7edcd546-f,Standard,5.78,Yearly,2022-06-16
S6865,73cb1695-d,Premium,7.03,Monthly,2024-04-19
S6866,0639ff0d-8,Standard,4.88,Yearly,2021-06-01
S6867,4d023b95-e,Standard,3.84,Monthly,2023-12-23
S6868,e5b3e6aa-6,Basic,12.65,Yearly,2025-11-26
S6869,f49a226d-0,Premium,13.79,Yearly,2021-05-18
S6870,a5ae8caf-5,Premium,10.59,Monthly,2024-12-19
S6871,a5775cce-8,Premium,12.45,Yearly,2025-05-27
S6872,38820116-2,Premium,9.41,Monthly,2024-07-02
S6873,e8f534d2-c,Standard,23.49,Yearly,2021-11-28
S6874,9048d129-4,Standard,12.58,Yearly,2025-04-07
S6875,5f8db359-f,Standard,24.37,Yearly,2024-12-07
S6876,6719c5c8-3,Premium,6.59,Monthly,2024-11-27
S6877,0411b174-6,Premium,20.23,Monthly,2025-08-01
S6878,cc139aea-9,Basic,23.04,Yearly,2021-02-09
S6879,3794c422-a,Standard,8.32,Yearly,2025-02-10
S6880,04b77349-0,Basic,18.15,Yearly,2024-01-01
S6881,140be7b6-5,Premium,20.79,Monthly,2023-02-16
S6882,f4441b76-a,Standard,13.38,Yearly,2023-01-16
S6883,8d8fbbb6-0,Basic,20.81,Monthly,2025-07-31
S6884,60151b88-b,Basic,4.75,yearly,2022-03-07
S6885,c8566d6b-b,Standard,21.52,,2022-07-06
S6886,6795601e-0,Basic,18.99,Monthly,2025-10-21
S6887,aed3442a-b,Premium,18.9,Yearly,2022-05-17
S6888,f416b14c-9,Premium,9.24,Monthly,2024-10-14
S6889,3ddb1d88-6,Standard,,Monthly,2023-12-23
S6890,64b019a3-0,Standard,21.56,Yearly,2023-11-25
S6891,7f16f887-0,Basic,21.18,Yearly,2021-09-01
S6892,28cb7cef-7,Premium,21.01,Yearly,2022-01-28
S6893,,Standard,7.08,Monthly,2023-05-28
S6894,5566bde8-a,Standard,13.81,Yearly,2022-04-29
S6895,61589523-c,Premium,17.88,Yearly,2026-01-29
S6896,fa946c8b-2,Standard,14.05,Monthly,2021-07-05
S6897,0e5fa6fe-c,Basic,14.57,Yearly,2022-05-22
S6898,06b804a5-4,Basic,19.82,Yearly,2021-04-07
S6899,4fb6ad80-3,Standard,4.75,Monthly,2023-12-20
S6900,d80fbeca-9,Standard,8.55,Monthly,2023-11-20
S6901,e3793e7a-2,Basic,16.51,Monthly,2021-11-06
S6902,d43d3e49-e,Standard,3.2,Yearly,2023-07-21
S6903,332834e8-5,Premium,23.91,Yearly,2023-03-29
S6904,96122065-7,Premium,5.81,Yearly,2021-05-28
S6905,263d7ba0-7,Premium,13.31,Yearly,2025-03-15
S6906,6a574664-4,Premium,20.94,Yearly,2023-12-16
S6907,,Basic,16.64,Monthly,2022-01-12
S6908,5a2187c8-b,Premium,17.24,Yearly,2023-11-16
S6909,d2aa1011-1,Basic,7.96,Yearly,2023-07-11
S6910,ada3a7b4-0,Standard,8.32,Monthly,2021-07-13
S6911,87fa3be8-f,Premium,8.66,Monthly,2022-01-18
S6912,1662cf8f-0,Basic,22.81,Monthly,2021-06-05
S6913,5618a361-8,Standard,8.23,Monthly,2021-08-03
S6914,59cbf88b-4,Standard,11.29,Monthly,2024-06-30
S6915,af15d853-0,Basic,24.62,Monthly,2023-11-08
S6916,60fe18b7-c,Premium,13.96,Yearly,2021-09-20
S6917,b74e1c6c-c,Basic,12.28,Monthly,2025-05-07
S6918,243da902-0,Premium,11.76,Yearly,2021-11-27
S6919,7267fdcb-c,Standard,3.66,Monthly,2022-02-19
S6920,00863768-0,Premium,19.07,Monthly,2025-02-17
S6921,1c83ad8a-3,Basic,15.51,Yearly,2025-08-06
S6922,c96c3e31-b,Basic,4.18,Monthly,2021-03-01
S6923,36e7614a-3,Standard,20.53,Yearly,2022-06-03
S6924,a1603c8a-b,Standard,22.1,Yearly,
S6925,28c3634f-4,Premium,20.52,Monthly,2023-07-08
S6926,f3db4d71-a,Standard,8.8,Yearly,2025-08-11
S6927,c7c7b7eb-d,Standard,22.5,Yearly,2023-11-21
S6928,4e0538f5-8,Standard,16.61,Monthly,2023-03-08
S6929,39b7d33c-6,Premium,24.44,Yearly,2023-05-01
S6930,1e2a51ed-3,Basic,19.29,Yearly,2024-04-29
S6931,5ada7e9e-8,Standard,22.92,Yearly,2022-10-27
S6932,67b6879b-8,Standard,11.38,Yearly,2024-08-07
S6933,ab67b018-a,Premium,7.08,Monthly,2021-04-06
S6934,b6b29a87-b,Standard,13.24,Yearly,2022-01-28
S6935,a9dac2c8-a,Standard,23.65,Monthly,2024-04-18
S6936,d56c6226-b,Premium,18.23,Yearly,2023-12-19
S6937,93193410-b,Premium,14.98,Yearly,2026-01-25
S6938,b7fb600f-0,Basic,14.59,Monthly,2026-01-10
S6939,c4a33639-a,Premium,7.05,Yearly,2024-05-26
S6940,bc44ff9d-8,Premium,20.76,Yearly,2022-10-28
S6941,8fcc20bc-1,Basic,18.69,Yearly,2025-02-27
S6942,ac99b869-5,Basic,6.68,Yearly,2024-05-26
S6943,1c6e635c-2,,8.3,Monthly,
S6944,f2c52650-5,Basic,20.1,Monthly,2026-01-16
S6945,033e8d38-b,Basic,6.35,Yearly,2025-08-15
S6946,ff3c9670-7,Basic,3.68,Monthly,2022-07-02
S6947,6af13eb9-5,Premium,14.58,Monthly,2022-10-21
S6948,2fdf2d24-b,Basic,24.1,Yearly,2021-03-06
S6949,3e2047eb-1,Basic,18.38,Yearly,2024-07-08
S6950,e32be1c7-6,Basic,14.34,Yearly,2023-12-28
S6951,be7eb55a-7,Premium,14.7,Yearly,2021-08-01
S6952,fc544170-4,Standard,18.28,Monthly,2023-01-21
S6953,8f97dc1c-f,Basic,14.93,Monthly,2022-04-03
S6954,e58c72c7-3,Basic,19.99,Monthly,2022-11-24
S6955,af6c04fd-5,Standard,4.6,Yearly,2023-10-31
S6956,a4da0a26-7,Premium,20.12,Monthly,2025-12-09
S6957,f821fbdd-6,Basic,4.81,Yearly,2024-03-20
S6958,f7dca9cd-0,Premium,16.15,Monthly,2021-08-11
S6959,78e4a7ce-6,Premium,5.57,Monthly,2021-11-24
S6960,6e02b970-a,Basic,12.73,Monthly,2023-08-26
S6961,9d65f800-7,Premium,3.83,Yearly,2024-12-06
S6962,aa6e011d-7,Basic,23.13,Monthly,2022-05-25
S6963,9893dd7e-2,Basic,12.68,Monthly,2025-04-05
S6964,c023a5d4-a,Premium,12.55,Monthly,2025-01-21
S6965,6830cff8-9,Basic,5.18,Yearly,2023-01-16
S6966,f128d671-3,Standard,9.59,Monthly,2024-11-11
S6967,323508e6-7,Standard,10.47,Yearly,2021-12-31
S6968,4439a163-4,Premium,9.58,Yearly,2024-08-01
S6969,73d147fd-9,,7.91,Yearly,2021-03-03
S6970,4eb0540b-2,Basic,7.82,Monthly,2024-02-29
S6971,c7e7c5c6-5,Basic,13.95,Monthly,2024-06-15
S6972,49b0c286-3,Basic,4.01,Monthly,2023-12-10
S6973,ba91832c-1,Standard,23.63,Monthly,2023-09-03
S6974,7211197b-3,Basic,14.83,Yearly,2023-08-03
S6975,6e89b2bf-8,Premium,23.83,Monthly,2021-05-28
S6976,9c1bf7c5-1,Basic,5.71,Monthly,2022-11-24
S6977,c5557c4c-0,Standard,13.23,Yearly,2021-11-12
S6978,f26c0755-9,Premium,10.65,Yearly,2025-07-06
S6979,20ef9c8a-d,Basic,11.99,Yearly,2025-04-11
S6980,561bcd57-f,Premium,15.9,Yearly,2021-04-01
S6981,b6b96e58-7,Basic,14.13,Yearly,2023-11-14
S6982,2c598106-d,Standard,4.76,Yearly,2021-08-06
S6983,36467ede-2,Standard,3.92,Monthly,2021-08-05
S6984,88d132d5-8,Premium,6.56,Yearly,2025-05-21
S6985,a691b03c-6,Standard,20.26,Monthly,2022-03-03
S6986,860791e4-1,Premium,20.31,Monthly,2025-09-08
S6987,39e037bd-6,Basic,9.91,Monthly,2022-02-28
S6988,a67bc589-d,Basic,16.29,Yearly,2024-11-04
S6989,d870ad89-d,Premium,5.89,Monthly,2023-03-22
S6990,be7e72df-e,Basic,12.21,Yearly,2023-03-01
S6991,96cb4d33-4,Premium,7.51,Yearly,2024-10-26
S6992,54bf6d21-0,Basic,13.81,Monthly,2025-06-19
S6993,b4d1eb66-6,Premium,9.03,Monthly,2024-02-02
S6994,da25a99d-5,Premium,5.26,Yearly,2021-10-26
S6995,d2669efa-4,Premium,23.49,Yearly,2023-01-29
S6996,d1f64f8c-a,Standard,18.58,Monthly,2025-05-24
S6997,5faff124-6,Standard,18.88,Monthly,2023-06-08
S6998,6f39ac08-1,Standard,11.95,Yearly,2021-04-08
S6999,bc328776-7,Basic,11.4,Yearly,2024-11-25
S7000,,Basic,5.13,Monthly,2023-05-15
S7001,f2294892-6,,24.02,Monthly,2021-07-18
S7002,24e3480b-f,Standard,,Yearly,2025-07-24
S7003,786944df-f,Premium,7.05,Yearly,2023-09-30
S7004,49e27481-2,Standard,19.88,Yearly,2022-06-03
S7005,ce1b731a-2,Standard,22.93,Monthly,2023-12-19
S7006,fc4c9787-d,Standard,12.16,Yearly,2022-09-30
S7007,7e1d3570-6,Basic,10.11,Monthly,2022-08-08
S7008,5496a022-e,Basic,23.79,Monthly,2025-11-16
S7009,5cd96ada-0,Standard,19.13,Monthly,2024-11-10
S7010,9589d8a4-e,Basic,11.01,Yearly,2025-05-22
S7011,ce489e68-0,Standard,16.4,Yearly,2021-12-20
S7012,a940302d-d,Basic,3.98,Yearly,2021-06-18
S7013,78beef50-4,Premium,15.31,,2021-05-30
S7014,63120e1f-5,Premium,7.09,Yearly,2021-07-16
S7015,1d5c15ce-5,Basic,21.99,Yearly,2023-09-05
S7016,143e1ff7-4,Standard,23.44,Monthly,2025-05-10
S7017,613e027f-3,Basic,12.86,Yearly,2024-07-11
S7018,8f306d58-c,Premium,19.07,Monthly,2022-12-24
S7019,66f5738c-7,Basic,10.19,Monthly,2023-12-23
S7020,d7c9685d-7,Basic,24.77,Monthly,2025-02-17
S7021,6015c7f8-2,Basic,17.48,Yearly,2022-08-27
S7022,d0bfc53b-3,Basic,4.52,Yearly,2025-08-01
S7023,95ba9983-d,Standard,6.2,Yearly,2024-05-29
S7024,c3a7918b-2,Basic,5.16,Yearly,2025-04-29
S7025,66c7c473-b,Basic,9.62,Monthly,2023-06-01
S7026,e244ac78-e,Standard,16.05,Monthly,2025-11-20
S7027,4c105e47-7,Basic,13.53,Yearly,2025-11-09
S7028,e59e3041-7,Premium,7.02,Monthly,2024-02-21
S7029,930f5cf2-d,Standard,10.98,Yearly,2023-10-07
S7030,34e8ae33-8,Standard,13.0,Monthly,2023-12-28
S7031,0f7bebf5-0,Premium,6.67,Monthly,2024-04-05
S7032,5a556c12-b,Basic,3.27,Monthly,2022-08-22
S7033,8e437956-b,Standard,6.65,Monthly,2025-09-17
S7034,ad820331-6,Premium,3.24,Yearly,2025-12-10
S7035,5dff13cd-5,Standard,17.39,Monthly,2021-04-18
S7036,e9d205b5-0,Premium,9.15,Monthly,2025-07-02
S7037,acbe52b9-f,Basic,21.37,Yearly,2024-03-08
S7038,410fed09-b,Basic,17.56,Yearly,2022-02-08
S7039,562ebb23-f,Standard,24.65,Yearly,2021-05-20
S7040,e258ce36-1,Standard,4.54,Yearly,2022-07-24
S7041,73630957-7,Standard,16.91,Monthly,2022-02-05
S7042,,Premium,12.6,Monthly,
S7043,b12e5baa-9,Premium,12.78,Monthly,2025-08-20
S7044,57826c52-c,Premium,21.11,Yearly,2024-09-22
S7045,c40a92b6-4,Basic,14.56,Yearly,2023-07-05
S7046,1d8cfde5-a,Basic,20.12,Monthly,2025-04-13
S7047,f7aa309c-9,Premium,4.57,Monthly,2026-02-08
S7048,ca7fbe96-e,Basic,3.52,Monthly,2022-11-29
S7049,9175b1d9-b,Basic,11.11,Monthly,2025-12-15
S7050,821da69d-9,Premium,14.86,Monthly,2023-12-05
S7051,ea726b80-e,Standard,9.81,Yearly,2024-05-21
S7052,9ca69ee3-f,Basic,19.01,Yearly,2021-12-22
S7053,da8afbd3-b,Premium,17.13,Monthly,2025-04-22
S7054,8bdafb77-8,Standard,14.31,Monthly,2026-01-27
S7055,379fd1d1-c,Basic,10.41,Monthly,2022-12-14
S7056,fbc245fd-a,Standard,11.88,Monthly,2025-03-29
S7057,9d8e1351-f,Basic,10.68,Yearly,2024-07-31
S7058,1566be85-3,Basic,17.67,,2024-04-30
S7059,502269f5-d,Standard,14.67,Monthly,2021-09-25
S7060,027e17a6-4 ,Standard,10.65,Yearly,2021-10-07
S7061,48736c3f-b,Premium,9.56,Monthly,2021-07-07
S7062,c2b5fd5d-d,Basic,22.74,Monthly,2022-02-09
S7063,e3a9eb04-b,Premium,10.66,Monthly,2024-04-19
S7064,4713b74c-9,Basic,6.96,Yearly,2022-11-03
S7065,ad1b591c-9,Premium,7.32,Yearly,2022-03-10
S7066,d50d9325-5,Basic,3.38,Yearly,2025-04-14
S7067,82a53000-a,Basic,20.54,Yearly,2025-07-26
S7068,3ea13105-8,Premium,16.38,Monthly,2025-11-12
S7069,d532b691-c,Standard,11.82,Monthly,2021-07-26
S7070,52325a8c-2,Standard,16.52,Monthly,2024-12-28
S7071,69c0971a-c,Standard,22.82,Monthly,2024-04-06
S7072,aafc75b5-0,Premium,18.12,Yearly,2021-06-25
S7073,dcbfda05-2,standard,10.86,Monthly,2022-04-28
S7074,af6fa573-f,Basic,18.48,Monthly,2024-10-22
S7075,65d14c74-8,Basic,9.61,Monthly,2022-09-18
S7076,832c282e-8,Standard,4.66,Yearly,
S7077,efdc30e2-a,Standard,11.42,Yearly,2024-10-02
S7078,1d2e00c3-7,Premium,6.36,Monthly,2021-12-05
S7079,bf3704a2-0,Basic,18.05,Yearly,2022-02-07
S7080,f47bf133-3 ,Basic,15.15,Yearly,2025-11-20
S7081,d344a456-2,Premium,3.68,Yearly,
S7082,6cefa307-4,Standard,3.04,Monthly,2022-07-17
S7083,31f482c4-d,Basic,13.51,Yearly,2022-11-15
S7084,5cb344fd-6,Basic,13.42,Monthly,2023-05-24
S7085,c0799a3f-d,Premium,17.74,Yearly,2023-10-11
S7086,29db7cf5-f,Basic,19.41,Monthly,2022-06-29
S7087,9852c015-8,Premium,17.54,Yearly,2025-10-24
S7088,64d74ce7-7,Premium,22.34,Monthly,2022-05-07
S7089,92d915e0-d,Basic,5.23,Monthly,2024-02-04
S7090,ee54a0db-9,Premium,13.87,Yearly,2021-08-17
S7091,3782d545-9,Standard,6.42,Monthly,2022-01-17
S7092,63a7bf1d-c,Basic,13.1,Yearly,2023-12-04
S7093,4fe97e5c-c,Standard,5.42,Yearly,2022-09-18
S7094,c13bb1a6-d,Premium,21.75,Yearly,2022-08-13
S7095,95c4b276-1,Basic,17.76,Yearly,2021-07-05
S7096,80bf653c-8,Standard,8.1,Yearly,2022-10-30
S7097,4502f3e4-a,Premium,7.85,Yearly,2023-03-31
S7098,ae9c14e9-3,Basic,8.53,Yearly,2021-09-20
S7099,3c14648b-a,Basic,9.73,Yearly,2022-08-14
S7100,0da0c18f-9,Premium,17.87,Yearly,2023-08-30
S7101,1a0a4adf-5,Premium,4.66,Monthly,2023-05-23
S7102,54ef8ead-5,Premium,6.07,Yearly,2021-10-13
S7103,0c97717a-1,Basic,4.9,Yearly,2021-10-21
S7104,1ecea2e0-0,Standard,8.28,Yearly,2022-03-12
S7105,2aac4fbb-0,Basic,14.28,Monthly,2024-12-02
S7106,8d20179f-4,Premium,,Yearly,2023-06-24
S7107,c2c704ee-a,Standard,10.67,Yearly,2023-03-11
S7108,dd681c44-7,Premium,23.61,Yearly,2025-06-19
S7109,04fdc17a-9,Premium,14.68,Yearly,2021-06-24
S7110,99aeb7de-7,Premium,5.68,Monthly,2024-02-19
S7111,cf9a2de3-3,Basic,14.6,Monthly,2024-07-07
S7112,f143b678-2,Standard,11.64,Monthly,2025-01-06
S7113,75b81a17-0,Standard,24.08,Yearly,2021-09-18
S7114,780ef8ac-f,Premium,8.63,Monthly,2024-02-24
S7115,928a823a-6,Premium,18.53,Yearly,2024-02-19
S7116,7976917a-7,Standard,4.25,Monthly,2022-09-13
S7117,e7be976d-3,Standard,18.04,Yearly,2022-04-03
S7118,149aa5c0-5,Premium,23.01,Monthly,2023-12-26
S7119,f3872956-8,Standard,16.54,Yearly,2022-12-06
S7120,2041e6fe-4,Basic,7.97,Yearly,2021-02-25
S7121,178e982b-7,Premium,18.2,Monthly,2021-04-29
S7122,18632ec3-d,Premium,11.2,Yearly,2021-06-21
S7123,ffc69193-a,Basic,4.83,Monthly,2021-06-19
S7124,22f25e9a-5,Standard,22.14,Monthly,2022-06-18
S7125,0b8d3786-0,Basic,11.21,Monthly,2022-07-14
S7126,9761696e-d,Standard,17.74,Yearly,2023-03-04
S7127,8357bde4-d,Standard,5.92,Monthly,2023-05-01
S7128,b48719fc-f,Premium,15.07,Monthly,2022-11-04
S7129,e598b1a1-0,Basic,6.27,Monthly,2023-01-09
S7130,,Basic,23.84,Monthly,2024-01-10
S7131,ddfbeef1-2,Premium,5.66,Monthly,2026-01-23
S7132,fcba3c72-c,Premium,19.54,Monthly,2024-09-08
S7133,e1172051-8,Basic,7.68,Yearly,2023-11-20
S7134,37edac83-a,Standard,22.16,Monthly ,2022-05-14
S7135,1034cddb-5,Premium,21.84,Monthly,2025-03-22
S7136,8ec13a14-7,Standard,3.72,Monthly,2021-11-06
S7137,d9f79e5e-6,Basic,12.51,Yearly,2023-03-07
S7138,24075b8e-3,Standard,12.35,Yearly,2026-01-23
S7139,8674ce61-4,Premium,11.41,Yearly,2025-06-12
S7140,3b84223c-4,Standard,6.44,Yearly,2021-07-24
S7141,dc686759-8,Basic,17.69,Monthly,2024-12-27
S7142,e9a33542-0,Standard,15.42,Monthly,2024-08-21
S7143,97536d0a-4,Basic,7.97,Monthly,2024-02-18
S7144,5d14c2bf-7,Basic,8.52,Monthly,2021-11-05
S7145,9f7f4a64-f,Basic,15.85,Monthly,2024-05-31
S7146,15b9ccb0-d,Standard,7.44,Yearly,2021-08-06
S7147,7bf5bfde-a,Basic,22.73,Monthly,2026-02-09
S7148,0f56c694-8,Standard,23.77,Monthly,2024-04-20
S7149,03ee4815-1,Basic,10.94,Monthly,2023-05-22
S7150,ad17b1c9-2,Premium,12.71,Monthly,2024-10-01
S7151,4a3c2b0d-6,premium,7.95,Yearly,2022-07-05
S7152,fe804434-5,Premium,18.93,Yearly,2024-05-28
S7153,df852ea0-3,Basic,18.38,Monthly,2022-09-03
S7154,50967478-2,Premium,18.17,Yearly,2021-10-28
S7155,a4ac1cac-b,Premium,10.79,Yearly,2025-05-10
S7156,76dbc968-7,Standard,24.53,Monthly,2024-03-12
S7157,ac256cd0-8,Premium,3.82,Yearly,2025-09-24
S7158,80848e6b-8,Premium,3.52,Yearly,2023-11-18
S7159,7f670ad4-4,Basic,21.35,Yearly,2021-05-29
S7160,c4fb7a7f-e,Premium,21.61,Monthly,2022-09-15
S7161,12b8769c-b,Premium,20.35,Monthly,2024-04-23
S7162,a147ba6c-b,Basic,18.34,Yearly,2024-12-24
S7163,ef08c5df-e,Premium,12.62,Monthly,2023-07-26
S7164,7a31caf6-a,Premium,23.6,Yearly,2024-11-11
S7165,e66f51b1-8,Standard,11.13,Yearly,2024-11-24
S7166,9a098259-6,Standard,23.9,Yearly,2022-07-15
S7167,5d0db91b-6,Basic,15.28,Yearly,2025-11-22
S7168,33498c33-2,Standard,17.62,Monthly,2025-08-04
S7169,e9ee41c5-e,Premium,10.65,Monthly,2023-06-21
S7170,9a247cef-2,Basic,21.6,Yearly,2025-10-25
S7171,bd0757ac-0,Standard,10.89,Monthly,2022-12-15
S7172,b45ab6db-c,Premium,11.41,Yearly,2021-07-24
S7173,e09501bd-d,Premium,24.04,Monthly,2022-01-26
S7174,7f1ffee4-f,Premium,21.43,Monthly,2025-03-17
S7175,aa635e27-d,Standard,10.42,Yearly,2024-12-02
S7176,9bb714bd-4,Premium,18.3,Monthly,2023-08-02
S7177,fca76968-f,Standard,3.81,Yearly,2023-02-15
S7178,2e6fcc57-6,Standard,20.48,Yearly,2024-11-19
S7179,8bf9299e-6,Basic,5.93,Monthly,2026-01-05
S7180,5181f978-3,Basic,11.72,Monthly,2021-03-29
S7181,460b8ddd-a,Standard,5.94,Monthly,2025-08-17
S7182,b69534ad-c,Premium,12.76,Monthly,2021-09-05
S7183,c5086dcd-3,Premium,6.47,Monthly,2021-06-26
S7184,,Premium,10.42,Monthly,2022-11-17
S7185,b489a5e2-b,Basic,16.46,Monthly,2025-08-24
S7186,580bcb86-4,Standard,4.54,Monthly,2025-09-30
S7187,4242c777-5,Basic,20.0,Yearly,2021-10-23
S7188,d02ceee6-e,Standard,12.0,Monthly,2021-04-02
S7189,1696c96f-f,Basic,,Yearly,2023-11-15
S7190,663f5fae-1,Basic,22.99,Monthly,2021-02-13
S7191,69362474-0,Basic,19.7,Monthly,2025-05-28
S7192,692cbf7e-d,Basic,8.01,Monthly,2024-12-31
S7193,38d6500f-5,Basic,19.51,Monthly,2025-06-08
S7194,898d698b-7,Standard,6.03,Monthly,2024-02-24
S7195,0019cddf-f,Premium,8.23,Yearly,2024-04-16
S7196,bb6e493f-a,Basic,17.22,Yearly,2024-02-09
S7197,3837ac07-d,Standard,14.79,Monthly,2024-05-24
S7198,cb72eb31-9,Basic,9.95,Yearly,2021-11-05
S7199,e83c9eb0-6,Standard,14.38,Monthly,2024-04-28
S7200,d17489fe-1,Basic,24.66,Yearly,2026-01-25
S7201,76ee1c11-7,Standard,13.28,Monthly,2025-03-31
S7202,439771c0-e,Basic,9.07,Yearly,2022-05-25
S7203,8ab4711c-a,Standard,17.83,Monthly,2024-08-19
S7204,23613005-9,Standard,22.53,Yearly,2021-07-27
S7205,98c5baaf-d,Basic,5.15,Yearly,2022-12-17
S7206,db653596-0,Standard,11.96,Monthly,2024-05-16
S7207,607d09a9-9,Basic,18.67,Yearly,2025-10-19
S7208,6e347097-7,Premium,22.05,Yearly,2021-03-21
S7209,83a77019-9,Premium,19.0,Monthly,2022-01-23
S7210,1b7a3d6d-9,Basic,8.53,Monthly,2025-06-12
S7211,7bfb7e85-3,Standard,4.68,Monthly,2021-03-03
S7212,58ccdde6-6,Standard,15.82,Yearly,2024-03-09
S7213,76c571d8-1,,12.42,Yearly,2025-02-27
S7214,e16f467a-7,Premium,16.7,Yearly,2022-12-02
S7215,a1da4bfb-4,Standard,6.41,Yearly,2025-08-21
S7216,91d6cf41-b,Premium,9.53,Yearly,2022-07-30
S7217,0ef3788f-0,Premium,4.57,Monthly,2025-12-02
S7218,cf7368f8-1,Premium,19.36,Yearly,2023-03-31
S7219,2bfc68c0-b,Basic,6.46,Monthly,2021-02-25
S7220,afa3cf67-1,Basic,5.09,Yearly,2022-07-07
S7221,90ee3165-9,Basic,10.82,Yearly,2023-05-13
S7222,15ee3470-e,Premium,15.84,Monthly,2022-11-26
S7223,74d2a3ad-2,Standard,11.84,Yearly,2025-08-02
S7224,d6c3c3a2-3,Standard,12.15,Monthly,2024-12-16
S7225,089c34be-8,Basic,12.06,Yearly,2022-09-30
S7226,22cc5a7c-f,Premium,13.24,Monthly,2021-05-24
S7227,8c9b11fc-2,Basic,24.16,Yearly,2021-11-15
S7228,61e2b88f-c,Standard,17.28,Yearly,2024-02-16
S7229,00fdcfb8-a,Standard,11.11,Yearly,2023-10-02
S7230,6c1c03e6-1,Standard,3.88,Yearly,2021-07-30
S7231,a030d448-b,Premium,20.1,Monthly,2025-10-06
S7232,47dbbf2c-d,Standard,3.98,Monthly,2024-09-19
S7233,7daf015a-f,Standard,,Monthly,2024-08-11
S7234,cef94ae3-4,Premium,6.22,Monthly,2021-02-13
S7235,24e9ade9-6,Premium,22.51,Yearly,2022-11-01
S7236,827c5010-0,Premium,11.72,Monthly,2021-11-19
S7237,ffb8a199-b,Premium,10.91,Monthly,2024-08-19
S7238,d58e4623-d,Pr3mium,15.3,Monthly,2021-02-28
S7239,92d181fd-0,Basic,9.05,Yearly,2022-08-28
S7240,b115b7b3-9,Standard,8.23,Yearly,2023-12-29
S7241,17e8b206-7,Basic,3.6,Monthly,2023-11-20
S7242,8b26f853-f,Basic,6.3,Yearly,2022-09-24
S7243,ea593b69-1,Basic,14.77,Yearly,2025-06-01
S7244,220fe2fa-5,Basic,14.33,Monthly,2026-01-30
S7245,87683a81-4,Premium,24.73,Yearly,2023-08-11
S7246,f243b45e-b,Standard,5.99,Yearly,2024-09-02
S7247,d89c2de1-a,Standard,5.93,Yearly,2021-03-22
S7248,1bdedf95-a,Basic,20.96,Yearly,2022-10-14
S7249,64369036-f,Premium,19.36,Yearly,2022-07-15
S7250,fc338e12-d,Standard,24.71,Monthly,2022-05-03
S7251,4ce96ec3-3,Basic,4.27,Monthly,2022-03-05
S7252,7e4397de-8,Standard,4.71,Monthly,2022-11-02
S7253,7fd6b22b-5,Basic,11.71,Monthly,2024-07-11
S7254,9172888a-f,Premium,13.02,Monthly,2022-05-25
S7255,1ea5934b-2,Premium,16.81,Yearly,2021-04-05
S7256,8da240e1-f,Basic ,23.0,Monthly,2021-03-16
S7257,15aacde0-5,Premium,3.81,Yearly,2023-04-26
S7258,29b127a3-a,Premium,8.88,Monthly,2022-08-09
S7259,9381c99b-8,Basic,10.76,Yearly,2023-01-06
S7260,60ebc661-7,Premium,16.52,Yearly,2024-12-06
S7261,a0052a52-6,Premium,13.43,Yearly,2023-01-04
S7262,3860f7a1-4,Standard,9.17,Monthly,2025-05-30
S7263,281771fb-c,Standard,8.48,Yearly,2023-02-04
S7264,37c077cc-e,Standard,9.29,Yearly,2021-07-01
S7265,0fd61984-b,Premium,11.49,Yearly,2024-10-22
S7266,4baae47b-2,Premium,22.65,Yearly,2023-01-10
S7267,a88aa478-1,Premium,5.64,Monthly,2023-01-19
S7268,014daaf5-3,Standard,15.66,Yearly,2022-11-16
S7269,62f4a15b-e,Basic,17.79,Monthly,2024-07-30
S7270,0f193e94-c,Premium,20.22,Monthly,2026-01-24
S7271,77d8a855-7,Premium,16.75,Yearly,2024-04-28
S7272,2d02615a-2,Premium,14.13,Monthly,2023-09-19
S7273,c51c5cd3-e,Premium,16.74,Monthly,2021-05-21
S7274,3fe25f9c-1,Basic,20.9,Yearly,2021-05-27
S7275,dd177455-7,Basic,12.96,Monthly,2022-09-05
S7276,3776288f-6,Premium,3.0,Yearly,2025-11-05
S7277,5f142fff-b,Premium,15.43,Yearly,2023-10-06
S7278,b0383d11-2,Premium,16.99,Yearly,2023-06-01
S7279,7ba5ee0d-d,Premium,24.56,Yearly,2023-09-16
S7280,c2026992-a,Premium,5.89,Yearly,2025-10-30
S7281,e393e92d-d,Standard,5.46,Yearly,2021-12-11
S7282,4b1a8a05-0,Basic,15.69,Yearly,2026-01-26
S7283,7d5f3e3b-4,Basic,4.92,Yearly,2025-08-08
S7284,fdbd6fa5-0,Basic,24.34,Monthly,2023-11-28
S7285,f68e7348-b,Premium,13.58,,2022-09-24
S7286,31ffa093-3,Premium,9.48,Monthly,2025-04-26
S7287,1b023f45-0,Premium,21.33,Monthly,2021-05-07
S7288,6b089a61-c,Standard,12.97,Monthly,2025-12-28
S7289,51f4eec6-b,Basic,17.02,Monthly,2025-11-26
S7290,4a161c29-2,Premium,4.8,Yearly,2021-11-18
S7291,2ae353b6-2,Basic,22.83,Monthly,2022-12-10
S7292,1886b25f-8,Standard,19.24,Yearly,2024-08-02
S7293,d871b810-6,Premium,15.28,Yearly,2023-12-21
S7294,c8ac3cfe-0,Basic,8.31,Monthly,2021-07-13
S7295,addcbcfd-b,Premium,15.75,Yearly,2021-02-28
S7296,9da39251-e,Basic,23.22,Monthly,2025-06-12
S7297,167e2ec9-c,Standard,11.37,Monthly,2023-05-28
S7298,2de9fae6-6,Standard,17.21,Yearly,2022-12-29
S7299,a256ba60-6,Standard,16.5,Monthly,2024-12-05
S7300,c03619fb-e,Premium,22.13,Monthly,2024-06-11
S7301,98c7584b-8,Standard,6.28,Monthly,2025-03-15
S7302,af435dab-a,Standard,15.35,Monthly,2025-08-04
S7303,59941b3a-b,Premium,14.56,Monthly,2025-09-30
S7304,792b9be2-2,Premium,8.49,Yearly,2025-12-04
S7305,0c26c58c-5,Standard,6.92,Monthly,2025-04-24
S7306,bdc7455d-e,Basic,20.64,Yearly,2022-07-08
S7307,6d7bfce2-c,Premium,14.78,Monthly,2024-11-09
S7308,bfdf79a0-6,Premium,22.81,Yearly,2021-10-27
S7309,3fe11e10-6,Basic,3.38,Monthly,2023-06-18
S7310,2323dc2c-3,Standard,9.98,Yearly,2025-07-31
S7311,7176883a-4,Premium,19.64,Yearly,2021-03-30
S7312,e38738c1-0,Premium,3.72,Yearly,2024-09-15
S7313,81b4e2cd-9,Basic,5.52,Yearly,2022-09-22
S7314,b37761eb-f,Standard,5.12,Monthly,2026-02-09
S7315,140b4c90-d,Standard,3.43,Yearly,2023-02-25
S7316,84710b36-9,Premium,11.83,Monthly,2026-02-03
S7317,dd69a863-a,Premium,15.7,Monthly,2022-03-16
S7318,88d75593-4,Standard,22.12,Monthly,2023-12-15
S7319,3ca35413-e,Premium,17.74,Yearly,2025-11-18
S7320,3094031e-3,Standard,22.9,Monthly,2021-11-21
S7321,b28f7cb0-3,Basic,5.43,Yearly,2021-06-07
S7322,f3924193-8,Standard,14.35,Monthly,2022-11-30
S7323,d46aab28-a,Premium,17.06,Yearly,2026-01-23
S7324,f9df1f49-8,Basic,7.85,,2022-07-05
S7325,fc05a3e0-1,Standard,23.78,Yearly,2022-10-30
S7326,2c7d1d87-f,Standard,9.68,Monthly,2025-12-03
S7327,0ae861d9-0,Premium,9.9,Yearly,2024-11-07
S7328,c412e184-1,Basic,6.65,,2024-07-01
S7329,ada430e2-9,Standard,20.83,Monthly,2024-05-15
S7330,55fcee54-0,Standard,24.06,Yearly,2023-02-15
S7331,943012ba-5,Basic,12.22,Yearly,2023-11-03
S7332,fdb2e49e-4,Standard,16.57,Monthly,2025-07-08
S7333,1dbb8d5d-2,Standard,24.0,Yearly,2025-10-29
S7334,55a73e25-6,Basic,17.25,Yearly,2022-06-02
S7335,b6afc9c8-0,Premium,12.59,Monthly,2022-03-17
S7336,50ac9bb8-d,Basic,24.28,Yearly,2022-12-20
S7337,80ffdffe-c,Standard,13.63,Monthly,2021-11-04
S7338,457f5d6e-a,Basic,11.14,Monthly,2023-09-21
S7339,b6dc15be-a,Standard,19.92,Monthly,2022-09-09
S7340,ca1c171f-0,Premium,13.74,Monthly,2023-04-22
S7341,2f3bdf9e-8,Premium,24.71,Yearly,2025-04-08
S7342,cd4bc3e4-4,Standard,21.45,Yearly,2023-09-05
S7343,1ae90d1d-9,Standard,19.9,Monthly,2024-08-02
S7344,c4fc2ac4-d,Premium,9.19,Yearly,2025-05-20
S7345,d1df4e1d-c,Basic,16.27,Monthly,2025-09-09
S7346,c967b3e6-f,Premium,19.84,Monthly,2022-03-17
S7347,ad71ea3d-8,Standard,11.98,Monthly,2025-04-28
S7348,f7ca11d3-8,Standard,13.56,Yearly,2021-10-08
S7349,43eaa79e-e,Basic,23.76,Monthly,2025-01-20
S7350,2cc4efe0-d,Standard,24.39,Monthly,2021-04-12
S7351,03c1ede3-4,Standard,21.58,Monthly,2022-07-13
S7352,fc9fa144-8,Premium,17.93,Monthly,2024-12-27
S7353,d6413a32-c,Basic,24.08,Monthly,2022-11-07
S7354,c523963f-e,Basic,12.88,Monthly,2022-10-24
S7355,4e053bd4-6,Premium,24.97,Monthly,2022-12-03
S7356,e4c4a9a5-6,Standard,4.92,Yearly,2022-10-04
S7357,4f6402ff-0,Premium,16.41,Monthly,2022-04-19
S7358,57f79ca3-e,Basic,15.21,Monthly,
S7359,2f7c59a2-9,Premium,3.47,Monthly,2024-11-28
S7360,ba2c1b86-3,Standard,21.33,Monthly,2021-09-28
S7361,2e5e59bb-7,Standard,22.04,Yearly,2025-12-10
S7362,cc6488f5-f,Basic,11.48,Monthly,2021-08-19
S7363,2e69da2a-8,Premium,20.33,Yearly,2022-09-12
S7364,35167425-d,Premium,20.39,Yearly,2022-11-18
S7365,9564be5a-a,Premium,9.55,Yearly,2024-01-02
S7366,21d43079-d,Premium,11.39,Yearly,2021-08-15
S7367,7703fe42-3,Basic,22.51,Yearly,2022-02-18
S7368,227cc718-d,Basic,23.77,Monthly,2024-09-15
S7369,ebfa20a9-d,Premium,6.99,Yearly,2023-12-12
S7370,f3ed6660-5,Premium,19.6,Monthly,2026-01-09
S7371,fba3bd68-e,Premium,18.04,Monthly,2023-11-08
S7372,a0219827-6,Basic,16.54,Monthly,2023-11-18
S7373,c6cdbc2c-2,Premium,14.32,Monthly,2023-06-16
S7374,323843a8-3,Basic,,Monthly,2023-03-06
S7375,1ff94a76-c,Basic,19.22,Monthly,2021-04-30
S7376,86c5c681-3,Standard,7.61,Yearly,2024-08-19
S7377,38a516bb-1,Basic,11.92,Yearly,2024-03-03
S7378,5796df89-3,Standard,16.79,Yearly,2024-10-10
S7379,c491aa7a-b,Basic,10.57,Monthly,2025-04-06
S7380,92ec893b-3,Basic,21.05,Monthly,2025-04-15
S7381,8a264b30-2,Basic,5.48,Monthly,2022-11-19
S7382,84f13b32-e,Premium,4.93,Yearly,
S7383,bd6ef363-8,Basic,22.37,Yearly,2021-11-07
S7384,f29511b2-9,Basic,18.21,Monthly,2023-05-27
S7385,da7e8283-0,Basic,14.8,Monthly,2023-12-21
S7386,540d904a-b,Premium,11.06,Yearly,2021-06-24
S7387,5e733fe3-b,Standard,14.66,Yearly,2021-12-26
S7388,e65e70a6-2,Standard,5.59,Yearly,2021-04-13
S7389,44b57881-c,Basic,9.11,Monthly,2022-10-13
S7390,0a02c8eb-f,Standard,22.3,Monthly,2022-01-09
S7391,c2d78895-3,Standard,21.54,Yearly,2021-03-25
S7392,645ad2aa-e,Premium,,Monthly,2023-08-19
S7393,2003655c-e,Standard,22.15,Yearly,2025-12-19
S7394,40332877-8,Basic,20.95,Monthly,2022-02-18
S7395,488885f0-3,Basic,7.14,Monthly,2022-04-02
S7396,f04ca56f-c,Premium,6.0,Yearly,2024-07-10
S7397,b6cabcad-4,Basic,13.65,Monthly,2025-09-16
S7398,672565c4-8,Standard,4.51,Monthly,2022-07-05
S7399,0df4e196-b,Premium,17.26,Yearly,2025-04-24
S7400,5effd206-0,Premium,10.46,Yearly,2022-12-04
S7401,8e62ebdd-1,Premium,20.71,Yearly,2024-09-23
S7402,863a1ad8-a,Premium,21.54,Yearly,2021-09-27
S7403,014d4fe0-a,Premium,20.35,Yearly,2021-08-07
S7404,d81bc466-a,Standard,12.66,Monthly,2023-01-06
S7405,b7562d94-0,Premium,8.12,Yearly,2023-10-20
S7406,1a94c982-6,Basic,7.41,Monthly,2025-03-04
S7407,687f6749-8,Standard,18.59,Yearly,2023-05-24
S7408,26e28cf9-9,Premium,12.74,Yearly,2025-08-30
S7409,3484a6bc-a,Standard,23.44,Monthly,2022-11-13
S7410,f52412ca-5,Standard,5.86,Monthly,2024-12-11
S7411,e9c4d40c-d,Basic,23.92,Monthly,2023-08-11
S7412,6be427a7-4,Basic,20.16,Monthly,2024-09-02
S7413,f065fff7-b,Standard,3.85,Monthly,2025-09-14
S7414,41edf4c3-a,Basic,7.1,Yearly,2025-12-02
S7415,24273aa1-0,Premium,15.19,yearly,
S7416,6448785b-8,Basic,4.33,Monthly,2023-07-10
S7417,b36c9851-9,Standard,6.16,Yearly,2021-05-21
S7418,746ab965-3,Basic,14.25,Yearly,2025-08-04
S7419,0d239797-c,Basic,15.92,Monthly,2023-12-25
S7420,08a4d214-2,Premium,13.08,Yearly,2023-10-07
S7421,9e980fea-2,Standard,9.34,Monthly,2022-08-07
S7422,5fc58c46-9,Premium,21.0,Yearly,2022-05-15
S7423,f6cbf2de-f,Standard,18.92,Monthly,2021-10-04
S7424,a55c56a2-4,Premium,6.09,Monthly,2025-08-08
S7425,5ea12f66-a,Premium,22.81,Monthly,2024-05-05
S7426,e1640ab5-4,Premium,22.78,Monthly,2025-11-22
S7427,442600c7-d,Basic,4.45,Monthly,2021-12-07
S7428,e42b1c97-c,Standard,17.95,Yearly,2025-09-17
S7429,4ebbcf2e-9,Standard,23.56,Yearly,2021-12-23
S7430,646508fa-1,Basic,22.44,Monthly,2022-12-12
S7431,ca0cd0bf-8,Basic,11.21,Yearly,2024-11-04
S7432,0e646670-8,Basic,4.75,Yearly,2026-01-20
S7433,27e35d74-0,Premium,11.0,Yearly,2024-09-25
S7434,4a89701a-1,Premium,5.86,Monthly,2026-01-25
S7435,cc754ddf-5,Standard,12.82,Monthly,2023-05-21
S7436,09019f12-9,Basic,17.27,Monthly,2024-06-23
S7437,a64c9397-0,Standard,21.42,Yearly,2024-12-13
S7438,f97ba95a-7,Basic,22.94,Yearly,2021-10-27
S7439,518fe473-6,Standard,15.66,Monthly,2021-09-26
S7440,b0710212-2,Standard,5.0,Monthly,2023-11-25
S7441,7e2d83cc-e,Premium,13.84,Yearly,2021-04-09
S7442,fe776b89-2,Premium,21.31,Monthly,2022-08-15
S7443,260a0376-5,Basic,13.67,Yearly,2022-07-01
S7444,490af3ac-1,Premium,10.73,Yearly,2025-10-03
S7445,7a304774-3,Premium,19.94,Yearly,2021-10-02
S7446,30067c79-8,Standard,11.7,Monthly,2021-10-25
S7447,cdf13b02-b,Premium,7.85,monthly,2023-10-26
S7448,,Premium,18.09,Yearly,2025-08-09
S7449,c3387831-8,Basic,11.34,Monthly,2024-09-19
S7450,c07bbad1-6,Premium,10.22,Monthly,2024-10-28
S7451,e23e306a-9,Standard,10.2,Yearly,2022-03-31
S7452,a9095853-2,Standard,12.24,Monthly,2021-09-17
S7453,f036527d-e,Premium,3.07,Yearly,2024-12-15
S7454,5a5c3ded-7,Basic,15.68,Monthly,2021-08-13
S7455,261bb265-8,Standard,4.39,Monthly,2023-09-19
S7456,e371aae4-d,Basic,17.02,Monthly,2022-06-29
S7457,00432069-a,Premium,23.21,Yearly,2024-08-23
S7458,f6d204b1-c,Standard,21.65,Yearly,2024-10-28
S7459,0fb271a0-a,Premium,18.5,Yearly,2022-04-11
S7460,da208ed6-5,Premium,20.57,Yearly,2022-02-21
S7461,543a6649-e,Premium,9.91,Monthly,2025-11-24
S7462,e5980d8f-2,Basic,15.22,Yearly,2025-02-25
S7463,cbeb14bd-1,Basic,10.31,,2022-08-10
S7464,38cbd843-2,Premium,23.24,Monthly,2024-09-18
S7465,9f225bf8-0,Premium,14.58,Monthly,2021-09-11
S7466,d9add1d9-1,Standard,13.24,Yearly,2024-04-02
S7467,490b2a29-5,Standard,23.3,Monthly,2024-01-06
S7468,54dcbf3a-a,Standard,8.18,Monthly,2023-10-29
S7469,3c2e3f0a-6,Basic,19.82,Monthly,2024-05-01
S7470,4175337a-a,Basic,9.11,Yearly,2025-11-13
S7471,292babb5-4,Basic,17.86,Yearly,2021-07-20
S7472,f970beb8-d,Standard,4.83,Yearly,2025-08-24
S7473,1726ff0b-4,Premium,24.62,Monthly,2021-07-25
S7474,464311fa-d,Standard,6.43,Monthly,2022-10-10
S7475,40280a3f-b,Basic,20.59,Monthly,2023-11-25
S7476,0bd75153-c,Basic,20.85,Monthly,2025-01-18
S7477,a1a13262-9,Premium,20.51,Yearly,2023-01-06
S7478,91abf29e-b,Basic,6.7,Monthly,2021-04-05
S7479,984c28eb-d,Premium,16.39,Yearly,2025-07-11
S7480,4a45d84d-8,Premium,8.92,Monthly,2021-09-29
S7481,b10d5a7c-2,Basic,13.34,Yearly,2024-03-06
S7482,a6c86f3b-5,Premium,18.34,Yearly,2023-08-19
S7483,5f94379b-b,Premium,8.09,Monthly,2021-04-21
S7484,d88ae5d2-0,Standard,17.32,Yearly,2022-03-12
S7485,c36048b6-a,Basic,19.6,Monthly,2025-12-18
S7486,cfa8ef04-f,Basic,21.47,Monthly,2022-09-29
S7487,5811f0f2-2,Standard,5.72,Yearly,2024-08-18
S7488,ef33648c-8,Standard,23.33,Monthly,2024-09-21
S7489,0afeeebe-f,Standard,17.1,Monthly,2022-08-09
S7490,858dcbc8-a,Premium,16.2,Yearly,2023-02-24
S7491,67b99a6a-6,Basic,8.27,Monthly,2024-06-16
S7492,d5f0136b-7,Standard,11.04,,2026-01-02
S7493,dc318ba3-e,Premium,22.73,Monthly,2025-11-14
S7494,012e0422-5 ,Basic,9.1,Yearly,2023-07-29
S7495,fff9dc24-c,Basic,23.49,Yearly,2025-03-14
S7496,9f5e77e4-7,Basic,15.74,Monthly,2021-09-11
S7497,76f11573-9,Basic,11.58,Yearly,2026-01-12
S7498,c5acdb6c-d,Basic,8.11,Yearly,2025-07-23
S7499,3ef622b8-5,Standard,14.34,Yearly,2021-12-04
S7500,cff59765-7,Premium,10.73,Monthly,2021-04-02
S7501,3bf96bcd-9,Standard,16.93,Yearly,2024-08-31
S7502,012984e1-1,Premium,6.27,Yearly,2021-12-29
S7503,dcdc91ce-8,Basic,20.29,Yearly,2025-01-11
S7504,7d6c1221-7,Standard,16.92,Monthly,2026-01-28
S7505,8a6ea7f6-f,Premium,10.17,Monthly,2022-10-19
S7506,e7dc99b5-1,Standard,14.08,Yearly,2023-12-20
S7507,02fbe1be-4,Basic,17.8,Yearly,2025-01-26
S7508,e35ccedb-8,Premium,17.12,Monthly,2022-12-30
S7509,6a8cd5ef-a,Premium,6.07,Yearly,2024-11-23
S7510,8ebd123c-7,Standard,3.57,Monthly,2023-04-26
S7511,ab3e12b2-8,Premium,20.73,Yearly,2021-09-23
S7512,e20e7af7-7,Premium,7.78,Yearly,2025-11-22
S7513,d8afcff9-4,Standard,17.75,Monthly,2024-12-06
S7514,0db7611c-7,Basic,17.06,Monthly,2022-10-15
S7515,e409a7c4-f,Basic,17.05,Monthly,2025-04-06
S7516,2c02ef0e-3,Premium,8.3,Yearly,2021-09-07
S7517,5980fcf9-1,Basic,24.17,Monthly,2023-04-24
S7518,578154c3-5,Standard,20.7,Yearly,2024-04-25
S7519,fcb7e52b-c,Basic,11.3,Monthly,2022-11-19
S7520,c0cd1739-9,Basic,17.29,Monthly,2024-03-21
S7521,2d834b68-c,Basic,12.8,Yearly,2025-11-03
S7522,d7858a30-a,Standard,18.83,Yearly,2022-06-25
S7523,6104d510-e,Premium,14.4,Monthly,2024-01-09
S7524,e86915a7-6,Premium,5.01,Monthly,2025-04-13
S7525,1f7ce951-2,Basic,13.44,Yearly,2023-04-28
S7526,f8fa8c3e-c,Standard,8.61,Yearly,2024-02-01
S7527,c5a79107-d,Basic,18.68,Monthly,2024-06-09
S7528,ede737db-4,Standard,11.74,monthly,2021-10-05
S7529,99dc8fe1-2,Basic,22.43,Yearly,2024-03-26
S7530,6f5277d4-5,Basic,10.64,Yearly,2021-10-10
S7531,52a492f6-8,Basic,5.09,Monthly,2022-04-05
S7532,400e3e0b-b,Basic,23.6,Yearly,2021-12-25
S7533,796f1bc9-f,Standard,14.28,Yearly,2023-08-16
S7534,82e13ee1-a,Premium,9.29,Monthly,2021-02-10
S7535,a6f42de7-8,Premium,5.09,Yearly,2021-12-12
S7536,7d2e6413-8,Premium,20.41,Monthly,2021-07-11
S7537,26410460-d,Standard,10.86,Monthly,2022-04-17
S7538,4edde557-9,Basic,11.86,Yearly,2025-07-20
S7539,ad647498-4,Basic,19.39,Yearly,2023-11-24
S7540,fd7484b1-3,Premium,11.34,Monthly,2023-06-12
S7541,6cdfbda5-c,Premium,22.95,Yearly,2025-08-13
S7542,4f92d6bd-0,Basic,16.29,Monthly,2021-12-17
S7543,fb5446fb-e,Basic,4.26,Yearly,2024-07-29
S7544,73c208c0-9,Premium,11.92,Yearly,2023-11-20
S7545,8e459f1b-b,Premium,23.53,Monthly,2021-05-25
S7546,b4d5dc1a-f,Standard,12.78,Monthly,2021-05-26
S7547,b423d111-2,Standard,18.51,Monthly,2024-08-12
S7548,f8fe504f-8,Standard,22.14,Monthly,2024-12-14
S7549,9ac46c93-f,Standard,13.52,Yearly,2024-06-24
S7550,9186f595-b,Standard,11.16,Yearly,2023-03-14
S7551,756af785-e,Basic,13.28,Monthly,2024-01-15
S7552,37c63fef-6,Standard,23.55,Yearly,2022-03-31
S7553,03fba26d-4,Standard,15.11,Yearly,2023-03-17
S7554,90fb2a36-0,Basic,22.79,Monthly,2022-09-16
S7555,4be1766a-6,Basic,16.01,Monthly,2023-04-30
S7556,e57584e0-9,Standard,18.8,Yearly,2021-11-30
S7557,84bd0de1-f,Premium,17.88,Yearly,2023-12-08
S7558,017e47bc-a,Premium,4.62,Yearly,2021-07-13
S7559,d7457955-a,Standard,15.43,Yearly,2023-11-16
S7560,810be6e0-6,Standard,19.81,Monthly,2021-08-30
S7561,031a7196-6,Standard,13.21,Monthly,2021-09-09
S7562,9927b5f4-e,Basic,9.06,Monthly,2024-01-06
S7563,7ff18b62-a,Basic,14.6,Monthly,2023-05-13
S7564,dc201fba-5,Basic,18.73,Monthly,2022-12-08
S7565,e05cdd7f-4,Premium,20.48,Yearly,2025-03-26
S7566,d829b9ad-3,Basic,14.16,Monthly,2025-08-07
S7567,8cd9a10f-f,Basic,21.64,Yearly,2026-01-15
S7568,ee021edc-4,Standard,22.75,Yearly,2022-05-26
S7569,748fe57c-1,Standard,24.64,Monthly,2024-07-02
S7570,18f0d858-2,standard,3.48,Monthly,2022-08-13
S7571,88d7622b-6,Premium,6.02,Yearly,2022-10-04
S7572,49bc6800-e,Basic,21.39,Yearly,2023-04-01
S7573,51c5df93-2,Premium,18.0,Yearly,2021-03-12
S7574,2bef68f9-7,Standard,23.12,Monthly,2022-08-23
S7575,56b8cecc-5,Basic,3.11,Yearly,2025-07-25
S7576,ef4a1228-3,Premium,12.05,Yearly,2025-04-23
S7577,859bbeda-1,Premium,9.56,Monthly,2023-03-23
S7578,7c431efc-5,Standard,17.51,Yearly,2023-10-05
S7579,e33ad51d-6,Premium,9.93,Monthly,2021-02-28
S7580,14acffc2-6,Standard,11.3,Yearly,2022-11-08
S7581,a3764e83-e,Premium,18.45,Yearly,2022-06-09
S7582,9a356039-9,Standard,16.01,Yearly,2025-04-17
S7583,c898d67d-7,Premium,4.06,Yearly,2022-12-16
S7584,17a5107e-a,Premium,6.35,Monthly,2021-07-20
S7585,fd5c94db-4,Standard,14.59,Monthly,2024-03-17
S7586,2da991ed-0,Basic,10.91,Monthly,2025-12-31
S7587,361ad750-b,Standard,3.71,Yearly,2023-04-06
S7588,606218f9-2,Standard,12.81,Yearly,2025-08-03
S7589,afc25a8c-c,Premium,24.5,Yearly,2022-03-11
S7590,e83d7c86-9,Standard,13.49,Monthly,2025-05-08
S7591,6e6ee151-c ,Standard,18.94,Monthly,2024-06-18
S7592,5eb9f466-c,Standard,7.89,Yearly,2022-02-10
S7593,34060627-f,Basic,6.67,Monthly,2023-09-19
S7594,8f10a9f8-3,Premium,9.52,Yearly,2021-06-27
S7595,01790076-2,Standard,5.85,Yearly,2023-04-18
S7596,cc9c5519-c,Basic,15.18,Yearly,2024-11-14
S7597,a1634695-f,Basic,18.19,Monthly,2021-06-02
S7598,0a69a365-2,Standard,4.65,Yearly,2026-01-19
S7599,12eb09f0-6,Standard,17.9,Monthly,2023-12-15
S7600,c799842e-7,Premium,5.22,Yearly,2022-03-02
S7601,d84570f8-e,Premium,22.93,Yearly,2025-12-25
S7602,f8f657c6-4,standard,16.14,Monthly,2022-06-02
S7603,9df4e066-d,Standard,5.3,Yearly,2024-03-11
S7604,091da7e3-2,Premium,22.68,Monthly,2022-01-10
S7605,934477c5-e,Premium,14.25,Monthly ,2021-04-02
S7606,1aec438c-8,Premium,3.47,Yearly,2021-03-05
S7607,71ea6db0-f,Basic,14.71,Yearly,2023-01-19
S7608,828d6a73-e,Standard,13.84,Yearly,2021-09-01
S7609,3decb6ed-1,Basic,22.61,Monthly,2022-10-17
S7610,67d52b31-8,Basic,5.48,Yearly,2024-10-05
S7611,2ab4df37-6,Basic,10.81,Monthly,2022-07-14
S7612,f23d28ae-6,Premium,23.81,Monthly,2022-01-24
S7613,c9b47663-8,Standard,,Yearly,2021-06-26
S7614,69ac944f-9,Standard,21.3,Monthly,2023-12-27
S7615,f515e581-1,Premium,7.61,Monthly,2022-08-29
S7616,61368efa-b,Standard,9.94,Monthly,2022-04-29
S7617,924e416c-2,Basic,12.78,Yearly,2024-04-07
S7618,00d986e6-1,Basic,9.54,Yearly,2022-12-02
S7619,f97914b5-c,Standard,16.99,Yearly,2021-05-24
S7620,a26d38b1-5,Premium,4.28,Monthly,2023-02-27
S7621,d935295a-4,Basic,13.16,Monthly,2023-03-01
S7622,91eba92b-4,Standard,24.58,Yearly,2023-01-11
S7623,df906523-e,Premium,6.7,Yearly,2022-04-19
S7624,fea728b7-9,Basic,7.63,Monthly,2025-06-04
S7625,152c948f-8,Premium,4.41,Monthly,2026-01-04
S7626,66b7dcf5-d,Standard,8.37,Yearly,2022-03-15
S7627,4ae3e0a4-0,Standard,16.33,Monthly,2026-01-03
S7628,2746bee4-a,Premium,3.35,Monthly,2022-12-15
S7629,b4931923-8,Standard,3.28,Monthly,2024-03-22
S7630,1b14abf4-e,Standard,22.19,Yearly,2022-01-25
S7631,7179984c-2,Basic,21.67,Yearly,2025-06-07
S7632,73871846-9,Premium,22.78,Monthly,2022-07-05
S7633,4171504b-1,Standard,6.92,Monthly,2023-11-08
S7634,80b60e1c-a,Standard,21.54,Monthly,2025-10-09
S7635,f149bac8-1,Basic,24.99,Yearly,2025-10-21
S7636,5fa663e7-1,Basic,22.07,Monthly,2022-08-14
S7637,be83c29b-0,Standard,16.14,Monthly,2024-11-02
S7638,42d2317b-7,Premium,21.97,Yearly,2025-08-25
S7639,6a046dd2-8,Premium,21.93,Yearly,2024-12-27
S7640,afad9b65-3,Standard,21.5,Yearly,2021-06-15
S7641,3ff5ff4f-b,Premium,5.34,Yearly,2021-09-25
S7642,0dd9b32a-5,Standard,4.2,Yearly,2024-08-30
S7643,5d90b2f8-f,Standard,13.16,Yearly,2025-11-09
S7644,06b0bdfe-e,Standard,5.77,Monthly,2023-11-16
S7645,a31e15ad-3,Standard,13.9,Yearly,2022-12-22
S7646,a1d0cb85-6,Basic,11.26,Yearly,2025-08-29
S7647,6db72048-3,Premium,12.45,Monthly,2022-07-08
S7648,ac24dc6b-c,,10.1,Yearly,2022-09-05
S7649,e48af4a1-0,Standard,9.38,Monthly,2022-11-06
S7650,e7b12638-3,Premium,22.28,Yearly,2022-07-02
S7651,2872a7e1-d,Premium,19.64,Monthly,2021-03-14
S7652,ce69b402-7,Premium,12.3,Yearly,2024-07-24
S7653,5dacf252-c,Standard,4.02,Monthly,2022-06-28
S7654,944c12ec-5,Premium,16.95,Yearly,2022-10-13
S7655,1a7b1ba2-c,Basic,16.09,Yearly,2025-11-28
S7656,3fc4b0d9-4,Premium,12.12,Monthly,2024-11-12
S7657,b76401e9-2,Standard,15.95,Monthly,2022-10-09
S7658,a223cd5e-2,Premium,14.2,Yearly,2023-04-21
S7659,aaccfd15-6,Standard,5.96,Yearly,2022-04-07
S7660,84dc2aae-6,Premium,9.19,Yearly,2024-12-26
S7661,115dbdd1-c,Basic,9.61,Monthly,2023-03-22
S7662,58d9104d-6,Basic,23.65,Monthly,2024-11-29
S7663,c42c2af2-3,Basic,17.76,Yearly,2021-09-08
S7664,d6bed47f-2,Premium,12.75,Yearly,2023-01-14
S7665,08909c50-a,Basic,23.36,Yearly,2021-12-29
S7666,2034b659-9,Basic,18.74,Monthly,2025-07-04
S7667,fe68f18b-0,Premium,18.61,Yearly,2025-06-04
S7668,a379d61b-8,Premium,10.83,Monthly,2023-02-08
S7669,be1c625d-b,Standard,23.36,Yearly,2024-09-27
S7670,9f6b6a48-7,Standard,5.7,Monthly,2024-03-01
S7671,d12c42e3-f,Basic,22.71,Monthly,2021-04-20
S7672,c54c4870-4,Basic,23.52,Monthly,2023-01-28
S7673,9bab911e-8,Standard,8.08,Monthly,2023-10-17
S7674,2a558651-4,Standard,14.77,Yearly,2025-04-20
S7675,db5406a1-7,Basic,8.62,Monthly,2024-11-14
S7676,0793f18f-c,Basic,8.26,Yearly,2021-12-20
S7677,77376436-1,Premium,3.34,Monthly,2023-02-10
S7678,b3ab5bcc-6,Standard,10.24,Yearly,2023-11-07
S7679,1053dc7d-2,Premium,21.28,Yearly,2025-07-25
S7680,3a49e94c-2,Basic,21.46,Yearly,2022-07-08
S7681,6fb3e1cc-5,Standard,23.07,Yearly,2022-05-09
S7682,dbea4dec-5,Basic,20.0,Monthly,2021-05-14
S7683,7185fa17-0,Premium,7.45,Monthly,2023-04-11
S7684,4cea540b-9,Premium,18.98,Monthly,2021-10-18
S7685,01b726e3-d,Basic,24.14,Monthly,2023-07-18
S7686,4372f609-a,Premium,13.34,Yearly,2024-06-26
S7687,51899bdb-f,Premium,10.46,Yearly,2025-03-26
S7688,bfb1a90e-8,Basic,13.24,Yearly,2022-01-16
S7689,a288b661-3,Standard,8.41,Yearly,2023-08-28
S7690,cd8138af-8,Basic,15.2,Monthly,2025-12-05
S7691,e621efae-b,Basic,21.04,Yearly,2024-10-17
S7692,71fb8e77-4,Standard,15.52,Yearly,2021-10-18
S7693,9b10e819-0,Basic,15.51,Monthly,2024-04-05
S7694,d21c9772-1,Premium,16.07,Monthly,2025-09-04
S7695,337f0666-3,Premium,24.04,Monthly,2021-03-31
S7696,194c7dcb-d,Basic,21.05,Monthly,2025-08-18
S7697,1c49a836-4,Basic,6.24,Yearly,2024-11-30
S7698,a84ea550-c,Standard,17.03,Yearly,2022-01-19
S7699,2ab9d0bf-b,Standard,9.16,Yearly,2022-06-09
S7700,0af822f6-2,Basic,18.89,Monthly,2022-11-08
S7701,8fef2894-a,Standard,6.35,Yearly,2021-05-01
S7702,afb14bb9-b,Basic,8.21,Yearly,2023-03-19
S7703,6f1d548f-1,Premium,12.96,Yearly,2022-12-25
S7704,37b5bfb9-3,Standard,18.97,Monthly,2024-11-01
S7705,13b4a8d5-2,Standard,10.52,Monthly,2024-06-29
S7706,0c486b2c-9,Standard,16.94,Yearly,2022-03-24
S7707,a2db1e97-c,Premium,13.33,Monthly,2021-02-21
S7708,be27804c-8,Premium,18.95,Monthly,2023-02-11
S7709,910fc5ca-d,Premium,21.88,Yearly,2023-01-12
S7710,4477e008-4,Standard,3.78,Yearly,2023-08-23
S7711,5ef614d2-7,Standard,18.85,Yearly,2023-11-05
S7712,3e12d552-0,Standard,10.32,Monthly,2025-01-13
S7713,1aac003b-5,Standard,21.41,Monthly,2024-12-12
S7714,b7f6b941-2,Basic,6.5,Monthly,2022-01-18
S7715,5837ab30-5,Standard,7.18,Monthly,2026-01-16
S7716,cccc4a3b-4,Basic,22.02,Yearly,2023-10-17
S7717,53b7e54b-9,Premium,18.03,Yearly,2021-05-24
S7718,fb84c401-4,Premium,8.09,Yearly,2023-10-08
S7719,f37a3fd1-5,Premium,23.08,Yearly,2025-02-19
S7720,365f4cfa-9,Premium,8.86,Monthly,2021-06-05
S7721,44c8a179-3,Premium,24.06,Yearly,2024-11-24
S7722,5f9bdc57-8,Standard,16.46,Yearly,2025-10-30
S7723,a887805c-d,Premium,15.83,Yearly,2024-11-03
S7724,5cd5311c-6,Standard,15.13,Monthly,2021-07-22
S7725,d3e0061b-6,Premium,24.26,Monthly,2024-09-14
S7726,ebda281e-e,Basic,24.2,Yearly,2023-07-29
S7727,fda54157-f,Standard,6.55,Yearly,2025-05-07
S7728,4901808e-e,Premium,9.04,Monthly,2022-03-19
S7729,2de980a1-6,Standard,13.52,Yearly,2023-09-06
S7730,0425316c-a,Basic,14.46,Yearly,2022-09-14
S7731,f865e5eb-7,Basic,22.24,Monthly,2025-07-21
S7732,da336928-3,Premium,3.89,Monthly,2026-01-16
S7733,8dd162c6-d,Basic,14.95,Monthly,2021-08-26
S7734,29cb0bf1-5,Premium,10.99,Yearly,2023-12-28
S7735,c1ad30a0-6,Premium,19.04,Monthly,2022-12-02
S7736,c7f9ea83-2,Basic,3.07,Monthly,2024-05-09
S7737,73778c0c-2,Standard,3.07,Monthly,2022-01-14
S7738,fef2a38c-a,Premium,6.43,Monthly,2021-05-01
S7739,0317fd0a-2,Standard,12.24,Monthly,2023-06-18
S7740,b05fab99-a,Basic,23.1,Yearly,2025-09-24
S7741,,Basic,10.35,Monthly,2024-02-16
S7742,ce69586e-4,Premium,22.14,Monthly,2023-04-19
S7743,e34fc7d7-8,Premium,20.95,Yearly,2023-10-30
S7744,834df6a2-1,Basic,16.56,Yearly,2025-10-01
S7745,773cead9-d,Premium,9.88,Monthly,2022-08-10
S7746,6785d8be-2,Standard,16.68,Monthly,2023-06-18
S7747,b05bb1d6-f,Standard,18.07,Yearly,2024-12-23
S7748,07c44507-f,Standard,3.03,Monthly,2025-07-03
S7749,b45f2ac6-c,Standard,14.64,Monthly,2025-07-23
S7750,,Premium,18.26,Monthly,2024-04-16
S7751,540fa429-6,Basic,6.28,Monthly,2022-12-12
S7752,c4706293-e,Standard,21.83,Yearly,2023-03-30
S7753,854f84ad-8,Basic,16.96,Monthly,2025-06-23
S7754,82349afd-7,Premium,,Yearly,2021-03-05
S7755,a2ccceb8-0,Premium,9.64,Monthly,2023-09-23
S7756,44077f79-9,Premium,14.35,Yearly,2022-11-19
S7757,11be7bf1-e,Premium,13.17,Monthly,2021-06-20
S7758,76660fcc-1,Standard,8.49,Yearly,2023-10-09
S7759,94dcac55-2,Standard,12.84,Yearly,2023-10-27
S7760,a52a630c-c,Premium,5.34,Monthly,2026-01-17
S7761,40611559-5,Standard,8.91,Yearly,2024-10-17
S7762,3c0fcf4e-9,Premium,21.11,Monthly,2025-04-18
S7763,f23616fa-2,Basic,16.06,Monthly,2023-06-14
S7764,7cdcbd25-f,Standard,15.69,Monthly,2021-11-22
S7765,c331f6fd-7,Basic,19.12,Yearly,2024-11-20
S7766,d640d852-e,Standard,11.31,Monthly,2026-01-31
S7767,b4f4987d-7,Standard,11.6,Monthly,2025-06-15
S7768,0278efbc-a,Premium,23.78,Yearly,2024-02-26
S7769,9536e64a-b,Basic,8.08,Yearly,2022-06-25
S7770,98727a4c-c,Basic,16.64,Yearly,
S7771,ad3e5a9c-d,Standard,16.71,Monthly,2021-07-17
S7772,67ef27b1-1,Premium,4.85,Yearly,2024-08-10
S7773,43707744-a,Standard,15.91,Monthly,2025-08-31
S7774,dd82d472-3,Basic,19.98,Yearly,2021-05-06
S7775,6d5ca63b-0,Standard,17.63,Yearly,2025-12-24
S7776,fe17a368-e,Premium,10.83,Yearly,2022-12-01
S7777,ebad859f-d,Premium,14.88,Yearly,2025-04-18
S7778,863c9acf-1,Standard,16.53,Yearly,2021-02-16
S7779,fbf7d64e-3,Standard,13.94,Monthly,2026-01-22
S7780,cea061c0-4,Premium,16.33,Yearly,2025-05-06
S7781,93734c3e-c,Standard,18.75,Monthly,2024-05-11
S7782,48383bf0-8,Premium,11.13,Yearly,2021-10-16
S7783,477ec310-d,Standard,19.79,Monthly,2023-11-27
S7784,06801a0a-d,Premium,20.43,Yearly,2024-10-16
S7785,ee5dc3fd-1,Basic,6.25,Monthly,2022-01-15
S7786,4f78f0fe-0,Standard,15.1,Monthly,2023-07-30
S7787,9421d2ed-b,Premium,4.71,Yearly,2025-10-07
S7788,e7fecd78-4,Basic,19.36,Yearly,2024-01-26
S7789,b60ce294-2,Premium,22.59,Yearly,2023-12-29
S7790,11d7568f-a,Basic,20.41,Yearly,2025-11-18
S7791,6f3161bd-8,Standard,17.5,Monthly,2022-02-14
S7792,7a7c676e-4,Premium,24.32,Yearly,2021-09-09
S7793,892f3886-8,Basic,22.0,Monthly,2022-09-09
S7794,77747fe2-9,Premium,15.67,Yearly,2022-01-11
S7795,5a705178-c,Basic,18.62,Monthly,2025-02-22
S7796,14f38e75-5,Basic,24.59,Monthly,2026-01-25
S7797,99f44514-b,Basic,15.96,Yearly,2024-03-02
S7798,619d48c6-1,Premium,14.55,Yearly,2025-01-19
S7799,a12fb393-4,Premium,22.96,Monthly,2023-09-02
S7800,d9774f60-d,Premium,22.05,Monthly,2025-04-03
S7801,98dacec8-6,Basic,15.0,Monthly,2024-05-26
S7802,8dce2ca9-8,Standard,7.53,Monthly,2026-02-02
S7803,d8c9da18-9,Premium,20.62,Monthly,2023-08-04
S7804,185bf40b-c,Standard,,Yearly,2022-06-22
S7805,93c4ed91-c,Basic,17.53,Yearly,
S7806,eb5d23ad-0,Basic,10.11,Yearly,2023-07-05
S7807,452e1b39-6,Basic,24.36,Yearly,2025-11-12
S7808,bae3cd06-4,Basic,24.59,Monthly,2022-09-20
S7809,e1bd588d-2,Basic,21.93,Yearly,2022-12-06
S7810,9324bbf1-8,Standard,14.94,Monthly,2024-07-07
S7811,793ec56f-b,Basic,3.56,Yearly,2023-08-03
S7812,6e3ea1e9-5,Basic,12.62,Yearly,2021-10-25
S7813,2d93b92d-c,Premium,24.74,Yearly,2024-11-16
S7814,e852a61e-2,Premium,22.53,Yearly,2022-09-06
S7815,3d3c6c71-2,Premium,23.4,Yearly,2022-12-17
S7816,c957063e-5,Premium,17.37,Yearly,2022-06-26
S7817,07561df5-6,Basic,22.67,Yearly,2023-03-25
S7818,f25d4957-a,Basic,17.45,Monthly,2025-01-15
S7819,35739b70-7,Premium,16.59,Monthly,2025-09-01
S7820,34ebfa16-4,Standard,24.59,Monthly,2023-10-23
S7821,44cee69b-e,Basic,20.26,Monthly,2023-12-20
S7822,0d016ee8-6,Standard,8.95,Yearly,2024-12-08
S7823,c31c4bdf-4,Standard,15.45,Monthly,2021-12-08
S7824,1e5ae3dd-d,Basic,15.69,Monthly,2023-03-20
S7825,2d4a6b04-a,Standard,10.87,Yearly,2025-11-20
S7826,a6c2563f-2,Standard,4.34,Monthly,2025-09-26
S7827,547a21ab-a,Premium,20.39,Monthly,2022-05-11
S7828,2b303f7e-6,Standard,9.36,Monthly,2024-01-10
S7829,337a2157-b,Standard,20.61,Monthly,2022-01-20
S7830,98e9ef73-3,Premium,8.78,Yearly,2023-06-25
S7831,0a6af23b-8,Premium,6.48,Yearly,2025-09-19
S7832,8571287c-8,Basic,21.01,Yearly,2022-02-05
S7833,897da59d-a,Basic,14.33,Monthly,2024-12-20
S7834,,Standard,3.57,Monthly,2023-02-19
S7835,e139ecf9-1,Basic,18.94,Monthly,2023-11-17
S7836,327f1723-5,Standard,22.06,Monthly,2025-06-13
S7837,5d0cfc7d-c,Basic,22.81,Yearly,2023-05-05
S7838,fecb65f9-7,Standard,6.03,Yearly,2021-06-13
S7839,4d69b47e-d,Premium,19.97,Monthly,2023-12-18
S7840,77c4da8a-5,Standard,22.07,Monthly,2025-05-23
S7841,ccb47890-0,Standard,7.31,Yearly,2022-11-08
S7842,12691a0a-b,Basic,3.96,Yearly,2025-09-14
S7843,0d726d81-e,Premium,21.22,Yearly,2025-08-29
S7844,598dae95-f,Standard,24.86,Yearly,2025-12-13
S7845,61d0ec06-5,Premium,23.3,Yearly,2021-10-16
S7846,33aa7ae2-b,Standard,15.72,Yearly,2023-08-09
S7847,88809559-d,Premium,5.86,Yearly,2022-05-12
S7848,0bc26fe5-3,Premium,24.2,Monthly,2024-09-09
S7849,22c60347-5,Standard,3.94,Monthly,2022-09-06
S7850,5fa192d4-6,Basic,10.55,Yearly,2021-05-21
S7851,0bce3334-e,Premium,11.76,Monthly,2021-10-19
S7852,ecb2bd5c-1,Standard,23.72,Yearly,
S7853,9e93fa42-a,Basic,19.5,Monthly,2024-06-30
S7854,792c6547-e,Premium,10.43,Yearly,2021-05-07
S7855,0348bdf1-2,Basic,17.78,Yearly,2021-04-25
S7856,37da379c-2,Basic,5.56,Yearly,2024-11-29
S7857,45bf1cd2-3,Standard,22.32,Yearly,2022-05-05
S7858,927140eb-7,Basic,17.3,Yearly,2021-02-28
S7859,,Premium,12.8,Monthly,2023-08-07
S7860,61aeae61-f,Standard,8.37,Yearly,2025-03-16
S7861,631e88eb-e,Premium,17.78,Yearly,2025-10-30
S7862,25058610-3,Basic,9.45,Monthly,2022-11-10
S7863,b2437d6c-a,Basic,15.24,Monthly,2023-05-24
S7864,0ac90453-6,Premium,3.31,,2022-02-08
S7865,8d771710-7,Basic,20.84,Yearly,2025-12-17
S7866,9887ad40-f,Standard,23.48,Monthly,2021-06-14
S7867,9fc1ad6b-4,Basic,9.43,Monthly,2025-11-18
S7868,0e459895-a,Premium,9.99,Monthly,2024-06-15
S7869,42e3e2cf-6,Premium,10.29,Yearly,2023-03-09
S7870,99175ae9-5,Premium,9.44,Monthly,2021-12-27
S7871,c911bb6a-8,Premium,11.83,Yearly,2022-07-13
S7872,dc502e1a-0,Premium,14.89,Monthly,2021-02-17
S7873,c06bdb90-c,Basic,7.96,Yearly,2022-09-05
S7874,79e36615-5,Basic,7.37,Yearly,2023-02-18
S7875,4b13aa8a-a,Basic,22.36,Monthly,2024-10-06
S7876,936b31b6-f,Basic,11.37,Yearly,2025-10-13
S7877,796f36ff-9,Premium,8.48,Monthly,2025-09-19
S7878,5e595653-0,Basic,4.17,Monthly,2022-10-02
S7879,f96f831e-8,Basic,21.45,,2025-09-20
S7880,8b867bee-b,Premium,14.15,Yearly,2025-07-15
S7881,7f39d7be-a,Basic,21.01,Yearly,2024-01-11
S7882,e2641e20-0,Standard,11.75,Monthly,2021-10-23
S7883,9d555d3b-e,Premium,6.1,Yearly,2022-07-08
S7884,72e1ee20-a,Standard,11.41,Monthly,2025-02-18
S7885,05f05765-6,Premium,13.81,Yearly,2022-04-18
S7886,8659e8f7-0,Standard,9.23,Monthly,2021-11-08
S7887,6f579f8e-a,Standard,15.81,Yearly,2024-02-27
S7888,e0e6e7f4-e,Basic,11.55,Monthly,2022-07-16
S7889,23ce45e9-8,Basic,14.57,Yearly,2023-09-25
S7890,d7f2dc2b-a,Basic,21.31,Monthly,2023-08-25
S7891,c960c2f4-d,Premium,20.72,Monthly,2025-06-07
S7892,da11cfe3-e,Standard,12.79,Yearly,2023-05-06
S7893,be5711ca-3,Basic,24.14,Yearly,2022-01-18
S7894,aaafcb15-8,Premium,23.03,Monthly,2021-07-22
S7895,c99b0636-6,Standard,10.1,Yearly,2021-03-25
S7896,adb49bae-0,Premium,22.23,Yearly,2024-05-24
S7897,d7795d84-5,Basic,23.5,Yearly,2023-12-06
S7898,e376dca3-7,Premium,8.95,Monthly,2022-10-14
S7899,9bd1afa9-2,Standard,15.79,Yearly,2023-07-31
S7900,68e43aa0-0,Standard,7.45,Monthly,2021-12-13
S7901,4f5976e9-3,Premium,20.38,Monthly,2025-04-11
S7902,fdbd7d48-0,Standard,8.88,Monthly,2021-12-30
S7903,61877d49-d,Basic,24.15,Monthly,2026-01-16
S7904,fa90795e-6,Basic,4.78,Yearly,2022-06-04
S7905,85dd031d-c,Basic,11.29,Monthly,2025-07-11
S7906,55c3f6e5-d,Premium,10.33,Yearly,2021-08-19
S7907,f06e5c38-6,Standard,14.36,Yearly,2021-11-04
S7908,2baa4988-d,Standard,5.78,Yearly,2022-03-09
S7909,a8bee8fb-c,Standard,8.77,Yearly,2022-05-19
S7910,95636206-8,Premium,21.85,Monthly,2023-06-18
S7911,a29267eb-c,Standard,9.69,Monthly,2022-02-20
S7912,018057e3-b,Basic,10.59,Yearly,2023-07-11
S7913,929b1fad-2,Premium,19.93,Monthly,2023-03-07
S7914,7ee24b62-f,Premium,16.38,Monthly,2023-04-03
S7915,6cf36431-5,Premium,19.63,Yearly,2022-07-16
S7916,df9d7b01-3,Premium,5.46,Monthly,2023-01-08
S7917,c758c9d7-6,Basic,18.12,Yearly,2025-10-02
S7918,4b235d04-e,Premium,24.27,Monthly,2021-04-03
S7919,af3e1aa6-e,Standard,6.0,Yearly,2023-07-01
S7920,98d8fcde-6,Basic,14.66,Monthly,2025-03-23
S7921,8c341adc-d,Basic,20.04,Yearly,2023-04-09
S7922,a8d0ccb7-7,Basic,8.89,Monthly,2025-02-15
S7923,a853ce34-e,Basic,14.93,Yearly,2022-12-09
S7924,963c9750-9 ,Basic,16.75,Yearly,2026-01-14
S7925,40d31e16-b,Basic,24.01,Monthly,2022-06-30
S7926,d2ddb07c-8,Premium,7.99,Monthly,2024-10-18
S7927,39a1d173-5,Standard,12.61,Yearly,2023-01-25
S7928,197f14c9-5,Standard,16.27,Monthly,2026-01-24
S7929,3630f45f-5,Premium,14.58,Yearly,2025-06-22
S7930,79c32797-6,Basic,5.93,Yearly,2023-07-17
S7931,7e72b5cb-6,Standard,18.2,Monthly,2023-07-24
S7932,92fc2402-e,Standard,4.79,Yearly,2025-03-15
S7933,fb3108d4-c,Basic,15.9,Yearly,2023-06-06
S7934,21cc6bf5-0,Basic,21.51,Monthly,2023-05-18
S7935,731b4cea-4,Standard,6.85,Monthly,2021-12-25
S7936,ef9cdd90-9,Basic,16.77,Monthly,2021-02-10
S7937,11b2ac0b-b,Basic,18.11,Monthly,2024-12-09
S7938,f728fdb2-1,Basic,15.65,Yearly,2022-02-14
S7939,fb9d0624-0,Premium,9.21,Monthly,2024-05-07
S7940,391c2cf9-9,Standard,9.56,Yearly,2024-02-18
S7941,08334702-c,Premium,4.37,Monthly,2022-01-26
S7942,43cc690e-3,Basic,6.74,Monthly,2025-08-19
S7943,ba4ec62a-5,Premium,16.2,Monthly,2022-02-03
S7944,3f774534-c,Basic,11.3,Yearly,2024-07-18
S7945,f08c3668-1,Standard,22.49,Yearly,2025-07-23
S7946,850e09ae-8,Standard,3.85,Yearly,2021-07-12
S7947,2d922d36-c,Premium,21.89,Yearly,2021-04-21
S7948,dab3a973-9,Basic,10.64,Monthly,2025-07-10
S7949,6def0ef6-2,Standard,19.93,Yearly,2022-05-17
S7950,8eecec63-4,Standard,14.66,Monthly,2024-06-17
S7951,ee001ede-e,Standard,4.55,Monthly,2023-07-08
S7952,918aec65-c,Premium,17.19,Monthly,2024-03-10
S7953,c8c73c80-9,Premium,14.39,Monthly,2022-09-08
S7954,36efefb8-b,Standard,14.83,Yearly,2021-04-21
S7955,b9186bb2-6,Premium,13.85,Yearly,2021-10-23
S7956,67a64bc4-2,Premium,11.41,Yearly,2024-01-20
S7957,ebadf1ab-d,Premium,11.28,Monthly,2025-06-10
S7958,99e50da0-d,Standard,5.39,Monthly,2024-01-18
S7959,caf3c8f4-d,Premium,6.72,Monthly,2022-10-26
S7960,083183c3-f,Premium,13.73,Yearly,2023-09-27
S7961,0425434f-9,Standard,24.56,Yearly,2023-09-15
S7962,f87250db-a,Standard,6.21,Monthly,2023-02-04
S7963,f1e6b7e9-d,Standard,20.42,Yearly,2023-02-11
S7964,890f4b63-6,Standard,24.9,Monthly,2022-06-06
S7965,75347fd7-3,Premium,12.69,Monthly,2021-06-22
S7966,d60befc1-8,Standard,22.49,Yearly,2022-07-10
S7967,1d01b31b-d,Premium,5.62,Monthly,2024-09-20
S7968,70b874ef-8,Standard,16.44,Monthly,2023-06-29
S7969,c85a4e16-7,Basic,16.68,Monthly,2023-11-24
S7970,67129316-c,Premium,18.42,Monthly,2024-04-04
S7971,89953faa-9,Standard,14.09,Yearly,2021-03-26
S7972,17e727be-8,Standard,7.29,Monthly,2021-06-03
S7973,702be083-2,Premium,19.56,Monthly,2021-02-18
S7974,e7df9193-5,Basic,,Monthly,2023-12-30
S7975,cbf85706-6,Premium,6.62,Yearly,2021-04-13
S7976,7fd67d8c-f,Premium,11.97,Yearly,2021-08-12
S7977,7639b560-1,Standard,12.57,Yearly,2023-04-21
S7978,433f6bc4-e,Standard,15.89,Monthly,2024-09-09
S7979,a451df57-9,Premium,10.66,Yearly,2022-01-29
S7980,59e64167-9,Premium,22.22,Yearly,2021-08-24
S7981,cdbf8d3d-1,Standard,10.12,Yearly,2022-11-25
S7982,2ce04525-5,Premium,7.47,Yearly,2025-10-21
S7983,ddf0f809-5,Standard,5.13,Monthly,2025-12-26
S7984,c8a6bb0e-9,Basic,22.02,Monthly,2022-01-20
S7985,fac8d554-7,Basic,15.0,Yearly,2022-07-29
S7986,e455ff0c-9,Basic,15.39,Monthly,
S7987,5672166e-a,Basic,4.37,Yearly,2024-01-06
S7988,45c474a8-7,Basic,7.13,Yearly,2022-01-19
S7989,752631f7-7,Basic,6.77,Monthly,2021-09-18
S7990,f901b5e3-f,Basic,22.03,Monthly,2021-06-07
S7991,94edf160-1,Basic,3.09,Yearly,2021-04-21
S7992,878c93b7-0,Standard,7.5,Monthly,2025-09-04
S7993,e90cd2ff-b,Standard,18.65,Yearly,2023-12-20
S7994,28f53ded-b,Premium,12.96,Yearly,2021-08-03
S7995,c7df5155-c,Premium,16.87,Monthly,2022-10-06
S7996,ae84dd09-4,Basic,7.11,Yearly,2025-09-02
S7997,64fff0c9-b,Premium,10.57,Monthly,2021-12-15
S7998,d3f8ebb4-9,Standard,11.58,Yearly,2021-02-23
S7999,f6e6c80f-3,Standard,18.98,Yearly,2022-04-22
S8000,f929c318-b,Premium,4.19,Yearly,2023-11-27
S8001,59eff304-3,Basic,18.62,Yearly,2023-07-17
S8002,93959168-2,Standard,7.16,Monthly,2021-10-25
S8003,745bd17f-f,Basic,23.19,Monthly,2022-10-08
S8004,3b83f40e-4,Basic,9.42,Monthly,2024-11-19
S8005,02075e57-d,Standard,21.82,Yearly,2021-11-16
S8006,249b6c2d-b,Standard,19.62,Yearly,2024-12-18
S8007,d5d5024d-1,Standard,22.0,Monthly,2025-04-17
S8008,2ccb33af-a,Basic,20.18,Monthly,2021-11-26
S8009,5c1d41f0-d,Standard,14.76,Yearly,2024-05-18
S8010,a7ec0d01-6,Standard,7.28,Monthly ,2025-08-02
S8011,38035cbe-6,Basic,7.4,Monthly,2024-11-03
S8012,457bbc72-c,Standard,23.56,Yearly,2025-05-12
S8013,0ecb79be-e,Premium,15.12,Monthly,2021-05-28
S8014,a87283d1-1,Standard,11.75,Yearly,2023-06-25
S8015,4689dd55-b,Standard,15.08,Yearly,2022-02-24
S8016,04968685-0,Basic,13.99,Yearly,2021-03-09
S8017,,Premium,12.81,Monthly,2023-05-09
S8018,8b114e24-9,Basic,22.93,Yearly,2024-11-12
S8019,c28e5683-9,Basic,7.68,Yearly,2022-05-12
S8020,ccc8f11d-b,Basic,14.2,Monthly,2021-04-01
S8021,44c4adc0-1,Premium,5.81,Yearly,2024-02-26
S8022,95bef73d-1,Basic,23.39,Monthly,2024-07-01
S8023,f781c9cd-a,Premium,19.35,Yearly,2025-10-12
S8024,936e7865-6,Standard,11.12,Monthly,2024-12-09
S8025,56bc21f7-6,Standard,9.15,Yearly,2026-01-26
S8026,755e9bfa-b,Standard,19.24,Monthly,2023-06-15
S8027,41a641f4-4,Standard,16.16,Yearly,2024-12-10
S8028,d5fa88c8-0,Basic,5.59,Monthly,2023-09-02
S8029,26e48fdb-2,Premium,8.93,Yearly,2023-02-13
S8030,24e3654c-0,Premium,24.8,Yearly,2022-05-17
S8031,6c226760-5,Standard,16.65,Monthly,2021-04-04
S8032,424d64ea-4,Basic,14.88,Yearly,2022-12-27
S8033,53bb1a8a-2,Basic,24.21,Yearly,2021-11-11
S8034,66607885-2,Standard,22.56,Monthly,2021-05-24
S8035,69a71376-0,Basic,20.81,Yearly,2024-02-23
S8036,e0966b2b-4,Basic,20.39,Yearly,2023-08-24
S8037,db1e30e7-a,Premium,5.61,Monthly,2023-01-20
S8038,9706386a-5,Basic,7.67,Monthly,2023-05-04
S8039,439a3745-3,Premium,3.99,Monthly,2021-08-12
S8040,0230a640-3,Basic,22.98,Monthly,2023-03-13
S8041,327769fd-3,Standard,20.66,Monthly,2022-03-17
S8042,4de7696e-9,Standard,18.35,Monthly,2025-02-27
S8043,e76463cd-6,Standard,4.22,,2025-01-20
S8044,a0fdd0a6-7,Premium,17.29,Yearly,2021-08-15
S8045,d874f0c7-9,Standard,15.37,Monthly,2021-07-18
S8046,4db3f527-e,Standard,17.84,Monthly,2023-10-12
S8047,f3beeacb-c,Standard,16.53,Monthly,2024-10-15
S8048,99a5c0c9-9,Standard,19.22,Monthly,2025-04-16
S8049,95453e5f-8,Standard,19.45,Monthly,2025-09-26
S8050,03496c8f-5,Standard,23.74,Yearly,2025-01-22
S8051,20013cdd-3,Basic,11.29,,2022-02-08
S8052,5e428184-4,Basic,4.38,Yearly,2023-07-04
S8053,635c27e5-b,Standard,23.8,Yearly,2026-01-17
S8054,1ee6d8e6-8,Premium,10.69,Monthly,2021-11-02
S8055,f3cb6f38-7,Standard,16.5,Monthly,2022-05-22
S8056,45ba5a45-b,Standard,22.01,Monthly,2025-08-31
S8057,8d517c53-2,Basic,8.76,Yearly,2024-08-07
S8058,f4a53a80-4,Basic,12.55,Yearly,2023-10-02
S8059,eea1bb15-b,Standard,3.83,Monthly,2022-07-25
S8060,a2c25e2c-d,Basic,9.63,Yearly,2022-07-26
S8061,cefaa099-1,Basic,9.96,Y3arly,2024-09-15
S8062,91ceffeb-3,Basic,18.25,Yearly,2023-09-12
S8063,802d4376-a,Standard,7.07,Monthly,2024-11-01
S8064,63cd9419-8,Basic,9.31,Yearly,2025-02-14
S8065,e13158bd-8,Standard,19.42,Monthly,2023-09-01
S8066,3bdb07c8-a,Basic,12.01,Monthly,2025-10-06
S8067,3830fecc-4,Premium,16.19,Yearly,2024-12-24
S8068,b065f7f7-0,Standard,18.64,Monthly,2024-07-06
S8069,fb8c08d8-6,Standard,23.01,Yearly,2021-06-03
S8070,bff7c0a7-b,Premium,23.69,Monthly,2023-11-18
S8071,1833d097-1,Premium,16.17,Yearly,2024-06-25
S8072,9d87bf42-7,Standard,21.68,Yearly,2021-02-25
S8073,56ba6308-b,Basic,22.03,Monthly,2025-12-25
S8074,7e51040a-b,Premium,18.81,Yearly,2021-08-29
S8075,d770ec6e-4,Standard,9.36,Yearly,2022-11-19
S8076,c543e78d-0,Premium,6.09,Yearly,2021-03-28
S8077,d9eb0ca5-b,Standard,6.63,Monthly,2022-07-02
S8078,29639f45-a,Premium,18.78,Yearly,2023-04-28
S8079,62a7ad1b-c,Premium,16.95,Monthly,2023-08-02
S8080,95af96d3-1,Basic,6.07,Yearly,2025-02-20
S8081,7da96560-b,Basic,18.17,Yearly,2025-07-11
S8082,1e238e93-5,Premium,10.09,Yearly,2023-10-07
S8083,3a147c41-f,Premium,15.26,Monthly,2021-09-26
S8084,088c0093-5,Basic,11.99,Monthly,2024-11-21
S8085,46d38747-b,Standard,24.18,Yearly,2022-06-07
S8086,0524d3c2-b,Premium,4.57,Monthly,2023-05-14
S8087,72701791-2,Standard,8.58,Monthly,2021-10-07
S8088,88002df0-d,Standard,5.66,Monthly,2024-06-16
S8089,f3d31256-0,Premium,22.81,Yearly,2022-08-14
S8090,eb08d0b5-6,Standard,22.71,Yearly,2026-01-20
S8091,cda5f238-9,Premium,24.62,Yearly,2025-10-14
S8092,9d2ddf00-7,Standard,11.79,Monthly,2024-09-23
S8093,66a168fd-0,Basic,12.18,Monthly,2023-10-25
S8094,9c5b922e-7,Standard,8.54,Monthly,2025-12-18
S8095,91ba444e-9,Basic,9.87,Yearly,2024-11-03
S8096,0699d369-5,Basic,12.45,Yearly,2026-02-07
S8097,e7c2b761-7,Standard,6.18,Monthly,2025-09-22
S8098,f7e7e16a-a,Premium,18.87,Monthly,2026-01-20
S8099,434d4d53-c,Premium,13.16,Monthly,2025-11-11
S8100,638a1a51-5,Standard,20.98,Yearly,2025-05-15
S8101,1ea1af15-2,Basic,23.51,Monthly,2022-09-22
S8102,2a168d7e-9,Standard,5.3,Yearly,2025-11-21
S8103,0d116b3c-8,Basic,16.23,Yearly,2026-01-06
S8104,1eae2c33-2,Premium,5.44,Yearly,
S8105,782dd085-c,Basic,17.09,Monthly,2022-06-07
S8106,b646a729-9,Standard,24.97,Monthly,2024-01-28
S8107,72e8409d-2,Premium,7.54,Monthly,2025-12-13
S8108,39024d63-1,Standard,4.69,Monthly,2024-09-08
S8109,c0197212-5,Standard,10.28,Monthly,2021-08-18
S8110,565b4408-e,Basic,9.92,Monthly,2021-12-09
S8111,0ee987a7-e,Premium,18.54,Yearly,2023-07-17
S8112,1f01e50a-9,Standard,7.8,Yearly,2024-03-06
S8113,6c0c0da2-4,Standard,21.33,Monthly,2024-10-04
S8114,edd3f4af-1,Basic,8.3,Monthly,2024-11-12
S8115,619c0a98-1,Standard,24.66,Yearly,2022-09-23
S8116,be7bc05f-7,Premium,12.09,Monthly,2024-11-26
S8117,cbc89839-7,Standard,10.34,Yearly,2025-04-14
S8118,e8685b0a-3,Premium,9.95,Monthly,2024-08-11
S8119,b36b09b5-b,Standard,15.09,Monthly,2025-10-09
S8120,d1568955-d,Basic,24.05,Monthly,2025-01-30
S8121,611abb80-5,Standard,16.69,Yearly,2022-02-03
S8122,e1ef37e4-9,Premium,9.83,Yearly,2024-07-23
S8123,b4d24d04-4,Basic,8.44,Yearly,2022-01-16
S8124,ce8a0a4f-7,Basic,18.86,Monthly,2025-06-10
S8125,47c3748c-a,Standard,15.15,Monthly,2024-01-23
S8126,062e8f6d-b,Premium,12.21,Monthly,2024-01-26
S8127,425aa9c3-5,Basic,12.08,Yearly,2023-01-10
S8128,4583a29f-3,Premium,13.88,Yearly,2025-03-01
S8129,e60bed12-3,Premium,7.27,Monthly,2025-02-03
S8130,c1804d09-a,Basic,7.23,Monthly,2023-05-06
S8131,4c1a65bd-f,Basic,23.64,Monthly,2024-10-26
S8132,ace9ec31-1,Basic,20.21,Monthly,2025-12-28
S8133,7be4f1e5-4,Standard,10.85,Yearly,2023-10-12
S8134,,Standard,19.53,Yearly,2023-12-22
S8135,3b49d07f-7,Premium,9.47,Yearly,2022-12-08
S8136,749b8956-b,Premium,8.31,Yearly,2021-12-06
S8137,6c53b041-d,Standard,4.26,Monthly,2022-06-14
S8138,d6687e21-2,Basic,18.69,Yearly,2023-10-15
S8139,63e10047-1,Basic,21.24,Monthly,2022-05-28
S8140,ddf9f554-9,Standard,8.43,Yearly,2022-03-21
S8141,960616d4-9,Premium,24.5,Monthly,2025-09-22
S8142,4922fc7c-2,Premium,7.94,Yearly,2025-12-18
S8143,060888fe-3,Premium,10.85,Monthly,2025-12-14
S8144,c6cce6d2-f,Basic,11.41,Yearly,2024-05-15
S8145,f14a40d3-0,Basic,16.46,Monthly,2023-06-23
S8146,7a654195-9,Standard,17.75,Yearly,2023-11-02
S8147,6c362216-f,Premium,17.48,Yearly,2021-11-05
S8148,87d6919d-5,Basic,21.55,Yearly,2022-08-23
S8149,b5455071-e,Premium,5.97,Yearly,2024-07-04
S8150,ee033c86-f,Premium,19.01,Monthly,2023-01-06
S8151,bd18395c-6,Premium,,Yearly,2021-09-07
S8152,c62a018f-0,Basic,4.99,Monthly,2021-09-29
S8153,2e03c7a3-d,Standard,9.79,Monthly,2023-09-01
S8154,79f52335-3,Standard,8.15,Yearly,2021-05-17
S8155,4c103dc4-b,Premium,,Monthly,2024-05-17
S8156,1695068c-a,Basic,7.2,Yearly,2026-02-02
S8157,b46f7956-f,Standard,16.19,Yearly,2022-09-25
S8158,0030808e-b,Basic,22.99,Yearly,2025-08-27
S8159,b6134a38-5,Basic,12.84,Monthly,2021-04-18
S8160,07b28f09-6,Basic,8.98,Yearly,2021-07-15
S8161,d1860b6a-5,Standard,9.84,Monthly,2023-10-03
S8162,13a0d954-2,Standard,19.82,Yearly,2023-06-22
S8163,78bd0cb6-8,Basic,23.47,Monthly,2023-07-20
S8164,99de1de1-3,Premium,16.14,Monthly,2022-07-22
S8165,9004db56-c,Basic,7.77,Yearly,2022-02-08
S8166,b293fbc8-a,Standard,6.81,Monthly,2025-05-20
S8167,3860c418-7,Premium,8.38,Monthly,2022-04-29
S8168,36729115-7,Premium,7.99,Yearly,2022-10-11
S8169,7c783182-c,Premium,4.52,Monthly,2022-06-24
S8170,1b3aebb7-8,Premium,15.73,Yearly,2025-05-27
S8171,eac9d46d-6,Basic,17.0,Yearly,2022-11-05
S8172,1a2ba356-2,Standard,19.5,Yearly,2021-06-26
S8173,638e37d5-4,Premium,23.44,Yearly,2022-09-14
S8174,0936453d-7,Premium,17.4,Monthly,2025-08-16
S8175,e39b8ec9-2,Standard,24.85,Monthly,2025-11-06
S8176,79753013-9,Basic,5.79,Monthly,2021-11-12
S8177,090a30eb-c,Basic,19.24,Yearly,2023-12-29
S8178,8086a037-8,Premium,22.93,Monthly,2025-07-12
S8179,61cb85d8-3,Basic,14.65,Monthly,2023-12-21
S8180,2e5437b1-f,Basic,17.2,Yearly,2023-02-09
S8181,30df13d3-5,Premium,11.42,Monthly,2023-07-18
S8182,bf5c0ddc-6,Basic,24.18,Monthly,2021-05-29
S8183,44d17091-2,Basic,12.87,Yearly,2023-06-10
S8184,8f911cca-1,Standard,10.99,Yearly,2021-07-31
S8185,68ccc62c-e,Basic,9.41,Monthly,2025-04-30
S8186,694e00ca-c,Standard,11.24,Monthly,2022-03-25
S8187,53344128-8,Premium,6.2,Monthly,2025-04-03
S8188,6f55f698-7,Premium,5.25,Yearly,2024-02-19
S8189,1b3723fd-9,Basic,15.29,Monthly,2022-11-14
S8190,e1d26a42-0,Premium,6.74,Monthly,
S8191,386c4b2e-7,Basic,17.12,Monthly,2025-01-13
S8192,9b0ff1a2-b,Basic,11.52,Monthly,2023-05-05
S8193,40501f3f-3,Basic,12.38,Yearly,2023-12-07
S8194,8a2cbfcd-e,Premium,12.12,Monthly,2022-08-03
S8195,d9c6333e-1,Basic,9.75,Monthly,2023-06-10
S8196,fead9a3a-5,Premium,20.14,Monthly,2021-09-17
S8197,481d1450-e,Standard,3.67,Monthly,2025-06-28
S8198,6212d6d8-3,Premium,4.73,Monthly,2023-04-16
S8199,1929e59c-2,Premium,20.33,Monthly,2021-05-02
S8200,cb5a964f-b,Basic,3.0,Yearly,2021-11-22
S8201,3af6dfe6-b,Standard,18.99,Monthly,2022-07-21
S8202,cb5c2784-5,Standard,10.98,Monthly,2024-11-18
S8203,ec469fc2-3,Premium,3.44,Yearly,2023-06-18
S8204,5948bb0d-7,Standard,6.55,Yearly,2025-12-08
S8205,10dcab43-d,Premium,17.46,Monthly,2021-09-07
S8206,c4e08934-2,Premium,14.95,Yearly,2026-01-11
S8207,2b623ddc-a,Premium,24.24,Monthly,2025-06-13
S8208,9b9c6d5c-5,Premium,23.63,Monthly,2025-10-01
S8209,390ce4dc-0,Basic,17.61,Yearly,2021-07-03
S8210,9d9fef9a-d,Premium,7.01,Monthly,2025-05-22
S8211,4e5a0c3f-0,Basic ,,Yearly,2024-10-11
S8212,2adf10f3-2,Basic,5.95,Monthly,2025-09-13
S8213,892ec5ef-4,Premium,4.54,Yearly,2021-12-26
S8214,50ca64ba-0,Standard,15.64,Yearly,2022-10-28
S8215,cd6d5416-e,Standard,9.0,Yearly,2021-10-23
S8216,d7b52ed1-1,Basic,22.79,Monthly,2025-05-31
S8217,07112060-7,Standard,24.19,Monthly,2025-06-05
S8218,6cb19341-3,Standard,22.21,Yearly,2024-12-28
S8219,1590b246-0,Standard,5.01,Monthly,2021-09-25
S8220,8527aa2f-c,Premium,15.48,Monthly,2021-05-04
S8221,0d387a74-4,Standard,8.14,Yearly,2022-07-14
S8222,90e54d0d-a,Premium,6.33,Yearly,2023-08-12
S8223,f13d57e8-0,Premium,18.63,Yearly,2023-04-28
S8224,486f3d86-7,Premium,10.96,Monthly,2022-09-24
S8225,97d0542d-3,Premium,20.93,Yearly,2025-06-08
S8226,d5b55deb-b,Basic,20.22,Monthly,2024-12-23
S8227,7f36c3da-3,Basic,15.02,Monthly,2024-01-17
S8228,793c27d5-f,Premium,11.82,Yearly,2024-02-25
S8229,b13713c0-9,Standard,15.84,Yearly,2022-04-28
S8230,a3afae37-a,Premium,12.35,Yearly,2025-07-18
S8231,bcbfab42-b,Basic,4.26,Monthly,2024-03-20
S8232,6cdef99f-a,Basic,5.82,Yearly,2022-10-23
S8233,84016259-d,Basic,4.91,Monthly,2021-07-27
S8234,a99fc0af-b,Standard,8.19,Monthly,2022-07-12
S8235,219d2c75-6,Standard,18.75,Yearly,2025-08-28
S8236,6bb4097d-0,Premium,20.45,Yearly,2025-01-19
S8237,a55f96cc-c,Standard,7.38,Yearly,2021-09-24
S8238,1c6fbba0-b,Basic,6.13,Monthly,2021-07-12
S8239,9a82d926-2,Basic,15.02,Monthly,2022-08-10
S8240,9fd4490f-5,Standard,17.14,Yearly,2022-11-18
S8241,71c6deaa-f,Basic,22.36,Monthly,2025-10-17
S8242,1960a09d-6,Basic,3.29,Yearly,2022-03-19
S8243,cf2603c7-0,Premium,16.78,Monthly,2022-12-17
S8244,0dd601c5-e,Standard,23.76,Monthly,2022-02-18
S8245,04cc90fb-7,Premium,9.64,Yearly,2025-06-08
S8246,5cd2eb69-b,Basic,22.14,Monthly,2022-06-06
S8247,cec791fa-d,Premium,17.31,Monthly,2022-12-14
S8248,,Standard,23.18,Monthly,2022-06-20
S8249,f33b2c1d-e,Basic,6.74,Monthly,2021-07-06
S8250,8db2363c-b,Basic,18.43,Monthly,2024-06-14
S8251,29ab7922-9,Basic,22.81,Yearly,2024-08-25
S8252,75b374ea-a,Standard,21.95,Monthly,2022-03-21
S8253,42a2cb31-b,Premium,19.66,Monthly,2023-10-02
S8254,8a4451da-4,Basic,12.58,Yearly,2022-09-24
S8255,96ef0477-e,Basic,5.95,Monthly,2022-03-19
S8256,f1b7a4ee-9,Basic,17.7,Yearly,2024-09-19
S8257,1c8dc3a9-f,Premium,6.86,Yearly,2025-02-07
S8258,dcc7ee30-f,Standard,12.16,Monthly,2024-09-18
S8259,904cff64-e,Basic,12.74,Monthly,2021-07-20
S8260,32e3d407-0,Standard,19.93,Yearly,2026-02-09
S8261,2c4a207c-3,Premium,3.68,Yearly,2022-05-11
S8262,4626198f-9,Standard,7.55,Monthly,
S8263,a0d8082e-a,Standard,17.11,Yearly,2021-07-27
S8264,011613da-8,Basic,6.41,Monthly,2024-10-21
S8265,fa181ddd-7,Standard,12.24,Monthly,2021-06-21
S8266,0c375765-2,,10.36,Monthly,2023-11-07
S8267,eb4d627c-b,Basic,,Yearly,2025-03-13
S8268,880d08ae-2,Standard,16.45,,2024-04-06
S8269,5f966c0b-2,Standard,15.28,Yearly,2022-12-09
S8270,50dc9954-a,Premium,18.9,Yearly,2021-05-15
S8271,f8725184-9,Basic,11.94,Monthly,2022-04-16
S8272,45fb136f-b,Basic,8.33,Yearly,2024-07-22
S8273,1efe343a-2,Premium,19.98,Yearly,2023-03-08
S8274,f3cfb3f2-a,Basic,10.52,Monthly,2023-07-11
S8275,0a769488-3,Basic,12.44,Yearly,2025-05-07
S8276,8632ec51-a,Basic,7.31,Monthly,2024-06-06
S8277,21d75ca4-7,Pr3mium,21.15,Monthly,2023-07-08
S8278,6b3930a2-c,Basic,20.09,Monthly,2024-09-05
S8279,e51df515-9,Premium,,Monthly,2023-09-21
S8280,81f461b4-d,Premium,8.99,Monthly,2022-12-05
S8281,33a6250d-d,Standard,24.07,Yearly,2024-03-15
S8282,6290e615-7,Basic,21.97,Monthly,2025-02-12
S8283,0a31894f-1,Standard,13.23,Monthly,2022-11-11
S8284,a32c1ad8-e,Standard,20.65,Yearly,2025-11-01
S8285,605355ac-d,Basic,17.05,Yearly,2021-12-06
S8286,353f8f6c-9,Standard,,Yearly,2022-05-22
S8287,6aaae9d8-c,Standard,6.16,Monthly,2022-09-10
S8288,76c11ae3-1,Standard,23.68,Yearly,2023-09-02
S8289,5e237438-e,Standard ,14.03,Monthly,2021-09-09
S8290,b19c1adc-6,Standard,8.68,Monthly,2021-12-18
S8291,dd90364d-0,Basic,12.23,Monthly,2022-03-29
S8292,e9c05403-7,Basic,18.31,Monthly,2024-10-08
S8293,5ac883d9-4,Basic,18.4,Monthly,2022-05-10
S8294,169297fe-6,Premium,4.75,Yearly,2024-03-21
S8295,981dde78-4,Standard,13.61,Yearly,2021-03-16
S8296,574768ee-1,Premium,14.83,Yearly,2025-08-27
S8297,761fbc01-c,Standard,5.48,Yearly,2025-03-29
S8298,8fbe5b2d-b,Premium,5.66,Yearly,2021-09-20
S8299,e7613180-d,Premium,11.19,Yearly,2024-01-09
S8300,229e4536-f,Standard,17.69,Yearly,2024-01-11
S8301,55ee4332-2,Premium,8.5,Yearly,2025-10-03
S8302,531f2cca-a,Standard,22.2,Monthly,2024-09-16
S8303,d1a467d2-5,Basic,4.49,Yearly,2024-10-09
S8304,d9dd7788-0,Premium,8.72,Monthly,2025-10-28
S8305,3e3b6484-e,Basic,19.33,Yearly,2026-02-09
S8306,705bb433-3,Premium,12.74,Monthly,2025-07-14
S8307,65478a8b-0,Standard,23.28,Monthly,2021-06-10
S8308,aee8c067-e,Basic,12.78,Monthly,2023-01-24
S8309,1a40a268-e,Basic,13.39,Monthly,2022-11-22
S8310,0c9f59fd-2,Standard,6.36,Yearly,2026-01-01
S8311,fe683bfd-d,Basic,17.8,Yearly,2024-01-31
S8312,9a2cedfb-8,Standard,18.26,Yearly,2021-02-11
S8313,d786f8d8-d,Premium,13.71,Monthly,2023-09-02
S8314,d042d88b-9,Standard,6.93,Yearly,2022-06-01
S8315,fe63e9ad-c,Standard,,Monthly,2021-10-30
S8316,e5705227-b,Standard,24.82,Yearly,2023-08-16
S8317,08e72bbf-e,Standard,7.11,Monthly,2022-05-09
S8318,692a0f78-6,Basic,5.12,Monthly,2025-07-12
S8319,c01f5316-c,Basic,23.6,Monthly,2024-05-05
S8320,0b789214-0,Basic,3.57,Yearly,2025-11-21
S8321,07c880f7-b,Standard,21.84,Monthly,2021-04-15
S8322,748a5776-f,Basic,18.42,Yearly,2022-06-02
S8323,08f73a34-0,Basic,9.57,Monthly,2024-06-19
S8324,559e1615-7,Standard,9.8,Yearly,2021-04-29
S8325,74b0390b-f,Basic,24.16,Yearly,2026-01-20
S8326,1623d528-a,Standard,24.56,Monthly,2023-02-14
S8327,f1c0d0a6-3,Basic,7.07,Monthly,2021-08-06
S8328,b7e581b7-2,Standard,4.1,Monthly,2024-09-10
S8329,b808d6d0-2,Standard,6.19,Monthly,2025-01-09
S8330,f244ef33-8,Premium,6.83,Monthly,2021-03-01
S8331,ce43f433-c,Standard,20.18,Yearly,2024-01-16
S8332,3ca0e12f-c,Premium,20.32,Monthly,2021-06-16
S8333,fc72f7e3-3,Standard,19.18,Yearly,2022-01-15
S8334,4e0423aa-7,Premium,18.3,Monthly,2022-07-06
S8335,38bad131-3,Basic,3.08,Monthly,2023-11-12
S8336,6d30f184-1,Standard,18.4,Yearly,2024-10-07
S8337,cf4df76a-3,Basic,17.94,Yearly,2023-07-21
S8338,4ac1e43a-8,Premium,4.73,Monthly,2024-08-14
S8339,cfce04b5-4,Basic,8.61,Monthly,2023-02-04
S8340,b61053c8-7,Standard,14.69,Yearly,2021-07-29
S8341,82c4f1d7-0,Standard,7.69,Monthly,2021-10-12
S8342,dcdd50e4-a,Basic,11.11,Monthly,2025-02-27
S8343,8ab2dbd1-8,Premium,16.86,Monthly,2025-05-31
S8344,59bca876-e,Premium,17.47,Monthly,2025-08-28
S8345,8ec33fac-9,Basic,3.47,Monthly,2025-11-09
S8346,873e3aa3-5,Premium,4.17,Monthly,2022-06-18
S8347,075b759d-e,Premium,5.82,Yearly,2023-07-26
S8348,f694fdf8-d,Basic,3.58,Monthly,2025-10-28
S8349,9af7632b-7,Standard,3.02,Monthly,2021-08-22
S8350,173d39ed-5,Basic,8.55,Yearly,2022-08-08
S8351,1e9f0f11-2,Standard,21.59,Yearly,2022-01-06
S8352,4800c0c2-0,Standard,15.82,Yearly,2022-01-07
S8353,2674cc27-e,Basic,23.12,Yearly,2021-09-26
S8354,f0589a07-b,Premium,3.5,Yearly,2022-05-25
S8355,ca211b2c-1,Standard,,Yearly,2023-09-22
S8356,d2583e9e-5,Standard,8.78,Yearly,2021-10-07
S8357,8fe6e2ef-f,Basic,5.1,Monthly,2023-09-02
S8358,9bc2d2f6-f,Standard,7.76,monthly,2024-01-22
S8359,904645ba-3,Premium,21.62,Monthly,2021-12-30
S8360,0d8c6f79-f,Standard,11.34,Yearly,2021-09-23
S8361,9e662fec-7,Basic,7.29,Yearly,2025-01-12
S8362,0c8dcb1c-b,Standard,9.21,Monthly,2022-05-10
S8363,21de0718-1,Standard,11.8,,2021-06-22
S8364,94e3c90a-c,,21.01,Yearly,2022-12-11
S8365,d79cf807-d,Basic,8.1,Yearly,2024-12-19
S8366,f10f85c5-9,Standard,14.78,Yearly,2023-05-22
S8367,0e3b12a6-7,Standard,9.79,Monthly,2022-07-18
S8368,5be9a1d5-f,Basic,21.66,Monthly,2024-03-11
S8369,909d73a4-6,Premium,18.12,Monthly,2024-06-09
S8370,f04b77ae-b,Basic,13.23,Monthly,2024-01-15
S8371,694b81a2-1,Standard,19.88,Monthly,2023-03-06
S8372,10d116e0-4,Premium,5.45,Monthly,2021-03-20
S8373,3278ee94-6,Standard,8.28,Yearly,2025-12-28
S8374,8b81786f-7,Basic,11.04,Monthly,2025-09-08
S8375,fb48a1eb-c,Premium,,Yearly,2024-05-31
S8376,73605925-1,Basic,6.79,Monthly,2025-03-17
S8377,15c5db7e-b,Standard,21.11,Monthly,2024-07-08
S8378,51384214-c,Premium,5.73,Monthly,2025-11-22
S8379,8560ed6d-9,Premium,3.61,Yearly,2021-06-18
S8380,231297b9-5,Premium,9.76,Yearly,2021-10-01
S8381,db2ce890-d,Basic,13.54,Yearly,2025-03-08
S8382,19ac6dab-8,Basic,12.54,Monthly,2023-12-26
S8383,a24fd832-f,Basic,6.93,Monthly,2025-10-09
S8384,22e997fc-d,Standard,24.41,Yearly,2021-08-04
S8385,bd964823-9,Standard,19.69,Yearly,2022-07-05
S8386,dc651ede-7,Premium,17.17,Yearly,2022-02-25
S8387,3e9be01d-0,Premium,19.0,Monthly,2021-05-29
S8388,fc3b4ac8-4,Standard,24.11,Yearly,2022-12-08
S8389,99cc80fb-9,Standard,3.27,Monthly,2024-09-24
S8390,13185234-e,Standard,19.65,Monthly,2024-09-13
S8391,c24790ef-8,Standard,7.91,Monthly,2023-07-10
S8392,37f9f2c0-d,Basic,4.03,Yearly,2024-01-16
S8393,eb4f1c27-d,Standard,7.61,Monthly,2025-05-04
S8394,2a410628-8,Basic,11.32,Yearly,2023-07-01
S8395,64c55cb2-6,Basic,24.9,Yearly,2025-07-09
S8396,8f7b5783-d ,Standard,10.83,Monthly,2025-01-30
S8397,3588534a-f,Premium,14.29,Yearly,2024-06-05
S8398,98bcd8c5-a,Standard,4.86,Monthly,2021-12-01
S8399,4ad7791f-7,Standard,5.36,Yearly,2021-09-09
S8400,0824ed35-1,Standard,22.6,Monthly,2023-10-29
S8401,6712811a-3,Standard,14.82,Monthly,2023-07-06
S8402,aa336a45-4,Standard,20.66,Monthly,2023-05-29
S8403,ea678861-7,,9.85,Yearly,2025-01-05
S8404,,Premium,9.15,Monthly,2023-02-23
S8405,b3d6f9d4-7,Standard,7.42,Monthly,2025-08-28
S8406,b87041ff-d,Basic,13.91,Yearly,2021-09-30
S8407,aed54375-c,Standard,15.03,Monthly,2024-04-19
S8408,dc4be610-1,Standard,11.2,Yearly,2023-03-26
S8409,5f5c283e-4,Premium,8.13,Yearly,2023-06-09
S8410,40474788-c,Premium,20.04,Monthly,2025-05-22
S8411,a45b9df9-b,Basic,11.23,Monthly,2026-02-01
S8412,90ccfa11-7,Standard,7.51,Yearly,2024-07-23
S8413,e0da6fcb-f,Basic,6.98,Monthly,2021-07-31
S8414,b741f61e-b,Premium,16.56,Y3arly,2024-05-06
S8415,5e25895c-d,Premium,21.77,Yearly,2022-05-07
S8416,75aae326-d,Standard,15.39,Monthly,2022-09-03
S8417,43f5906d-c,Basic,18.78,Yearly,2021-08-11
S8418,2c408ffa-2,Premium,4.65,Yearly,2021-05-03
S8419,67205dc7-5,Basic,20.43,Monthly,2025-09-02
S8420,fb2f9446-d,Premium,11.8,Monthly,2024-05-20
S8421,3ef9c87d-e,Standard,18.77,Yearly,2022-03-27
S8422,de865119-8,Premium,24.31,Monthly,2025-02-09
S8423,275e1f70-a,Premium,17.94,Yearly,2021-07-12
S8424,f8a34618-2,Standard,5.44,Yearly,2021-03-16
S8425,40fc30ef-7,Basic,23.98,Monthly,2025-09-13
S8426,365b9c1e-e,Basic,20.94,Yearly,2022-02-21
S8427,874b2235-a,Premium,21.51,Monthly,2021-09-18
S8428,6e0648e6-9,Standard,22.28,Monthly,2023-05-28
S8429,abd51787-2,Basic,14.43,Monthly,2022-02-05
S8430,726f3b0c-3,Premium,23.11,Yearly,2024-01-10
S8431,ecd635e0-4,Basic,17.59,Monthly,2022-02-15
S8432,8a297a8f-5,Basic,20.07,yearly,2021-12-12
S8433,530275b1-7,Standard,16.95,Monthly,2021-03-19
S8434,61b1da01-5,Basic,23.12,Monthly,2023-10-29
S8435,02c747bd-b,Premium,20.17,Yearly,2023-01-12
S8436,64c98462-2,Basic,7.07,Monthly,2022-10-27
S8437,2e9572cc-6,Premium,6.63,Monthly,2022-01-30
S8438,e69306a7-8,Standard,15.81,Monthly,
S8439,ef06093d-2,Standard,24.17,Yearly,2024-10-07
S8440,78b93199-8,Basic,17.02,Monthly,2022-09-20
S8441,ab7e0d1d-7,Standard,22.79,Yearly,2021-11-21
S8442,c12d8553-8,Premium,17.06,Yearly,2024-12-22
S8443,ca1c7e32-b,Standard,9.59,,2023-05-22
S8444,bed76ca9-a,Premium,15.2,Monthly,2024-10-27
S8445,43ce92cc-6,Standard,9.84,Monthly,2022-09-03
S8446,8f8a2e5f-1,Premium,6.33,Y3arly,2023-04-29
S8447,aa143dfe-f,Premium,15.04,Yearly,2022-04-26
S8448,1b4c81b1-0,Premium,8.88,Yearly,2024-05-21
S8449,e355ed8f-5,Premium,20.54,Yearly,2022-05-09
S8450,ee7473bb-b,Basic,22.56,Monthly,2021-10-18
S8451,babb3c9b-e,Standard,21.18,Monthly,2021-06-19
S8452,c644901c-0,Premium,10.22,Yearly,2025-02-08
S8453,626bacec-7,Standard,15.49,Monthly,2023-03-15
S8454,a8286d45-0,Basic,11.19,Monthly,2024-09-02
S8455,d5c48667-c,Premium,18.19,Monthly,2026-02-09
S8456,dc29caf1-2,Premium,8.46,Monthly,2023-12-08
S8457,f306d03c-4,Premium,19.31,Yearly,
S8458,ec97088f-3,Basic,10.49,Yearly,2023-11-22
S8459,1477cd6c-7,Basic,17.98,Yearly,2025-08-04
S8460,b6163ce2-1,Standard,22.21,Monthly,2024-06-14
S8461,ed77c483-0,Standard,,Monthly,2022-10-21
S8462,01195510-5,Basic,16.53,Monthly,2022-11-08
S8463,289839e0-4,Basic,5.35,Monthly,2021-10-02
S8464,828859ed-0,Standard,22.12,Yearly,2025-08-29
S8465,052adda1-0,Premium,21.09,Monthly,2025-08-05
S8466,99fa99a3-b,Standard,6.43,Yearly,2024-08-18
S8467,d50a1afe-a,Standard,13.66,yearly,2022-05-29
S8468,bc273f17-3,Basic,14.98,Monthly,2021-06-24
S8469,ed043e2e-3,Standard,19.43,Monthly,2025-09-21
S8470,22df116d-9,Premium,18.11,Monthly,2022-04-02
S8471,680d01fe-d,Basic,7.9,Monthly,2024-09-25
S8472,8b42275e-7,Premium,3.4,Yearly,2022-12-04
S8473,aa2bc70e-5,Premium,5.19,Yearly,2025-05-01
S8474,e188fdfb-e,Standard,24.38,Yearly,2021-08-20
S8475,0c1604f9-c,Premium,21.74,Yearly,2021-11-26
S8476,0e2206db-4,Basic,20.82,Yearly,2023-06-08
S8477,,Standard,3.88,Yearly,2021-10-01
S8478,621de710-e,Premium,5.07,Yearly,2025-12-08
S8479,ecc4d98b-5,Standard,14.88,Monthly,2025-08-05
S8480,d0f6017b-d,Premium,24.91,Monthly,2021-05-29
S8481,1cf3946c-3,Premium,11.67,Monthly,2021-05-22
S8482,3d075885-3,Basic,12.43,Yearly,2021-03-09
S8483,ccf060fe-1,Premium,19.03,Monthly,2025-06-24
S8484,ecb497e1-9,Basic,24.56,Yearly,2022-12-21
S8485,7911defb-c,Standard,9.09,Yearly,2022-05-09
S8486,e4661eb5-d,Premium,3.26,Monthly,2021-08-15
S8487,9c11267b-b,Premium,24.77,Yearly,2024-07-26
S8488,a287672c-c,Standard,11.68,Yearly,2024-12-18
S8489,76ac0ae1-5,Basic,23.99,Monthly,2024-08-20
S8490,32303774-7,Standard,4.09,Monthly,
S8491,8a62a23f-1 ,Standard,8.93,Yearly,2022-10-26
S8492,a29ad9e7-2,Standard,3.09,Yearly,2025-06-06
S8493,,,17.3,Monthly,2025-09-09
S8494,90c99868-8,Basic,,Yearly,2023-08-03
S8495,99a077dd-e,Premium,18.12,Yearly,2024-07-04
S8496,c763c4f9-e,Premium,18.78,Yearly,2024-11-26
S8497,724ae165-9,Standard,3.4,Monthly,2025-08-28
S8498,549309a7-6,Premium,6.86,Yearly,2025-03-20
S8499,f4896566-5,Basic,17.46,Monthly,2023-06-09
S8500,e2b96be2-5,Premium,5.27,Yearly,2025-11-16
S8501,88eed153-c,Premium,12.14,Monthly,2022-05-07
S8502,0fd22404-3,Standard,7.84,Yearly,2025-03-29
S8503,7d5e3a8d-2,Premium,10.16,Monthly,2022-11-27
S8504,84c2716e-7,Standard,21.54,Yearly,2025-03-19
S8505,e1b0c8da-b,Standard,5.32,Yearly,2024-03-04
S8506,9bf9a157-6,Premium,16.38,Monthly,2022-08-06
S8507,e2313dc4-b,Basic,3.79,Yearly,2022-08-31
S8508,d3cd3bb6-c,Premium,20.21,Monthly,2022-08-20
S8509,80e355a2-a,Basic,17.49,Monthly,2024-03-08
S8510,a8b43b39-3,Basic,11.82,Monthly,2024-01-12
S8511,cd925ab2-d,Premium,18.48,Monthly,2024-07-02
S8512,d4a5c495-0,Standard,8.03,Monthly,2022-06-26
S8513,9c06e773-8,Standard,21.14,Yearly,2025-04-21
S8514,be1586b5-4,Premium,11.21,Monthly,2026-01-22
S8515,8e5cdf9a-9,Standard,5.54,Yearly,2022-02-06
S8516,9816415e-f,Premium,22.01,Monthly,2022-06-01
S8517,0d423635-7,Premium,12.75,Monthly,2022-06-30
S8518,4b79092e-1,Premium,9.2,Yearly,2022-11-18
S8519,f6fdb1bf-1,Standard,6.94,Monthly,2023-08-12
S8520,5b2b19bb-7,Basic,15.42,Monthly,2022-01-09
S8521,e5f0875d-a,Basic,6.3,Monthly,2025-11-17
S8522,62817c04-a,Basic,11.88,Yearly,2024-04-06
S8523,298a8e67-8,Premium,10.13,Monthly,2022-12-30
S8524,7a563dbd-1 ,Standard,10.6,Monthly,2022-09-30
S8525,10eac7c7-9,Premium,4.32,Monthly,2021-02-15
S8526,ade8f5da-f,Standard,,Monthly,2022-07-07
S8527,626e3050-8,Basic,14.49,Yearly,2023-01-26
S8528,2027f697-4,Standard,19.23,Yearly,2024-01-23
S8529,c5368345-e,Premium,11.73,Monthly,2025-02-18
S8530,1835d49c-5,Premium,15.76,Yearly,2022-07-03
S8531,cf56be59-1,Basic,7.71,Yearly,2021-08-08
S8532,c878b5e4-7,Basic,3.17,Yearly,2025-09-18
S8533,42ef2a9a-b,Standard,13.7,Monthly,2023-05-31
S8534,6e4ea53e-1,Basic,12.26,Yearly,2023-01-26
S8535,dbb0fbaa-7,Standard,6.39,Yearly,2022-12-29
S8536,cded77a0-c,Standard,21.02,Monthly,2022-10-17
S8537,52f04062-2,Premium,7.44,Monthly,2022-03-31
S8538,e9e658f9-4,Premium,10.61,Yearly,2023-12-06
S8539,74722f89-9,Premium,24.77,Yearly,2021-04-19
S8540,07cd4717-6,Premium,10.85,Yearly,2021-03-13
S8541,a5c8c79f-f,Premium,10.97,Monthly,2025-10-03
S8542,07a8f3f2-0,Premium,23.03,Monthly,2025-12-24
S8543,e8d04eab-8,Basic,18.18,Monthly,2021-12-31
S8544,b77a8d9f-f,Standard,16.34,Monthly,2021-04-15
S8545,d1815cb9-9,Premium,20.7,Monthly,2024-09-14
S8546,1880f41f-f,Standard,6.38,Yearly,2025-03-22
S8547,ecf6b68d-2,Premium,16.7,Yearly,2025-06-12
S8548,f74816e8-0,Premium ,19.84,Yearly,2026-02-05
S8549,43b7c5c0-e,Basic,12.04,Monthly,2025-05-24
S8550,d9d48bf1-0,Standard,8.23,Yearly,2023-08-03
S8551,31cbe734-a,Premium,18.83,Monthly,2023-09-14
S8552,63eb4572-5,Basic,22.85,Monthly,2021-12-05
S8553,1bffcf3c-6,Basic,4.37,Yearly,2022-01-30
S8554,baa118cc-e,Standard,20.48,Yearly,2021-12-02
S8555,7b263a26-7,Basic,7.24,Yearly,2023-01-30
S8556,fc625508-b,Standard,11.14,Monthly,2022-11-09
S8557,728757dd-8,Standard,5.02,Yearly,2024-12-07
S8558,7cd7abd3-9,Basic,24.03,Yearly,2021-07-12
S8559,d2998bfd-d,Premium,3.03,Yearly,2024-06-23
S8560,4d108fd9-0,Basic,21.83,Yearly,2023-08-25
S8561,45293da3-8,Standard,12.68,Yearly,2025-07-11
S8562,7b2fea4b-a,Standard,5.61,Yearly,2024-07-06
S8563,58952600-b,Basic,4.59,Yearly,2024-01-22
S8564,e024c6f3-b,Premium,14.04,Monthly,2024-01-29
S8565,d89afd08-d,Basic,13.5,Yearly,2021-04-09
S8566,c7d84cfe-b,Standard,21.51,Yearly,2021-09-03
S8567,2998ef1c-7,Standard,4.41,Monthly,2025-04-16
S8568,956a6d2c-b,Basic,6.78,Yearly,2025-03-10
S8569,c4bd023f-5,Standard,22.08,Monthly,2025-01-14
S8570,1b63114b-9,Basic,4.94,Monthly,2022-01-20
S8571,23e37970-5,Basic,17.36,Yearly ,2024-12-03
S8572,5bbf8250-5,Basic,14.22,Monthly,2021-09-10
S8573,49997ae6-d,Standard,24.74,Monthly,2026-01-22
S8574,767170af-7,Premium,14.57,Yearly,2023-06-26
S8575,e50a435e-f,Standard,17.02,Monthly,2021-11-25
S8576,197f4e34-8,Premium,17.14,Yearly,2024-05-27
S8577,5001b3a9-e,Standard,22.12,Monthly,2021-07-28
S8578,47082e5c-f,Standard,19.98,Yearly,2021-11-06
S8579,dcc6e6a8-1,Premium,14.51,Monthly,2023-09-04
S8580,9618f3e0-c,Standard,24.59,Monthly,2024-09-26
S8581,b788ab46-f,Standard,10.54,Yearly,
S8582,0f104204-8,Premium,13.53,yearly,
S8583,bf062460-7,Premium,13.42,Yearly,2021-06-15
S8584,1ee624e0-9,Standard,4.57,Monthly,2024-06-14
S8585,1b8e86fa-b,Basic,4.59,Monthly,2024-09-05
S8586,3cab82bc-0,Premium,16.17,Yearly,2021-03-06
S8587,d2aa424d-6,Premium,22.27,Yearly,2022-01-31
S8588,ce29218e-3,Standard,,Yearly,2025-07-26
S8589,724e2c7d-b,Standard,5.84,Monthly,2025-12-17
S8590,e38061f0-2,Premium,15.12,Yearly,2024-10-06
S8591,daae09be-c,Premium,7.13,Monthly,2021-04-24
S8592,a27a2155-2,Basic,12.11,Yearly,2023-08-21
S8593,91e06e96-b,Premium,17.26,Yearly,2025-01-10
S8594,138da330-3,Standard,12.4,Monthly,2023-10-27
S8595,8dd187a9-e,Standard,11.66,Monthly,2022-05-21
S8596,5840dad3-c,Standard,13.6,Yearly,2024-11-20
S8597,dd70b422-4,Basic,23.28,Monthly,2025-11-21
S8598,19c93634-7,,6.25,Monthly,2024-02-15
S8599,3b64635f-3,Basic,16.1,Monthly,2025-04-12
S8600,ad1c1562-d,Basic,20.79,Yearly,2025-09-27
S8601,618f6735-d,Basic,9.3,Yearly,2022-08-05
S8602,6f37c315-4,Basic,21.49,Monthly,2022-11-28
S8603,d63df0d7-5,Basic,18.7,Yearly,2021-08-16
S8604,c746c25e-c,Basic,17.7,Yearly,2022-04-07
S8605,315984cc-6,Standard,8.5,Monthly,2023-02-04
S8606,74519bf7-a,Standard,6.07,Monthly,2024-02-21
S8607,7eb8ec83-1,Premium,23.55,Yearly,2025-07-04
S8608,c0b3ff87-5,Basic,14.48,Monthly,2021-12-13
S8609,c58fbdbf-2,Basic,24.63,Monthly,2023-08-03
S8610,1965ff8e-b,Basic,9.81,Monthly,2022-08-22
S8611,77931e23-1,Basic,8.73,Monthly,2022-10-16
S8612,7a62eccc-6,Basic,18.71,Yearly,2024-06-04
S8613,8c7ec019-4,Standard,19.1,Monthly,2024-02-22
S8614,6a779eef-6,Standard,,Yearly,2021-09-26
S8615,dbebb949-b,Premium,18.62,Yearly,2024-05-11
S8616,8a7fcd2a-5,Basic,15.72,Monthly,2021-04-25
S8617,0109a164-d,Premium,23.05,Monthly,2024-01-15
S8618,9c606e98-4,Basic,18.05,Monthly,2023-06-20
S8619,320cf5c1-1,Basic,9.17,Monthly,2025-01-02
S8620,fd6b6b5c-9,Standard,23.49,,2022-06-10
S8621,8514dc5a-6,Premium,19.68,Yearly,
S8622,05597477-3,Basic,7.5,Monthly,2023-05-04
S8623,e3b09146-e,Premium,6.32,Monthly,2022-12-30
S8624,72b36f35-b,Premium,6.02,Monthly,2024-10-12
S8625,0d550d2f-8,Standard,10.71,Yearly,2022-03-19
S8626,d4b57b12-f,Standard,15.97,Monthly,2021-12-04
S8627,99da6822-9,Basic,11.87,Monthly,2023-10-10
S8628,14c8b4c3-5,Premium,4.76,Yearly,
S8629,675f13d2-c,Premium,,Monthly,2025-08-16
S8630,a361cfe5-0,Premium,21.06,Yearly,2022-05-03
S8631,42256469-9,Standard,20.36,Yearly,2024-12-18
S8632,63f72937-7,Standard,12.53,Monthly,2024-09-25
S8633,6eccccbf-3,Basic,24.78,Y3arly,2025-02-13
S8634,049e4195-c,Standard,11.32,Yearly,2022-08-06
S8635,35c5ff39-4,Premium,19.97,Yearly,2023-01-30
S8636,12a26695-1,Premium,4.75,Yearly,2022-05-14
S8637,dfce8595-6,Standard,7.51,Yearly,2021-10-11
S8638,c05a17ba-c,Basic,23.03,Yearly,2025-12-03
S8639,a0bd58ee-e,Standard,13.1,Yearly,2023-09-07
S8640,966ed0b4-7,Basic,12.85,Monthly,2021-03-30
S8641,2f236260-9,Standard,11.2,Yearly,2026-01-26
S8642,c7d8b8bb-4,Basic,12.6,Monthly,2021-12-15
S8643,98ea0ac4-5,Basic,19.59,Monthly,2021-07-03
S8644,c6255060-9,Premium,3.68,Yearly,2025-01-22
S8645,7410dbe7-b,Standard,11.72,Yearly,2025-11-02
S8646,7f004c06-0,Premium,7.31,Yearly,2023-06-13
S8647,a6238ec0-a,Premium,17.53,Yearly,2024-07-01
S8648,dd644479-e,Premium,17.16,Monthly,2025-08-04
S8649,b28d4240-e,Premium,12.63,Yearly,2025-07-02
S8650,550c0a36-4,Premium,9.41,Monthly,2025-04-01
S8651,3005a816-f,Standard,8.89,Monthly,2022-11-05
S8652,c82995ad-d,Premium,8.89,Monthly,2025-06-15
S8653,95faae25-5,Basic,19.06,Monthly,2022-05-01
S8654,f8705c30-8,Basic,17.26,Yearly,2024-12-03
S8655,648c89a5-6,Premium,10.89,Monthly,2025-11-26
S8656,4a0d7281-f,Premium,23.43,Yearly,2025-05-21
S8657,d5c334fb-c,Premium,7.07,Yearly,2022-08-18
S8658,ec13659c-b,Basic,20.0,Yearly,2021-06-16
S8659,c41bba0c-c,Standard,16.48,Monthly,2024-02-12
S8660,ced72a14-8,Premium,16.58,Yearly,2024-12-03
S8661,bde5329c-d,Standard,7.88,Yearly,2025-08-06
S8662,e9c66c31-e,Basic,5.46,Yearly,2024-06-30
S8663,e179d0c6-3,Basic,16.98,yearly,2022-06-16
S8664,2c1f1e5f-d,Standard,24.81,Yearly,2025-02-11
S8665,67e86bcf-1,Premium,10.82,Monthly,2021-02-28
S8666,c2757a60-d,Standard,14.24,Monthly,2021-12-02
S8667,c6816c63-f,Standard,10.8,Monthly,2023-12-08
S8668,13bbce05-5,Basic,4.8,Monthly,2023-02-03
S8669,6831292c-c,Premium,14.87,Yearly,2022-01-29
S8670,4d6e833d-a,Premium,8.95,Yearly,2025-05-28
S8671,e160256e-6,Standard,5.86,Monthly,2021-11-27
S8672,0e1e1bf6-c,Standard,14.71,Monthly,2022-07-14
S8673,ecba17db-7,Basic,17.83,Monthly,2021-07-20
S8674,9ca6b74e-f,Standard,8.47,Yearly,2021-05-28
S8675,991ac235-8,Standard,13.2,Yearly,2022-02-22
S8676,4cf644d5-8,Basic,12.89,Yearly,2024-06-08
S8677,74862c68-6,Basic,17.09,Yearly,2022-01-27
S8678,b15ef26e-1,Standard,19.15,Yearly,2026-01-02
S8679,30acd719-4,,7.14,Monthly,2022-07-05
S8680,2406ca5e-f,Premium,,Monthly,2022-01-18
S8681,47fc86d4-a,Premium,24.49,Monthly,2021-06-27
S8682,83558ebf-3,Basic,22.0,Yearly,2022-08-19
S8683,2cf5ee65-2,Standard,3.64,Monthly,2024-05-17
S8684,684911f8-6,Standard,6.72,Monthly,2022-03-22
S8685,1472a149-6,Premium,,Yearly,2025-10-19
S8686,7bd4fcdf-b,Basic,16.38,Monthly,2021-08-11
S8687,f54b1635-c,Standard,5.13,Monthly,2025-07-04
S8688,b4cff3ab-3,Premium,5.36,Yearly,2023-11-24
S8689,72bedc43-0,Standard,10.45,Monthly,2023-12-20
S8690,e1a213fc-1,Basic,3.04,Yearly,2024-03-06
S8691,43e9abb9-2,Basic,19.57,Yearly,2022-07-26
S8692,55e76dad-5,Standard,17.72,Yearly,2024-11-04
S8693,79feaa77-a,Basic,,Monthly,2022-11-15
S8694,8d2f3605-6,Basic,11.61,Yearly,2024-07-13
S8695,3bd9e64e-5,Premium,22.71,Yearly,2025-01-19
S8696,97de8d07-7,Standard,17.65,Monthly,2022-12-10
S8697,635a99b9-f,Premium,24.82,Yearly,2024-12-13
S8698,b1a8b71b-0,Basic,10.27,Monthly,2024-02-07
S8699,0ced7198-1,Basic,16.23,Monthly,2026-01-27
S8700,16a4a470-7,Standard,17.21,Yearly,2025-12-29
S8701,7dcab23f-3,Premium,19.01,Yearly,2023-12-31
S8702,179921dc-8,Premium,13.07,Yearly,2025-09-19
S8703,96ef221b-5,Premium,5.62,Monthly,2025-01-20
S8704,42870a69-2,Basic,9.23,Yearly,2025-06-08
S8705,e3ff405b-8,Premium,8.61,Monthly,2024-10-01
S8706,010e2ffa-7,Standard,8.52,Yearly,2025-02-21
S8707,42acbbdc-e,Standard,5.66,Yearly,2023-05-08
S8708,da7f51f1-3,Premium,11.76,Monthly,2022-03-05
S8709,93f52c3d-f,Premium,14.81,Monthly,2021-04-16
S8710,7e596049-f,Basic,21.87,Yearly,2021-09-29
S8711,37730fe7-5,Premium,,Monthly ,2023-12-02
S8712,c3fd466f-d,Standard,16.88,Yearly,2024-02-23
S8713,f5203abb-3,Standard,21.11,Yearly,2021-11-22
S8714,08ad3fb6-7,Standard,18.55,Monthly,2024-12-29
S8715,11669c53-1,Premium,9.35,Monthly,2025-06-04
S8716,fdd4d1e4-3,Premium,9.84,Monthly,2026-01-30
S8717,94793eaa-2,Standard,4.06,Yearly,2022-08-18
S8718,4a9d4faa-0,Basic,4.71,Yearly,2021-07-30
S8719,f58d3a7d-7,Premium,3.85,Yearly,2025-07-16
S8720,f318d17b-7,Basic,22.31,Monthly,2025-06-24
S8721,8eaa81b5-d,Standard,21.66,Yearly,2022-11-05
S8722,4b3bc4ce-6,Premium,11.81,Monthly,2023-01-14
S8723,c4d580d4-2,Standard,9.59,Monthly,2023-01-21
S8724,17449f8c-4,Standard,5.29,Yearly,2024-07-06
S8725,941791c2-b,Premium,21.83,Monthly,2024-05-14
S8726,c3d69dc6-d,Basic,14.43,Monthly,2021-02-20
S8727,f1be466f-a,Premium,10.36,Monthly,2023-12-25
S8728,2a75b62f-6,Basic,3.6,Yearly,2025-07-07
S8729,031b4fe8-0,Standard,13.59,Yearly,2024-11-17
S8730,57439622-c,Premium,22.83,Monthly,2022-12-02
S8731,dfee32e3-e,Premium,11.79,Yearly,2021-03-04
S8732,65396d23-d,Standard,19.28,Monthly,2024-03-15
S8733,b42a9fa5-3,Standard,23.01,Yearly,2023-09-24
S8734,3fc34412-a,Premium,20.62,Yearly,2021-07-15
S8735,c76912bc-c,Standard,22.55,Yearly,2023-01-20
S8736,6b366b5a-a,Premium,15.75,Monthly,2023-09-20
S8737,8e6b3b67-3,Basic,3.22,Yearly,2022-03-26
S8738,ada11fc6-b,Standard,15.91,Monthly,2023-07-30
S8739,444557d4-4,Basic,21.0,Monthly,2022-04-08
S8740,c8ae4b27-c,Premium,11.91,Yearly,2021-11-03
S8741,fbe9ab04-a,Basic,18.74,Monthly,2023-06-06
S8742,b0be12df-2,Standard,17.7,Monthly,2023-11-10
S8743,0c1e26b8-9,Premium,24.43,Monthly,2022-08-11
S8744,88dfc88b-9,Standard,22.62,Monthly,2021-02-25
S8745,c00d460b-c,Basic,13.96,Monthly,2025-06-07
S8746,c1c8b24e-4,Standard,5.76,Monthly,2021-09-05
S8747,da741a20-5,Basic,3.4,Yearly,2023-09-25
S8748,6b8b6db4-a,Standard,19.9,Monthly,2025-08-21
S8749,a737ab63-9,Premium,22.68,Monthly,2024-04-25
S8750,a6e4eaeb-3,Basic,11.47,Monthly,2021-09-04
S8751,f7dec142-4,Premium,7.88,Yearly,2024-01-21
S8752,6204e214-1,Premium,20.95,Monthly,2026-02-08
S8753,89d5a375-6,Premium,19.99,Yearly,2021-12-02
S8754,1d15d46a-f,Standard,24.46,Yearly,2025-05-21
S8755,7b92bb58-5,Premium,7.44,Y3arly,2024-12-21
S8756,115e2d1f-c,Standard,11.55,Monthly,2025-06-12
S8757,a3e46e34-b,Basic,9.42,Yearly,2021-06-17
S8758,c7b404a5-6,Standard,18.15,Yearly,2022-12-04
S8759,2fb75317-a,Standard,21.48,Monthly,2023-12-12
S8760,dba53e11-0,Standard,,Monthly,2022-09-15
S8761,f7537789-6,Basic,18.01,Y3arly,2022-10-09
S8762,04755daf-b,Standard,24.78,Yearly,2023-07-29
S8763,bc6927d9-8,Basic,10.58,Yearly,2025-08-30
S8764,3a65b9cc-4,Premium,8.68,Monthly,2023-12-24
S8765,b4a2e33d-8,Premium ,22.93,Yearly,2023-04-07
S8766,d13835c3-a,Basic,21.49,Yearly,2023-03-09
S8767,3291b024-0,Basic,6.15,Monthly,2025-02-08
S8768,313437ae-0,Basic,18.05,Monthly,2024-11-05
S8769,ad693827-c,Basic,21.45,Monthly,2021-02-13
S8770,aacb729c-0,Standard,,Monthly,2024-07-17
S8771,71b2d44b-f,Basic,9.46,Monthly,2021-10-16
S8772,a937dea4-2,Premium,16.73,Yearly,2025-07-25
S8773,7b92b509-5,Basic,4.67,Yearly,2021-03-06
S8774,56d8ce80-0,Basic,11.43,Yearly,2024-11-28
S8775,7341589a-c,Standard,12.64,Yearly,2024-04-10
S8776,b381c454-d,Standard,21.49,Monthly,2025-06-04
S8777,a6e10ef5-9,Standard,5.81,Monthly,2025-05-08
S8778,dd1ef15d-b,Basic ,5.16,Yearly,2024-06-08
S8779,4515e14f-0,Basic,21.85,Monthly,2023-05-06
S8780,b6728852-a,Basic,7.57,Monthly,2021-10-30
S8781,ec9f9541-d,Basic,18.36,Yearly,2023-01-07
S8782,49021590-d,Premium,6.18,Monthly,2022-12-17
S8783,22674501-6,Premium,9.68,Monthly,2023-09-14
S8784,7cf5b471-e,Basic,5.97,Yearly,2021-09-15
S8785,21fea2c3-9,Premium,11.69,Yearly,2021-02-10
S8786,e0ca1583-d,Basic,15.89,Yearly,2021-03-22
S8787,45669b8b-2,Basic,10.78,Yearly,2022-07-05
S8788,7270b48f-7,Standard,19.25,Yearly,2024-08-21
S8789,f3d870ac-3,Standard,4.41,Yearly,2025-09-03
S8790,b581c6fa-5,Standard,22.52,Yearly,2021-10-16
S8791,84588d23-0,Standard,21.83,Yearly,2022-06-04
S8792,60b2ba69-2,Premium,9.07,Monthly,2023-07-19
S8793,30f6d042-e,Basic,12.32,Monthly,2025-01-16
S8794,d06a01f6-e,Basic,15.85,Yearly,2022-07-01
S8795,aa5821ad-b,Basic,13.15,Monthly,2025-12-22
S8796,72970b08-f,Standard,10.96,Monthly,2021-08-09
S8797,694e0e6b-5,Premium,14.89,Monthly,2024-04-06
S8798,bce16d99-d,Standard,6.67,Monthly,2024-01-11
S8799,6832116c-7,Premium,23.33,Monthly,2022-10-12
S8800,cd07b388-e,Basic,18.93,Yearly,2025-07-16
S8801,a49f78bd-2,Premium,14.68,Monthly,2025-10-07
S8802,7a868dc4-7,Standard,24.9,Yearly,2024-04-02
S8803,ad254975-f,Standard,19.83,Yearly,2024-10-22
S8804,41040593-c,Premium,22.86,Yearly,2021-09-12
S8805,58cdc0d7-b,Premium,13.26,Yearly,2023-03-17
S8806,6880d4c4-e,Basic,23.12,Yearly,2022-03-03
S8807,3f1e0d82-2,Standard,11.95,Monthly,2025-04-26
S8808,5124b7da-3,Premium,22.26,Yearly,2023-05-23
S8809,7c90af8d-e,Premium,18.95,Monthly,2025-10-15
S8810,6cadf72c-6,Premium,7.62,Yearly,2025-12-30
S8811,4cc972a0-8,Premium,11.5,Monthly,2023-11-10
S8812,8c4b679c-c,Premium,5.97,Yearly,2025-11-20
S8813,b157403f-6,Standard,12.6,Yearly,2022-05-21
S8814,7475294f-6,Premium,14.64,Monthly,2021-07-16
S8815,20938734-e,Premium,7.66,Monthly,2023-09-22
S8816,ad977dd9-6,Standard,17.76,Yearly,2023-01-04
S8817,28dc5916-9,Basic,19.02,Monthly,2022-08-09
S8818,5f48da25-0,Standard,9.09,Yearly,2024-10-05
S8819,d8449c90-b,Standard,16.5,Monthly,2023-02-23
S8820,c6e54731-7,Standard,3.39,Yearly,2021-11-10
S8821,f698718b-1,Standard,20.1,Yearly,2024-12-13
S8822,19321a69-0,Basic,3.44,Monthly,2021-05-01
S8823,5f12df39-2,Standard,10.16,Yearly,2021-12-09
S8824,b3c82ae5-1,Basic,5.03,Yearly,2025-02-11
S8825,f7af13d6-7,Basic,4.52,Monthly,2023-04-02
S8826,5837e15b-2,Premium,7.38,Yearly,2026-01-26
S8827,fe05cfe1-2,Basic,12.59,Monthly,2025-01-25
S8828,b78e694f-c,Basic,9.56,Yearly,2022-10-02
S8829,b8ba586e-7,Standard,4.77,Monthly,2023-03-17
S8830,aa50c501-8,Standard,10.03,Monthly,2024-10-10
S8831,e45013a6-5,Premium,8.63,Monthly,2024-05-21
S8832,4ef4c721-c,Standard,19.15,Yearly,2021-04-08
S8833,c36be6ff-a,Basic,16.91,Monthly,2025-04-11
S8834,dbb08a20-9,Premium,,Yearly,2024-03-17
S8835,37f7f8cf-3,Basic,4.13,Monthly,2025-11-07
S8836,e8293e93-b,Basic,14.08,Monthly,2022-12-22
S8837,0a179e95-c,Premium,3.4,Yearly,2022-01-16
S8838,f0ad6b50-d,Basic,24.12,Monthly,2024-10-17
S8839,b2055052-5,Standard,14.15,Yearly,2025-09-07
S8840,f4463222-0,Basic,19.43,Monthly,2021-08-23
S8841,3487fcef-f,Standard,15.7,Monthly,2021-04-09
S8842,53ad2362-f,Basic,3.32,Yearly,2023-04-18
S8843,0a21d213-8,Basic,16.26,Monthly,2023-07-02
S8844,f306bc0a-a,Standard,17.99,Monthly,2022-10-26
S8845,61c89867-3,Standard,22.35,Monthly,2025-08-13
S8846,224b1d65-8,Standard,13.88,Yearly,2022-11-07
S8847,74b28969-8,Premium,3.72,Monthly,2024-04-29
S8848,c8c1c01c-5,Standard,17.74,Yearly,2021-02-24
S8849,a6809416-c,Premium,8.12,Monthly,2026-02-02
S8850,193ca0a4-3,Premium,14.37,Monthly,2024-05-11
S8851,4b0e52db-b,Basic,5.09,Monthly,2025-05-18
S8852,4245e982-a,Basic,4.65,Yearly,2021-04-01
S8853,f4ecbd52-5,Standard,23.25,Monthly,2025-11-23
S8854,5b56266b-d,Standard,3.95,Monthly,2025-05-12
S8855,e3501c06-a,Premium,22.92,Monthly,2024-04-22
S8856,2015aa42-1,Premium,24.95,Monthly,2023-07-06
S8857,4c2de69c-6,Basic,16.68,Monthly,2023-08-19
S8858,aeaa79f4-c,Basic,4.63,Yearly,2022-02-01
S8859,73d48c36-9,Standard,7.1,Monthly,2025-01-07
S8860,9909735c-f,Standard,15.31,Yearly,2025-02-05
S8861,81a31a4b-d,Standard,17.77,Yearly,2025-01-15
S8862,1ff06247-3,Basic,14.87,Yearly,2022-01-05
S8863,6327cf4d-5,Standard,16.94,Yearly,2025-06-16
S8864,37a14cff-a,Standard,15.87,Monthly,2022-01-13
S8865,2a34cfee-b,Premium,10.97,Yearly,2024-02-06
S8866,a02a6b20-3,Standard,12.56,Monthly,2021-05-14
S8867,aeee8893-2,Basic,18.17,Monthly,2023-05-14
S8868,bba06daa-1,Basic,6.39,Yearly,2025-10-26
S8869,41f78f8d-c,Basic,24.44,Monthly,2021-08-03
S8870,5489201a-5,Premium,21.06,Monthly,2022-10-20
S8871,47d958af-f,Basic,5.64,Monthly,2023-09-24
S8872,e864c247-2,Standard,10.49,Yearly,2024-04-10
S8873,a145456f-e,Premium,23.17,Yearly,2022-05-06
S8874,ff5d334e-d,Premium,14.36,Monthly,2024-10-01
S8875,98ce62cf-6,Premium,4.3,Yearly,2025-09-03
S8876,29bc485a-7,Premium,18.27,Monthly,2022-07-15
S8877,ae75981d-b,Standard,15.5,Yearly,2022-08-28
S8878,3172ffa0-7,Standard,9.37,Yearly,2021-11-03
S8879,83690f31-f,Premium,13.97,Monthly,2023-06-27
S8880,3bad3a63-e,Basic,3.63,Yearly,2023-08-12
S8881,6e9d128e-e,Standard,24.15,Monthly,2023-03-29
S8882,1f248740-6,Standard,8.09,Yearly,2025-08-28
S8883,f09a287f-3,,3.4,Monthly,2025-08-30
S8884,f8682cd0-f,Premium,24.25,Yearly,2022-08-07
S8885,a43f3558-e,Basic,3.14,Monthly,2023-02-28
S8886,1a309799-3,Standard,24.74,Yearly,2025-01-22
S8887,4ecc532f-0,Premium,8.86,Monthly,2023-06-10
S8888,,Standard,20.68,Monthly,2024-03-15
S8889,5ee7803f-6,Basic,16.76,Yearly,2023-11-23
S8890,cffc6496-7,Standard,22.72,Yearly,2023-11-21
S8891,1711df95-6,Premium,10.11,Yearly,2023-10-06
S8892,199a6108-7,Premium,13.57,Yearly,2023-05-03
S8893,7d43db5d-8,Standard,24.3,Yearly,2023-06-12
S8894,a92b937e-9,Standard,13.13,Yearly,2024-07-18
S8895,54f19e66-0,Basic,21.3,Yearly,2022-07-02
S8896,e70f32bb-a,Premium,6.48,Monthly,2023-08-01
S8897,d1811223-7,Standard,5.16,Yearly,2026-01-27
S8898,0c10e6f1-3,Premium,23.35,Monthly,2021-04-21
S8899,7014dc60-8,Basic,12.74,Monthly,2021-05-13
S8900,bba8d2b5-7,Basic,3.71,Yearly,2025-07-16
S8901,a8e27438-e,Premium,10.44,Monthly,2025-10-05
S8902,e7b51580-3,Basic,3.49,Yearly,
S8903,43f9cc1b-a,Standard,3.63,Yearly,2023-12-05
S8904,e134a967-0,Standard,12.64,Monthly,2023-07-15
S8905,0c4a9777-f,Premium,5.51,Monthly,2024-07-25
S8906,9081b56a-a,Standard,9.22,Yearly,2022-10-12
S8907,6ed36d6f-2,Basic,7.68,Monthly,2025-11-21
S8908,0ffa8bd1-b,Premium,5.25,Yearly,2024-11-20
S8909,3cb72374-a,Basic,3.79,Monthly,2024-10-15
S8910,bcb4d99a-5,Basic,19.91,Monthly,2025-01-07
S8911,9475b3ad-5,Basic,24.23,Yearly,2023-05-13
S8912,e699db00-8,Basic,18.6,Yearly,2022-01-18
S8913,9e8b7923-b,Premium,13.14,Yearly,2026-01-02
S8914,4190d1a2-2,Standard,13.17,Yearly,2022-01-04
S8915,85a5efae-2,Premium,,Monthly,2024-09-03
S8916,660bfe74-0,Premium,12.77,Yearly,2025-09-28
S8917,aba0defe-e,Premium,23.46,Yearly,2024-05-02
S8918,addbef7e-b,Basic,11.91,Yearly,2025-07-29
S8919,eb3dcb13-5,Premium,16.3,Monthly ,2025-09-19
S8920,1ba3dec2-d,Standard,6.57,Yearly,2023-04-19
S8921,46012d2e-9,Basic,9.32,Monthly,2024-07-30
S8922,aa793f3e-9,Premium,3.78,Monthly,2021-10-11
S8923,b507a2ce-c,Basic,20.24,,2021-10-02
S8924,698155d9-9,Basic,24.76,Yearly,2021-05-12
S8925,19e8b2e9-8,Standard,7.57,Yearly,2021-02-26
S8926,e3d0a71c-1,Premium,4.71,Monthly,2025-07-18
S8927,8d7cbef7-f,Standard,16.63,Monthly,2021-06-02
S8928,6e95b716-f,Standard,21.75,Monthly,2022-01-09
S8929,356acfd1-2,Standard,23.99,Monthly,2023-09-10
S8930,fcc24701-3,Premium,20.3,Monthly,2022-07-25
S8931,ef86244c-8,Standard,24.37,Yearly,2022-12-08
S8932,71011395-1,Basic,13.32,Yearly,2024-05-27
S8933,f8d7defe-e,Premium,11.68,Monthly,2023-06-19
S8934,235e0056-0,Premium,4.74,Yearly,2023-11-14
S8935,630fb75f-b,Basic,19.82,Yearly,2024-08-15
S8936,930386fc-9,Basic,11.57,Yearly,2024-12-20
S8937,982d7e04-1,Premium,20.8,Yearly,2023-11-11
S8938,8d5439d3-3,Basic,5.6,Monthly,2022-12-27
S8939,c4b4b787-9,Premium,24.64,Yearly,2021-11-09
S8940,b6bacc9d-a,Premium,3.94,Monthly,2023-06-26
S8941,2f73523c-8,basic,22.49,Monthly,2024-11-13
S8942,2ea24316-d,Premium,11.38,Monthly,2022-08-04
S8943,9346f6fb-6,Basic,6.07,Monthly,2025-07-04
S8944,673fc146-2,Premium,21.78,Monthly,2024-09-02
S8945,e6f6f16e-6,Premium,22.27,Yearly,2025-06-17
S8946,bfaf1219-4,Premium,22.84,Monthly,
S8947,40d4ffed-f,Premium,4.6,Yearly,2023-01-17
S8948,d7eb2056-f,Premium,23.68,Yearly,2021-03-01
S8949,68b692b3-3,Premium,6.81,Monthly,2022-09-03
S8950,b9f00c56-4,Basic,3.57,Yearly,2022-02-04
S8951,375c5e4f-1,Basic,19.13,Monthly,2025-08-06
S8952,08c71af3-6,Basic,10.24,Yearly,2026-01-24
S8953,3c0fda2f-1,Premium,,Monthly,2024-10-01
S8954,3c45bd5e-8,Standard,17.85,Monthly,2025-10-26
S8955,07d5fc51-3,Premium,,Yearly,2024-05-19
S8956,3791705b-7,Basic,5.26,Yearly,2021-03-14
S8957,4bca8257-3,Basic,24.18,Monthly,2025-07-28
S8958,778bf01c-7,Basic,10.83,Monthly,2025-10-21
S8959,46dccb67-d,Standard,5.56,Monthly,2025-12-27
S8960,1d1ae70d-5,Basic,21.93,Monthly,2021-07-27
S8961,8c840bab-d,Standard,11.44,Monthly,2024-10-06
S8962,9db4152b-6,Standard,19.46,Monthly,2022-04-22
S8963,ed1c0864-0,Basic,19.79,Yearly,2022-05-16
S8964,60490b72-f,Basic,17.66,Yearly,2021-03-12
S8965,f9461fed-f,Premium,17.23,Yearly,2025-04-25
S8966,99107260-6,Standard,8.93,Monthly,2022-04-10
S8967,19b72eeb-a,Premium,24.13,Yearly,2022-11-01
S8968,e343bfbe-2,Premium,18.93,Yearly,2021-05-10
S8969,07eab10b-7,Premium,19.5,Monthly,2025-05-14
S8970,03f09394-f,Standard,13.84,Monthly,2023-12-08
S8971,a8ff67d4-e,Premium,20.74,Yearly,2021-08-24
S8972,331cd7ac-1,Premium,20.31,Yearly,2023-02-03
S8973,edb44396-d,,16.16,Monthly,2025-07-01
S8974,8078f647-2,Standard,24.08,Monthly,2022-10-01
S8975,5fcf475d-e,Basic,17.74,Monthly,2024-08-07
S8976,81fad7da-0,Basic,3.35,Yearly,2025-12-14
S8977,4e4b5ec5-a,Premium,24.4,Monthly,2021-06-24
S8978,34bf82ca-d,Standard,16.69,Monthly,2023-03-26
S8979,cf7ce345-f,Standard,6.04,Yearly,2022-04-18
S8980,966b5102-a,Standard,15.7,Yearly,2025-10-16
S8981,d686a600-5,Standard,22.49,Monthly,2023-12-28
S8982,5c962b0d-f,Premium,8.55,Monthly,2024-10-27
S8983,68b9d74f-d,Standard,5.95,Monthly,2022-06-26
S8984,e3215f67-c,Basic,13.21,Monthly,2021-08-22
S8985,a65a98ba-a,Standard,20.83,Monthly,2022-04-11
S8986,3be5b8a3-0,Premium,18.22,Monthly,2023-05-21
S8987,88866e8a-0,Premium,12.95,Monthly,2021-08-01
S8988,83c43b53-9,Standard,14.18,Yearly,2024-10-10
S8989,6ff22286-1,Standard,15.38,Yearly,2024-12-17
S8990,b31d6546-1,Basic,7.62,Monthly,2024-01-22
S8991,a2edf376-4,Standard,20.51,Yearly,2022-03-12
S8992,ee8fcdc7-f,Premium,8.19,Yearly,2023-10-19
S8993,5f3b364a-2,Standard,15.06,Yearly,2022-07-10
S8994,f4985a39-b,Basic,6.53,Monthly,
S8995,afe0e966-c,Basic,14.18,Yearly,2022-12-25
S8996,61bc26e6-b,Basic,22.12,Monthly ,2023-08-10
S8997,8c6d3c78-1,Basic,16.69,Monthly,2021-06-13
S8998,9ffa87ad-b,Standard,18.66,Yearly,2021-02-18
S8999,224c6bcf-2,Standard,7.44,Yearly,2024-03-21
S9000,8580bf60-7,,8.02,Monthly,2021-12-15
S9001,045c4ad3-c,Basic,12.98,Yearly,2024-09-14
S9002,8aae5cf4-2,Basic,14.96,Monthly,2021-06-24
S9003,d959001d-7,Standard,6.53,Yearly,2024-04-10
S9004,26dba406-7,Standard,14.65,Monthly,2025-08-22
S9005,0a76331b-a,Standard,3.91,Yearly,2024-11-19
S9006,a0e0356c-5,Premium,8.72,Monthly,2021-07-27
S9007,0216c3d6-d,Premium,,Monthly,2022-07-25
S9008,6df5f8bd-f,Premium,15.71,Monthly,2021-03-22
S9009,295db1bb-b,Standard,19.65,Yearly,2025-07-17
S9010,3e6b6bfa-4,Premium,7.99,Yearly,2025-01-07
S9011,6d1c6891-c,,17.59,Monthly,2023-02-07
S9012,f771d7b7-4,Basic,13.74,Yearly,2025-06-13
S9013,f09131a9-b,Standard,22.18,Monthly,2024-06-19
S9014,634cdc3c-a,Premium,12.62,Monthly,2023-02-16
S9015,29ccfa85-9,Basic,3.1,Yearly,2021-08-28
S9016,7622bb04-3,Basic,23.23,Monthly,2025-06-14
S9017,4b13d879-5,Premium,23.88,Yearly,2024-08-15
S9018,2d4d97e2-5,Premium,24.36,Yearly,2025-07-15
S9019,6a321db0-0,Standard,6.59,Monthly,2022-08-08
S9020,e2d41249-3,Premium,22.82,Monthly,2021-11-19
S9021,e4ebb414-9,Basic,15.48,Monthly,2024-08-09
S9022,6e9245a9-9,Basic,11.18,Monthly,2022-03-25
S9023,1d7c3beb-c,Standard,,Monthly,2022-02-14
S9024,d80215e7-5,Basic,18.26,Yearly,
S9025,2d105235-5,Premium,18.62,Monthly,2023-04-08
S9026,b1c60bb4-d,Basic,8.11,Yearly,2021-06-14
S9027,aaacb046-9,Standard,4.68,Yearly,2023-04-26
S9028,4f96f06b-0,Basic,5.59,Monthly,2024-09-26
S9029,3cc2c352-1,Premium,15.9,monthly,2022-11-06
S9030,995448cf-6,Basic,15.26,Monthly,2021-06-28
S9031,4fc644db-e,Standard,17.11,Monthly,2025-06-21
S9032,30105051-4,Basic,23.25,Monthly,2022-02-17
S9033,7bfa1981-b,Premium,5.95,Yearly,2024-10-23
S9034,0604924a-6,Standard,9.1,Yearly,2026-02-07
S9035,cab63326-d,Basic,18.62,Monthly,2025-08-04
S9036,2a8a0f76-c,Basic,12.87,Monthly,2025-10-31
S9037,c7e8d12d-2,Premium,18.8,Monthly,2021-05-22
S9038,9b684cd3-a,Basic,20.22,Monthly,2024-02-16
S9039,87f16651-9,Basic,18.03,Monthly,2022-03-10
S9040,bf4e5bf8-e,Standard,8.17,Yearly,2023-01-09
S9041,f07277ed-4,Standard,16.86,Monthly,2023-02-20
S9042,ad30358a-6,Standard,6.03,Monthly,2022-09-17
S9043,b39c3c56-a,Basic,15.29,Monthly,2025-04-27
S9044,869c42d6-3,Standard,24.84,Yearly,2024-12-12
S9045,8d4a90f3-7,Premium,21.17,Monthly,2021-09-30
S9046,b2dcf722-2,Premium,18.87,Yearly,2021-06-29
S9047,d76ba2a7-c,Basic,3.94,Monthly,2025-03-27
S9048,a7827d1c-b,Basic,15.1,Yearly,2022-02-28
S9049,bc896f00-3,Basic,23.88,Yearly,2025-12-20
S9050,01761dfe-9,Standard,18.42,Monthly,2021-05-27
S9051,fac54b8e-7,Premium,7.53,Yearly,2021-10-21
S9052,95e8bf76-3,Basic,14.86,Yearly,2021-05-10
S9053,d4123ba8-a,Standard,17.65,Monthly,2021-07-13
S9054,c81d14d5-8,Standard,19.26,Monthly,2022-11-03
S9055,d11028d1-5,Basic,16.75,Monthly,2023-11-18
S9056,6b151b58-f,Premium,5.22,Yearly,2025-01-20
S9057,9d67886b-4,Standard,14.43,Monthly,
S9058,1a0d179b-5,Premium,3.95,Monthly,2025-03-18
S9059,,Basic,14.38,Yearly,2024-08-11
S9060,c5350ba8-5,Standard,8.73,Monthly,2022-09-09
S9061,06dcbdcb-4,Premium,13.31,Monthly,2023-04-08
S9062,896e5e9b-8,Standard,17.8,Monthly,2025-02-06
S9063,018cf445-6,Premium,19.9,Monthly,2021-09-04
S9064,32aab53e-7,Premium,10.47,Monthly,
S9065,3488c9da-4,Basic,21.58,Yearly,2025-10-25
S9066,7b68f782-7,Premium,13.33,Monthly,2025-06-15
S9067,b91fd389-d,Standard,10.5,Monthly,2023-10-09
S9068,83dea849-5,Premium,16.15,Yearly,2022-01-25
S9069,f757d7fc-b,Basic,6.77,Yearly,2023-09-04
S9070,d2867d05-b,Premium,24.76,Yearly,2021-09-01
S9071,c129d479-8,Premium,21.11,Monthly,2022-04-16
S9072,5916ad94-8,Standard,19.31,Yearly,2021-10-25
S9073,ebbd3798-b,Premium,6.04,Monthly,2025-05-05
S9074,1a6da5b3-3,Basic,11.86,Yearly,2024-04-19
S9075,1cca2b70-f,Basic,22.61,Yearly,2021-04-26
S9076,54e8fe84-e,Basic,19.47,Yearly,2023-10-10
S9077,6eb2fb2d-4,Premium,3.42,Yearly,2022-06-15
S9078,0ee3aea7-2,Standard,7.14,Yearly,2024-09-02
S9079,23314eeb-0,Premium,13.88,Yearly,2024-01-27
S9080,b6b4408e-7,Standard,7.27,Monthly,2024-11-16
S9081,a7359f3f-d,Standard,9.74,Monthly,2021-09-12
S9082,738b0a3c-7,Basic,10.11,Monthly,2026-01-28
S9083,bbee174d-0,Standard,7.93,Monthly,2022-03-09
S9084,544485d0-3,Standard,4.87,Yearly,2025-05-01
S9085,036a4bf6-2,Standard,11.49,Monthly,2023-02-13
S9086,f4352340-a,Standard,,Monthly,2022-01-20
S9087,2cc0c40a-6,Standard,11.9,Yearly,2023-01-17
S9088,b10e03c5-c,Standard,13.24,Monthly,2022-03-19
S9089,b5e9b81e-5,Premium,20.35,Yearly,2022-07-17
S9090,664b5a0f-d,Standard,7.38,Yearly,2021-05-12
S9091,3a8cbbcd-1,Standard,18.61,Monthly,2024-09-16
S9092,bfccb689-3,Premium,12.69,Yearly,2023-08-28
S9093,7c2e69b5-7,Basic,7.72,Yearly,2022-01-23
S9094,b86005dd-f,Premium,17.49,Monthly,2024-02-15
S9095,fbe7a414-a,Standard,7.97,Yearly,2023-09-13
S9096,358e600f-5,Standard,,Yearly,2023-11-28
S9097,0b040e83-1,Standard,21.53,Monthly,2022-12-27
S9098,0151d832-d,Standard,6.35,Monthly,2025-01-15
S9099,94ee093b-3,Basic,16.59,Yearly,2023-03-02
S9100,40c21cda-6,Premium,11.51,Yearly,2021-02-10
S9101,c34b1a15-4,Basic,18.86,Yearly,2024-11-07
S9102,43128d8a-7,Premium,4.21,Yearly,2024-05-24
S9103,33555217-7,Basic,10.93,Yearly,
S9104,8f9e2888-9,Basic,24.04,Yearly,2022-02-12
S9105,7b60740d-9,Basic,14.34,Monthly,2024-11-04
S9106,be9c92e5-e,Premium,12.7,Yearly,2022-10-14
S9107,6263fe06-1,Basic,7.18,Monthly,2024-03-05
S9108,676dd07b-a,Basic,4.61,Monthly,2023-05-27
S9109,003f25a4-1,Basic,5.3,Yearly,2026-01-05
S9110,4c1f8b38-1,Premium,11.74,Yearly,2024-01-24
S9111,ddc92543-9,Standard,17.07,Monthly,2022-03-24
S9112,2ff85fd8-1,Standard,9.19,Yearly,2022-01-13
S9113,a08de3f8-0,Standard,14.47,Yearly,2023-03-07
S9114,b4adac3c-1,,10.66,Yearly,2023-10-31
S9115,7ae7030c-2,Standard,4.27,Monthly,2025-06-19
S9116,c3ce56d3-c,Basic,5.6,Yearly,2021-11-01
S9117,afe7bf0f-6,Premium,4.0,Monthly,2024-11-19
S9118,b909adb0-a,Standard,13.22,Monthly,2025-05-25
S9119,cb1921ad-1,Premium,18.12,Monthly,
S9120,5258d13c-2,Basic,7.24,Yearly,2023-06-15
S9121,00b03097-d,Standard,3.39,Yearly,2026-01-31
S9122,59706052-3,Basic,9.83,Monthly,2025-08-11
S9123,39c35fd6-8,Premium,4.51,Yearly,2023-05-14
S9124,d8c90493-d,Basic,3.91,Monthly,2024-03-05
S9125,efe36070-4,Basic,13.13,Monthly,2022-06-30
S9126,5a3ef6c7-4,Basic,13.57,Yearly,2025-06-21
S9127,77f51101-3,Premium,10.33,Monthly,2024-08-30
S9128,f60aee2b-3,Standard,10.37,Yearly,2021-10-06
S9129,a9fbbfc8-5,Premium,10.87,Monthly,2022-05-16
S9130,d185e70b-8,Basic,18.67,Yearly,2024-04-30
S9131,e5a51544-8,Premium,7.33,Monthly,2025-09-18
S9132,b2387e33-5,Standard,23.73,,2021-05-23
S9133,b8d9658b-7,Premium,18.64,Monthly,2023-06-23
S9134,0778876f-e,Standard,5.7,Monthly,2021-04-15
S9135,51d5bd2f-c,Premium,9.3,Monthly,2024-06-19
S9136,dd0acd89-8,Basic,18.86,Yearly,2021-09-11
S9137,d08bdcb2-7,Basic,18.35,Yearly,2022-11-06
S9138,695065c8-0,Premium,16.71,Monthly,2023-09-11
S9139,202e3e3a-4,Standard,7.53,Monthly,2023-12-27
S9140,71a96e4c-9,Standard,20.96,Monthly,2023-07-23
S9141,817e3736-2,Standard,24.17,Yearly,2021-03-20
S9142,945f452a-3,,12.63,Yearly,2024-12-14
S9143,309e6f8e-a,Premium,3.21,Yearly,2024-11-09
S9144,7a715729-9,Standard,20.22,Monthly,2023-12-13
S9145,f8ff55f3-2,Standard,11.39,Monthly,2021-09-10
S9146,58af5a9f-d,Premium,4.13,Yearly,2025-03-28
S9147,6605d060-6,Basic,3.42,Yearly,2023-11-23
S9148,fe65eea4-a,Standard,10.75,Yearly,2025-08-23
S9149,1538aa53-4,Premium,13.37,Monthly,2022-12-30
S9150,2cf2339b-e,Premium,8.69,Yearly,2024-01-13
S9151,54ef9948-5,Premium,8.63,Monthly,2025-08-19
S9152,ac31c770-c,Premium,7.27,Yearly,2022-10-07
S9153,5592ea48-e,Standard,5.31,Yearly,2024-08-13
S9154,6f44d343-6,Standard,16.52,Yearly,2025-01-10
S9155,7b0cdecb-4,Standard,18.88,Monthly,
S9156,9aba3bfe-f,Premium,13.61,Yearly,2025-03-31
S9157,ce4d14ac-e,Premium,7.68,Monthly,2025-08-09
S9158,5815df47-1,Premium,22.96,Yearly,2025-08-31
S9159,8033e82a-f,Basic,5.82,Yearly,2025-05-01
S9160,34f50e41-d,Premium,11.69,Yearly,2025-06-11
S9161,35c89185-7,Standard,18.61,Yearly,2021-12-23
S9162,8c9e6b36-5,Basic,22.6,Monthly ,2022-07-24
S9163,a4c41b22-e,Premium,11.29,Monthly,2023-10-18
S9164,e2e6b2c8-f,Standard,18.65,Monthly,2025-06-01
S9165,90b3d6f0-f,Basic,23.03,Yearly,2025-04-09
S9166,27f6bbee-5,Premium,14.22,Monthly,2024-02-01
S9167,522b4043-9,Premium,12.66,Yearly,2024-01-22
S9168,fa147280-0,Basic,3.22,Yearly,2025-02-05
S9169,d2bf1e2b-d,Standard,4.39,Yearly,2025-07-08
S9170,e1bbf32c-e,Standard,14.01,Monthly,2021-11-04
S9171,563fada7-d,Premium,12.64,Yearly,2022-06-30
S9172,23fb8072-6,Standard,6.9,Monthly,2023-08-01
S9173,7fe12a73-8,Premium,10.13,Monthly,2022-05-24
S9174,cf6f140d-4,Premium,4.12,Monthly,2023-09-08
S9175,2a771685-5,Standard,16.95,Monthly,2024-02-23
S9176,364e45b3-c,,11.89,Monthly,2024-11-17
S9177,a941e002-5,Basic,23.71,Monthly,2024-10-24
S9178,6a548357-8,Premium,15.66,Yearly,2021-12-20
S9179,62413965-b,Basic,17.73,Yearly,2022-04-20
S9180,f798a3f8-b,Premium,4.94,Yearly,2023-01-04
S9181,06d59018-1,Standard,13.08,Yearly,2023-06-06
S9182,63355111-0,Premium,7.84,Yearly,2023-10-01
S9183,651c0cab-d,Standard,8.13,Yearly,2024-06-19
S9184,c94942ab-0,Premium,9.08,Monthly,2024-05-29
S9185,e3f72f63-a,Basic,16.23,Monthly,2023-07-20
S9186,5bf62e24-c,Premium,3.66,Monthly,2023-01-21
S9187,cc7942ad-5,Premium,18.31,Yearly,2025-06-05
S9188,1b0c2984-a,Premium,8.1,Monthly,
S9189,59806ec8-9,Standard,6.07,Monthly,
S9190,ed5e1abc-d,Premium,5.61,Yearly,2025-09-29
S9191,1adf7f15-5,Basic,19.97,Yearly,2022-11-11
S9192,1e73ecf7-6,Basic,5.86,Monthly,2023-04-23
S9193,825b8a85-8,Basic,11.52,Yearly,2021-03-29
S9194,cf1e552b-6,Premium,11.77,Monthly,2023-08-31
S9195,5a1c833a-4,Basic,9.11,,2022-03-30
S9196,bd88b52f-5,Premium,17.29,Monthly,2024-09-11
S9197,7687d38e-4,Premium,5.29,Yearly,2024-03-20
S9198,7143bae7-6,Premium,6.05,Monthly,2024-09-06
S9199,bf8e2bb1-0,Standard,19.88,Yearly,2021-04-29
S9200,a1b0f876-b,Premium,23.1,Monthly,2022-06-05
S9201,b462176d-6,Premium,5.01,Yearly,2022-02-27
S9202,21ad3ee5-4,Basic,16.08,Monthly,2023-01-03
S9203,2f39911b-3,Standard,6.19,Yearly,2022-11-21
S9204,a6ce9fef-3,Basic,7.76,Monthly,2023-02-09
S9205,648c1be6-4,Standard,9.59,Monthly,2024-11-03
S9206,006b816e-9,Pr3mium,18.49,Monthly,2025-06-14
S9207,659fd726-d,Standard,15.96,Yearly,2025-08-19
S9208,dbdd92aa-d,Premium,4.64,Yearly,2025-02-01
S9209,f3c24f16-7,Basic,9.47,Yearly,2026-01-08
S9210,72c714f5-a,Basic,24.95,Yearly,2022-03-14
S9211,ac71b111-4,Basic,9.81,Monthly,2023-11-27
S9212,c034854f-2,Premium,11.55,Yearly,2024-04-16
S9213,6ed1098a-c,Standard,6.16,Yearly,2024-04-24
S9214,2280688e-6,Basic,7.93,Yearly,2023-07-25
S9215,662c1f37-a,Basic,18.25,Monthly,2023-01-27
S9216,09d90573-2,Premium,18.0,Monthly,2026-01-09
S9217,0fdc1b37-1,Basic,23.22,Monthly,2021-09-14
S9218,5f513f09-c,Premium,4.42,Monthly,2025-05-13
S9219,08103f4c-6,Premium,7.12,Yearly,2021-03-11
S9220,d235afcf-5,,7.44,Monthly ,2022-02-18
S9221,43a68cb5-2,Premium,8.37,Monthly,2024-09-11
S9222,58824535-5,Basic,10.74,Monthly,2022-02-24
S9223,7fba517c-3,Basic,8.82,Yearly,2024-09-22
S9224,224a4c0e-b,Pr3mium,21.98,Monthly,2025-10-29
S9225,a2aef43d-1,Standard,17.88,Yearly,2021-12-12
S9226,eaa98847-7,Standard,7.49,Monthly,2025-12-22
S9227,a0da70fc-7,Pr3mium,5.5,Yearly,2021-08-30
S9228,7d028fa4-6,Premium,23.66,Monthly,2022-09-12
S9229,2b5f19f5-a,Standard,11.37,Monthly,2023-12-27
S9230,a826eb02-6,Standard,18.65,Monthly,2022-05-21
S9231,31b4e5ac-1,Basic,16.76,Yearly,2024-01-01
S9232,880d1456-1,Basic,17.04,Monthly,2022-05-30
S9233,47d9d5a6-0,Premium,19.53,Yearly,2025-07-24
S9234,51d1ffdd-7,Basic,,Monthly,2024-05-13
S9235,,Basic,3.92,Yearly,2025-11-20
S9236,f99cda17-8,Premium,21.07,Yearly,2024-11-04
S9237,6598ef70-7,Premium,8.87,Yearly,2024-02-07
S9238,47756d16-e,Premium,4.95,Monthly,2023-11-03
S9239,779c9a14-0,Premium,23.38,Monthly,2023-08-13
S9240,ef3b8498-8,Basic,23.14,Monthly,2023-09-16
S9241,fe2c2ce1-6,Premium,21.9,Monthly,2022-07-22
S9242,44e8d697-d,Basic,21.98,Yearly,2024-07-07
S9243,33b252c0-7,Standard,22.31,Yearly,2022-01-15
S9244,903fabf6-a,Premium,7.28,Yearly,2025-11-24
S9245,f77b44ae-7,Standard,9.13,Yearly,2025-01-13
S9246,8da162bb-5,Premium,24.47,Monthly,2024-05-21
S9247,4748e4b3-f,Basic,15.69,Monthly,2022-02-21
S9248,f6132516-9,Standard,20.85,Monthly,2023-06-21
S9249,fc057728-e,Premium,9.35,Monthly,2024-02-07
S9250,645e04d8-6,Premium,11.13,Yearly,2022-03-27
S9251,ba7e1ae0-e,Standard,13.05,Yearly,2021-04-04
S9252,ca298a0c-7,Basic,6.55,Yearly,2022-11-13
S9253,9e18ef6f-3,Standard,24.56,Yearly,2021-07-04
S9254,71af0bd9-f,Premium,12.17,Yearly,2023-09-12
S9255,98d079d5-c,Basic,12.69,Monthly,2025-11-16
S9256,b8cc5b8b-d,Basic,5.93,Monthly,2022-05-06
S9257,0aae02c7-d,Basic,22.54,Monthly,2025-06-23
S9258,3e24dc36-8,Basic,7.91,Yearly,2023-05-14
S9259,8725d752-4,Standard,7.77,Yearly,2023-10-25
S9260,b1bb8c87-9,Premium,3.59,Yearly,2025-09-19
S9261,b71b9d62-b,Standard,21.65,Yearly,2025-12-22
S9262,b2248d40-8,Premium,15.22,Monthly,2024-09-25
S9263,686272f3-d,Premium,6.71,Monthly,2025-05-04
S9264,fdb46ca5-3,Premium,16.7,Monthly,2025-06-05
S9265,74becda0-1,Basic,9.27,Monthly,2021-03-11
S9266,59ade24e-0,Basic,10.82,Yearly,2022-06-12
S9267,cdb18ca1-8,Premium,19.08,Monthly,2022-04-24
S9268,50085f11-0,Premium,20.15,Yearly,2022-02-26
S9269,0cdee2af-e,Basic,17.0,Yearly,2025-09-16
S9270,9f220ea7-d,Basic,16.37,Yearly,2025-06-02
S9271,07dccd5c-b,Premium,20.54,Monthly,2022-10-27
S9272,1d88daec-9,Premium,6.16,Monthly,2025-08-18
S9273,0f0068c5-f,Premium,18.65,Monthly,2021-05-23
S9274,776df399-9,Standard,22.23,Yearly,2024-09-21
S9275,0b86d1fe-9,Basic,11.6,Monthly,2025-02-08
S9276,5e2ced0b-f,Basic,12.75,Monthly,2024-06-17
S9277,02d57939-0,Basic,4.6,Yearly,2021-07-14
S9278,3c6c2a95-a,Basic,10.97,Monthly,2025-09-18
S9279,092d94f7-a,Premium,12.23,Yearly,2024-06-28
S9280,3055638a-2,Basic,4.07,Yearly,2022-12-06
S9281,d61c8ac7-8,Premium,15.02,Yearly,2025-05-02
S9282,be776b25-6,Standard,7.43,Yearly,2025-01-24
S9283,aa08e15b-8,Standard,24.71,Monthly,2025-03-10
S9284,79c45474-a,Premium,19.84,Monthly,2022-06-22
S9285,03e34e4a-9,Premium,22.97,Monthly,2021-07-15
S9286,d211ccdf-9,Premium,20.87,Yearly,2024-02-06
S9287,ab33ea52-1,Standard,3.03,Yearly,2022-04-07
S9288,6abf60fd-e,Standard,10.85,Yearly,2021-10-28
S9289,9def9030-3,Standard,14.36,Yearly,2023-11-18
S9290,172943cf-b,Premium,6.03,Yearly,2024-03-01
S9291,b46b55d2-4,Basic,11.22,Yearly,2022-11-19
S9292,e164d4f8-3,Standard,7.71,Monthly,2022-05-14
S9293,da9b6180-4,Premium,8.01,Yearly,2025-11-02
S9294,994a7abf-a,Premium,16.09,Yearly,2021-06-16
S9295,933b427e-d,Basic,15.37,Yearly,2025-04-06
S9296,d63a88f2-6,Basic,6.97,Monthly,2023-03-10
S9297,bc7df427-f,Premium,10.75,Monthly,2023-12-22
S9298,61ddaa3f-4,Standard,4.08,Yearly,2023-07-05
S9299,0e9a1b18-d,Standard,9.39,Yearly,
S9300,5f8cd97e-0,Standard,22.92,Monthly,2021-12-16
S9301,cfb10072-3,Premium,20.62,Monthly,2024-04-19
S9302,c400ef20-2,Basic,17.05,Monthly,2025-03-11
S9303,d1cba557-e,Standard,8.08,Monthly,2025-05-28
S9304,3d5ee27f-f,Standard,14.24,Monthly,2025-04-18
S9305,e02c87d9-2,Premium,6.97,Monthly,2021-04-22
S9306,e02c44fc-a,Basic,23.59,Yearly,2021-12-23
S9307,26661f48-a,Premium,20.98,Yearly,2023-05-03
S9308,5fa24eb0-8,Basic,,Yearly,2025-10-18
S9309,3bd2567f-a,Premium,11.54,Yearly,2023-08-29
S9310,1ae98050-e,Basic,8.84,Yearly,2021-12-11
S9311,4a9b9ca8-a,Standard,6.93,Yearly,2023-02-18
S9312,7b4721bf-c,Basic,23.44,Monthly,2025-08-05
S9313,eed1a72b-a,Premium,5.96,Monthly,2021-10-12
S9314,50ddad44-4,Standard,11.37,Yearly,2025-02-07
S9315,1ddceada-5,Basic,20.31,Monthly,2022-11-23
S9316,80afcdf9-d,Premium,24.13,Monthly,2024-07-17
S9317,fd6f87d7-8,Premium,19.45,Yearly,2022-07-25
S9318,303cd255-4,Basic,24.05,Yearly,2025-08-08
S9319,bff0814e-5,Premium,5.34,Monthly,2023-05-03
S9320,214d451d-f,Basic,17.61,Monthly,2021-12-19
S9321,776b2803-3,Basic,9.66,Yearly,2021-03-03
S9322,1ce4fee1-f,Standard,14.72,Monthly,2022-01-02
S9323,67315437-6,Standard,14.2,Yearly,2025-09-10
S9324,15faa1a5-c,Premium,7.92,Monthly,2022-02-28
S9325,4dfb851c-b,Premium,21.29,Monthly,2022-04-15
S9326,fb160d90-3,Standard,12.62,Yearly,2024-07-18
S9327,b268aa69-e,Premium,7.72,Monthly,2022-06-26
S9328,249c28b8-9,Standard,5.6,Monthly,2023-07-21
S9329,77524d74-b,Standard,20.35,Monthly,2024-09-18
S9330,57f19a97-7,Standard,5.78,Monthly,2022-10-11
S9331,2dc41b44-7,Premium,12.27,Yearly,2022-06-01
S9332,1f828039-6,Basic,14.12,Monthly,2023-12-13
S9333,018e4833-3,Premium,12.28,Monthly,2021-11-05
S9334,e800af19-c,Standard,18.56,Yearly,2022-04-18
S9335,9a675e73-1,Basic,6.4,Monthly,2024-10-12
S9336,f02128b4-6,Standard,4.41,Monthly,2023-10-14
S9337,4f453e65-c,Basic,22.71,Monthly,2022-09-10
S9338,4778e6bc-5,Basic,10.79,Yearly,2023-02-24
S9339,1b06a272-1,Standard,20.07,Yearly,2021-07-16
S9340,96791110-e,Basic,6.54,Monthly,2024-08-09
S9341,25b62e5d-5,Premium,21.43,Monthly,2021-09-06
S9342,9b234312-f,Standard,13.25,Yearly,2025-09-18
S9343,d4090eb4-7,Premium,23.25,Monthly,2023-12-05
S9344,03a201ee-0,Premium,23.93,Yearly,2025-02-10
S9345,fdd16170-6,,23.73,Monthly,2025-05-23
S9346,3c360a16-c,Basic,5.19,Yearly,2025-06-23
S9347,18b21cc7-2,Standard,4.15,Monthly,2024-11-25
S9348,8e68c64c-9,Standard,20.84,Yearly,2021-02-19
S9349,4dd418b4-6,Standard,24.11,Yearly,2021-09-23
S9350,345e9d58-5,Premium,9.43,Yearly,2025-04-27
S9351,6c8f1771-f,Premium,23.05,Monthly,2022-01-15
S9352,4240cbd0-7,Basic,14.92,Yearly,2022-04-21
S9353,b82e02bd-9,Basic,15.7,Yearly,2021-04-09
S9354,462c0216-f,Standard,22.98,Yearly,2024-06-17
S9355,bad913cd-f,Premium,22.1,Yearly,2025-01-11
S9356,e1c11ddf-5,Standard,8.54,Monthly,2022-10-31
S9357,e4bffba0-6,Premium,24.39,Monthly,2022-08-12
S9358,86fe2488-1,Standard,16.01,Yearly,2024-12-21
S9359,5ad495d3-d,Basic,19.55,Monthly,2021-02-25
S9360,7f6bd2c0-d,Basic,21.03,Yearly,2023-10-19
S9361,d7ed46b9-7,Basic,7.63,Yearly,2023-05-18
S9362,7fef75d3-6,Premium,15.75,Yearly,2024-07-11
S9363,ebc672f1-9,Standard,9.79,Yearly,2021-12-04
S9364,b1bb661a-a,Premium,17.11,Yearly,2023-01-27
S9365,f3779274-d,Standard,12.46,Yearly,2024-04-17
S9366,b1508bb4-5,Basic,8.17,Yearly,2023-07-03
S9367,8d837656-2,Premium,4.58,Yearly,2021-11-28
S9368,6066b569-2,Standard,5.21,Monthly,2025-11-17
S9369,8184604b-1,Standard,11.81,Yearly,2023-06-10
S9370,3f23e357-5,standard,7.9,Monthly,2022-01-17
S9371,69b29b73-8,Premium,9.36,Yearly,2023-06-12
S9372,fa2d5f59-f,Basic,3.88,Yearly,2023-01-18
S9373,821099e2-7,Basic,20.39,Yearly,2022-05-27
S9374,dbb4c2fa-c,Premium,8.14,Monthly,2024-06-28
S9375,40b6f9c9-7,Basic,7.58,Monthly,2022-11-17
S9376,8b750db3-f,Standard,24.63,Monthly,2023-04-10
S9377,1b59c43f-1,Basic,13.78,Yearly,2022-04-13
S9378,2fb65231-9,Basic,6.35,Yearly,2023-01-03
S9379,ac86e9d8-b,Premium,7.72,Monthly,2024-05-02
S9380,d6ce8652-a,Standard,4.17,Yearly,2024-12-22
S9381,a61f6f5a-5,Basic,21.56,Monthly,2025-10-01
S9382,185360b2-3,Premium,7.68,Monthly,2022-09-16
S9383,b2fd88db-6,,14.57,Yearly,2024-06-17
S9384,6bd13a2b-7,Standard,20.99,Yearly,2025-11-09
S9385,08d37301-5,Standard,23.74,Yearly,2023-11-04
S9386,4e6e8797-3,Premium,16.83,Yearly,2025-08-21
S9387,4870489d-5,standard,20.12,Yearly,2025-10-20
S9388,e4576315-f,Premium,24.48,Yearly,2021-04-23
S9389,977fd875-0,,7.41,Monthly,2024-08-14
S9390,cbc69507-f,Standard,21.51,Yearly,2021-06-09
S9391,8d5dd76b-f,Standard,6.81,Yearly,2025-04-30
S9392,6e7349cb-7,Basic,15.42,Yearly,2021-09-25
S9393,71005f5c-b,Basic,22.79,Monthly,2022-06-22
S9394,d69c8516-d,Premium,9.55,Monthly,2025-12-27
S9395,0ed43110-6,Premium,5.88,Yearly,2025-12-02
S9396,49199163-3,Premium,10.1,Yearly,2023-01-31
S9397,4f8eb0a4-7,Premium,23.56,Monthly,2024-08-15
S9398,a5a93ed2-2,Premium,14.69,Yearly,2025-01-16
S9399,44130eaf-0,Premium,9.18,Yearly,2022-10-23
S9400,102e1798-8,Standard,20.68,Yearly,2023-08-04
S9401,811bd125-7,Premium,10.98,Yearly,2024-11-18
S9402,8bb32947-c,Standard,3.09,Monthly,2026-01-12
S9403,cc818c64-b,Standard,6.56,Yearly,2025-06-28
S9404,2c2acfcb-c,Basic,4.97,Yearly,2025-05-03
S9405,a408d3f0-4,Basic,10.58,Monthly,2022-03-26
S9406,78c6f386-f,Standard,20.08,,2023-05-30
S9407,da8d41b8-5,Basic,9.41,Yearly,2025-04-03
S9408,2defbd2b-b,Premium,6.51,Yearly,2024-08-02
S9409,010227d3-8,Standard,15.35,Monthly,2023-03-18
S9410,729ead95-d,Basic,4.0,Monthly,2022-03-24
S9411,7c55a99f-7,Basic,12.54,Yearly,2021-08-14
S9412,9606d49b-1,Standard,21.35,Monthly,2022-04-01
S9413,4891f079-8,Basic,4.25,Yearly,2025-08-07
S9414,c0e61385-f,Premium,12.06,Yearly,2021-08-03
S9415,8b0311b4-0,Standard,13.23,Yearly,2025-04-17
S9416,4db93e88-0,Premium,15.01,Yearly,2021-04-22
S9417,8ac6192a-4,Basic,6.34,Yearly,2024-07-20
S9418,3ad90347-d,Premium,12.3,Monthly,2021-04-09
S9419,8bac692a-8,Premium,23.97,Monthly,2024-06-23
S9420,12943ac6-2,Standard,3.57,Monthly,2022-09-18
S9421,2213b082-8,Basic,9.87,Yearly,2021-09-24
S9422,c33b21d4-4,Standard,22.72,Yearly,2022-12-20
S9423,12cceab9-6,Premium,19.09,Monthly,2024-02-06
S9424,0eb12b00-e,Basic,11.93,Monthly,2022-01-25
S9425,db4eb31d-1,Premium,21.36,Yearly,2022-03-02
S9426,f5cdee26-b,Premium,,Yearly,2025-02-11
S9427,fc0a472a-a,Basic,14.16,Monthly,2024-05-16
S9428,0e2d514b-c,Premium,16.6,Yearly,2025-09-01
S9429,b5b92d42-8,Standard,3.18,Yearly,2021-07-10
S9430,6614bb62-4,Basic,15.72,Yearly,2025-07-11
S9431,924be2be-c,Standard,16.57,Monthly,2021-11-24
S9432,2083a221-5,Premium,9.42,Yearly,2022-09-02
S9433,410ee694-6,Basic,16.32,Yearly,
S9434,a789acb2-f,Basic,18.96,Monthly,2025-04-14
S9435,db180108-d,Basic,21.49,Monthly,2022-10-15
S9436,a844d71f-b,Standard,20.48,Monthly,2023-09-08
S9437,ba1a8b07-0,Standard,3.28,Yearly,2023-08-31
S9438,0db4c492-7,Premium,23.93,Monthly,2025-05-22
S9439,a3c021ca-d,Basic,11.05,Yearly,2021-06-27
S9440,0bf9a75d-1,Premium,5.19,Monthly,2024-09-06
S9441,c55a54a6-e,Premium,3.65,Yearly,2023-12-30
S9442,acb3fa8b-d,Basic,7.46,Monthly,2025-06-06
S9443,d62950d6-7,Basic,24.46,Monthly,2021-11-20
S9444,2794d2d2-f,Basic,15.18,Monthly,2022-05-03
S9445,2079220f-1,standard,16.0,Monthly,2025-02-05
S9446,4cdc0451-0,Premium,6.62,Monthly,2025-01-18
S9447,acff0a83-0,Basic,19.94,Monthly,2023-06-01
S9448,fd04ccec-5,Premium,6.23,Monthly,2024-03-23
S9449,ff8ca9a3-6,Basic,14.22,Monthly,2021-03-20
S9450,e2738c64-3,Standard,19.51,Monthly,2021-11-15
S9451,e64d1562-7,Premium,3.82,Yearly,2021-08-31
S9452,26be1045-8,Standard,13.64,Monthly,2024-11-29
S9453,f1b7531f-0,Basic,17.71,Monthly,2024-05-14
S9454,26efc4dd-5,Basic,15.7,Yearly,2021-12-21
S9455,95de0929-5,Premium,11.58,Yearly,2025-09-16
S9456,5443c1fd-5,Premium,16.01,Yearly,2024-08-31
S9457,dc11b658-4,Premium ,12.97,Monthly,2022-11-17
S9458,9fa100d4-7,Standard,16.81,Yearly,2025-07-23
S9459,559fda94-7,Standard,6.26,Yearly,2022-10-26
S9460,f01b3148-5,Premium,20.73,Monthly,2022-12-07
S9461,0025cce3-0,Basic,3.79,Monthly,2021-09-14
S9462,ab162b8f-0,Basic,13.13,Monthly,2022-10-03
S9463,47549014-f,Premium,24.66,Monthly,2023-10-09
S9464,d1a9d2ac-a,Standard,,Monthly,2021-06-16
S9465,c91ced47-f,Basic,8.46,Monthly,2022-11-10
S9466,5d3be63c-d,Basic,19.22,Monthly,2023-11-08
S9467,e0fc3a32-4,Basic,15.65,Monthly,2021-05-01
S9468,fd80f94e-0,Basic,14.82,Yearly,2022-09-02
S9469,4f2d5adc-7,Premium,4.33,Yearly,2023-01-18
S9470,b900360f-f,Standard,21.28,Monthly,2023-04-14
S9471,b73c59f1-8,Basic,16.94,Yearly,2024-07-20
S9472,7da5c20c-1,Basic,19.43,Monthly,2021-03-11
S9473,b1c13ede-e,,21.57,Yearly,2023-02-17
S9474,264f62f9-1,Basic,7.2,Monthly,2021-03-20
S9475,7a897315-3,Premium,22.15,Yearly,
S9476,67790e07-b,Basic,22.18,Yearly,2024-08-26
S9477,91f88a0d-6,Basic,18.96,Yearly,2024-01-23
S9478,775a92dc-4,Basic,24.24,Monthly,2026-01-10
S9479,69bcc4cd-1,Premium,11.36,Yearly,2022-05-23
S9480,454bc6aa-5,Standard,6.75,Yearly,2021-11-03
S9481,329f140f-0,Basic,15.78,Yearly,2021-06-13
S9482,d99ca900-c,Basic,16.15,Yearly,2021-02-28
S9483,bdcef5d4-7,Standard,4.64,Yearly,2023-06-24
S9484,e0c454d0-b,Premium,13.19,Monthly,2025-10-28
S9485,368357cb-b,Basic,20.65,Yearly,2025-03-11
S9486,6660818a-6,Standard,23.53,Yearly,2023-12-30
S9487,dd371df1-f,Standard,20.27,Monthly,2021-05-03
S9488,57064908-1,Basic,24.85,Yearly,2023-10-25
S9489,4362c4f3-2,Basic,14.9,Monthly,2021-03-23
S9490,27cf51b2-6,Premium,24.68,Monthly,2022-08-04
S9491,df09d3c2-8,Premium,6.72,Monthly,2022-11-09
S9492,d42795f2-9,Basic,4.32,Monthly,2022-01-20
S9493,fa2b4fb6-4,Premium,9.34,Monthly,2025-01-30
S9494,6cd3d089-d,Basic,23.77,Monthly,2021-07-07
S9495,77a2156e-3,Standard,23.47,Monthly,2024-01-28
S9496,e08a3a4e-e,Premium,6.53,Monthly,2022-07-31
S9497,e2fd0054-0,Basic,7.03,Yearly,2024-03-12
S9498,f40fa959-7,Basic,18.96,Yearly,2021-07-25
S9499,295d2942-9,Basic,9.26,Monthly,2024-02-10
S9500,852323f7-8,Premium,9.74,Yearly,2021-04-26
S9501,98212e60-0,Basic,20.85,Monthly,2023-06-09
S9502,747e73fd-9,Premium,5.34,Monthly,
S9503,2f2d18c5-b,Premium,14.27,Monthly,2023-03-12
S9504,f0a7ffd1-6,Premium,5.25,Monthly,2025-09-19
S9505,83925df9-4,Basic,3.03,Yearly,2022-07-22
S9506,a2c59226-c,Premium,19.75,Monthly,2023-01-15
S9507,b7f6ddb8-a,Premium,19.86,Yearly,2021-05-10
S9508,006e7bd4-5,Standard,23.29,Monthly,2022-08-20
S9509,98531486-f,Premium,12.61,Yearly,2025-02-18
S9510,345e7e92-6,Premium,12.38,Yearly,2025-03-15
S9511,8d54a992-2,Premium,22.61,Monthly,2022-10-13
S9512,d6eefc01-8,,19.11,Yearly,2022-06-11
S9513,667f4bda-4,Basic,3.69,Yearly,2022-09-15
S9514,ce074766-1,Standard,23.31,Y3arly,2023-06-29
S9515,bc14f74a-d,Premium,6.69,Yearly,2024-12-20
S9516,a9440426-2,Standard,8.57,Yearly,2022-08-14
S9517,b7b297c2-a,Basic,8.19,Yearly,2022-07-25
S9518,eeaa7ab1-f,Premium,21.15,Yearly,2024-09-09
S9519,eaf20826-6,Premium,3.28,Monthly,2022-05-22
S9520,9016b9bd-8,Standard,19.35,Yearly,2024-02-15
S9521,fe958502-2,Basic,22.09,Yearly,2025-03-14
S9522,9f734b24-d,Basic,4.03,Monthly,2025-01-04
S9523,c16c41c2-7,Standard,21.71,Monthly,2024-04-03
S9524,c91f8ef3-4,Basic,23.82,Yearly,2023-10-21
S9525,4f4259ce-c,Premium,8.15,Monthly,2022-06-22
S9526,a99d9735-3,Basic,10.62,Monthly,2021-05-20
S9527,03a1f4db-8,Basic,21.87,Yearly,2024-11-16
S9528,520db404-6,Premium,21.32,Yearly,2025-04-28
S9529,afacf681-8,Premium,10.43,Monthly,2025-05-21
S9530,b249f140-7,Premium,4.41,Monthly,2022-10-25
S9531,52edcdc2-3,Standard,13.39,Monthly,2024-04-19
S9532,326a5b6d-1,Premium,,Yearly,2025-01-13
S9533,342329d0-a,premium,17.83,Monthly,2024-08-09
S9534,085522eb-8,Premium,11.65,Yearly,2023-08-09
S9535,f15be858-e,Standard,15.51,Yearly,2026-01-07
S9536,796cc121-6,Basic,12.43,,2024-06-13
S9537,257b9c88-a,Standard,5.24,Monthly,2025-07-28
S9538,55399c5a-9,Basic,24.15,Yearly,2022-10-06
S9539,e9eec219-3,Basic,23.55,Yearly,2021-08-24
S9540,16720180-7,Premium,15.6,Yearly,2025-01-04
S9541,0852b8c0-c,Standard,20.56,Monthly,2024-02-07
S9542,7aba79f4-c,Basic,12.6,Yearly,2021-07-18
S9543,9498583f-3,Standard,6.56,Yearly,2022-04-19
S9544,f494cf47-e,Standard,14.2,Yearly,2021-02-13
S9545,d00b5da2-a,Standard,20.49,Monthly,2022-07-02
S9546,0c88c9ab-9,Premium,7.94,Yearly,2024-04-13
S9547,ae72f730-5,Standard,21.02,Monthly,2022-10-08
S9548,ced3dfe7-6,Basic,12.5,Monthly,2021-02-19
S9549,94736f0b-f,Basic,19.68,Monthly,2023-07-14
S9550,e2cdf0b1-6,Premium,3.05,Yearly,2022-06-21
S9551,3c891a85-9,Basic,13.35,Monthly,2025-10-12
S9552,d804f23e-1,Premium,9.96,Yearly,2023-05-01
S9553,fe347cdf-c,Premium,15.86,Yearly,2022-10-10
S9554,0a7b69e8-9,Basic,5.82,Monthly,2022-12-03
S9555,36dd6c92-c,Standard,13.62,Yearly,2023-08-27
S9556,7b53ba8c-a,Standard,16.04,Monthly,2022-10-27
S9557,00a407ca-2,Standard,8.89,Yearly,2024-08-13
S9558,8a7012eb-0,Basic,20.81,Yearly,2023-07-21
S9559,814b46a1-7,Basic,6.18,Monthly,2022-01-29
S9560,546550af-8,Standard,7.66,Yearly,2025-10-10
S9561,3132a1e2-1,Basic,10.21,Yearly,2025-04-09
S9562,8398161f-0,Premium,14.2,Monthly,2025-11-15
S9563,a5c218ae-9,Standard,20.61,Monthly,2022-05-05
S9564,dfd3dfa0-a,Premium,5.61,Yearly,2025-08-21
S9565,2839e7d6-c,Standard,20.5,Yearly,2023-11-15
S9566,4fc41fa0-4,Premium,12.1,Yearly,2025-11-10
S9567,6ae6c82f-e,Premium,11.42,Yearly,2022-10-27
S9568,3cd85c1a-3,Standard,14.92,Monthly,2025-08-09
S9569,74c42c8b-4,Premium,8.85,Yearly,2021-02-23
S9570,5cb48d3b-0,Premium,8.12,Monthly,2022-03-03
S9571,ae61e59a-6,Standard,20.07,Yearly,2025-12-23
S9572,012133c6-e,Standard,19.4,Yearly,2023-10-21
S9573,841871a8-e,Premium,16.22,Monthly,2025-03-02
S9574,177ce45f-2,Premium,18.04,Monthly,2023-09-06
S9575,cda0f4b7-d,Basic,13.94,Monthly,2021-06-17
S9576,48bc8dd2-8,Basic,19.14,Yearly,2024-05-26
S9577,67169d34-f,Premium,11.65,Monthly,2025-02-24
S9578,89680ddf-b,Standard,6.04,Yearly,2023-08-14
S9579,c6881d58-7,Premium,14.21,Yearly,2022-07-31
S9580,257d188b-3 ,Basic,22.01,Yearly,2022-03-03
S9581,4720b12e-0,Standard,7.12,Yearly,2022-09-07
S9582,9cc1da48-9,Premium,16.87,Monthly,2022-05-29
S9583,1f5ce8a4-a,Premium,10.23,Yearly,2024-12-28
S9584,,Basic,12.17,Yearly,2021-06-24
S9585,fae6247b-e,Basic,22.44,Yearly,2024-07-08
S9586,,Standard,18.45,Yearly,2023-06-15
S9587,e586fbc5-7,Premium,19.81,Yearly,2024-04-03
S9588,6522c7f4-b,Standard,13.72,Monthly,2024-08-12
S9589,f168216e-1,Basic,24.04,Monthly,2025-01-23
S9590,0e6d93e3-7,Basic,10.97,Yearly,2022-12-28
S9591,548f88aa-5,Premium,3.38,Monthly,2022-07-20
S9592,cef0ba47-3,Basic,24.56,Monthly,2021-09-08
S9593,25829ea7-8,Premium,18.38,Monthly,
S9594,70e85c5a-3,Standard,9.1,Monthly,2021-09-07
S9595,db9f30ba-e,Basic,8.63,Yearly,2021-05-21
S9596,7731b795-a,Basic,18.94,Monthly,2021-04-24
S9597,973a1104-b,Premium,10.42,Yearly,2024-02-17
S9598,0bd2aeac-6,Premium,21.07,Yearly,2022-12-18
S9599,668f582f-c,Premium,11.41,Yearly,2025-04-17
S9600,8c19485d-3,Basic,19.4,Monthly,2021-10-02
S9601,6f56f09d-3,Premium,22.0,Yearly,2023-10-13
S9602,,Basic,24.75,Yearly,2022-11-14
S9603,95323550-c,Premium,22.89,Yearly,2024-05-25
S9604,0613d106-d,Premium,6.16,Monthly,2025-05-05
S9605,21ca70e1-d,Standard,3.8,Monthly,2022-09-14
S9606,edb4385e-9,Standard,11.18,Yearly,2022-01-03
S9607,e6a2f86a-f,Basic,23.33,Monthly,2024-04-12
S9608,bcda51ba-d,Standard,8.83,Monthly,2023-12-13
S9609,be4bb126-3,Standard,12.18,Yearly,2021-06-02
S9610,77867578-b,Basic,7.82,Yearly,2025-11-22
S9611,c8ce0389-5,Basic,5.3,Monthly,2025-11-27
S9612,090441ee-3,Standard,19.02,Monthly,2024-06-10
S9613,55fd7f79-f,Basic,12.92,Yearly,
S9614,cd56344b-6,Standard,7.96,Monthly,2022-01-26
S9615,893b16eb-5,Basic,3.81,Yearly,2025-05-01
S9616,742540af-c,Standard,23.45,Monthly,2025-04-08
S9617,ae3b2e13-f,Premium,3.72,Monthly,2022-07-12
S9618,cf359133-a,Standard,7.79,Yearly,2025-07-27
S9619,ee8c8d72-c,Premium,23.6,Monthly,2024-09-24
S9620,aa5261f7-c,Standard,11.27,Yearly,2024-04-12
S9621,4dfabd83-6,Basic,21.67,Monthly,2023-07-14
S9622,e798e5cf-9,Standard,3.95,Monthly,2023-07-04
S9623,74ec9a5a-1,Standard,16.28,Monthly,2023-09-15
S9624,5dca95b4-f,Standard,15.33,Yearly,2021-07-31
S9625,2ebf5cd5-c,Premium,20.89,Monthly,2024-05-24
S9626,55d19c52-4,Basic,3.73,Monthly,2023-06-01
S9627,c7a88299-6,Premium,5.77,Monthly,2024-10-09
S9628,d399b927-c,Standard,24.13,Monthly,2023-06-04
S9629,cd22a976-5,Basic,3.85,Yearly,2022-10-29
S9630,a5195ab8-1,Premium,3.85,Monthly,2025-08-18
S9631,db0241cf-b,Premium,17.53,Monthly,2025-04-05
S9632,292fde62-8,Basic,13.62,Monthly,2023-03-16
S9633,0abe8e0f-e,Premium,17.5,Monthly,2023-07-17
S9634,b369da94-6,basic,18.49,Yearly,2024-05-15
S9635,0f7f8d18-1,Premium,21.15,Yearly,2023-12-05
S9636,d90b7aab-4,Premium,7.92,,2025-05-29
S9637,4eb37b04-6,Premium,21.41,Yearly,2025-02-18
S9638,6faabd75-6,Basic,19.61,Yearly,2023-01-19
S9639,8ab4206b-2,Premium,9.71,Monthly,2023-10-06
S9640,7f2fd6f6-9,Basic,3.22,Monthly,2023-05-13
S9641,2279cbe3-0,Standard,5.65,Yearly,2021-10-28
S9642,ab21f009-4,Standard,10.71,Monthly,2025-04-21
S9643,5ef77777-c,Basic,24.3,Monthly,2024-03-14
S9644,dbaf3508-8,Premium,5.16,Monthly,2025-04-18
S9645,505b38e2-a,Standard,18.69,Yearly,2022-06-15
S9646,191b0f09-0,Basic,9.09,Monthly,2023-05-25
S9647,ed4dca8d-2,Premium,14.92,Yearly,2024-12-06
S9648,c3b75aa7-2,Premium,4.99,Yearly,2022-03-11
S9649,4923f393-1,Standard,14.17,Monthly,2021-12-10
S9650,f2a15ea7-7,Premium,12.28,Yearly,2022-09-01
S9651,7a9f8144-2,Basic,19.93,Yearly,2022-04-14
S9652,5388a3b2-7,Premium,21.46,Monthly,2024-11-26
S9653,a7822e34-6,Basic,5.96,Yearly,2024-02-10
S9654,7547ab48-f,Basic,16.2,Monthly,2024-12-04
S9655,3bf8e531-5,Standard,16.84,Yearly,2021-10-31
S9656,9846200e-0,Premium,13.86,Yearly,2023-11-07
S9657,ce8f0f65-1,Premium,17.09,Monthly,
S9658,63044a3a-e,Basic,9.99,Yearly,2023-08-30
S9659,2cb892e4-d,Basic,21.51,Monthly,2022-04-22
S9660,29141de4-c,Premium,6.2,Monthly,2025-02-22
S9661,edaccf14-5,Standard,16.44,Yearly,2024-10-12
S9662,b24c4077-5,Basic,6.86,Monthly,2021-09-26
S9663,d391f5eb-2,Basic,24.55,Yearly,2024-08-14
S9664,50febc40-8,Premium,6.74,Monthly,2025-10-06
S9665,195ecf3e-7,Basic,4.1,Yearly,2022-05-24
S9666,64c28298-7,Standard,22.31,Yearly,2025-05-24
S9667,f3eb910d-2,Premium,16.23,Yearly,2025-03-30
S9668,14253394-3,Basic,24.81,Yearly,2025-07-08
S9669,a7603fc7-4,Basic,10.53,Monthly,2022-01-30
S9670,7a386334-4,Basic,15.13,Monthly,2021-05-03
S9671,bdbef5f3-a,Premium,6.71,Monthly,2022-07-29
S9672,1a4d2b97-0,Standard,8.56,Monthly,2023-07-22
S9673,594222f2-f,Basic,13.8,Yearly,2024-05-08
S9674,134ff9d8-c,Basic,23.6,Monthly,2022-05-22
S9675,0d8c872e-1,Standard,24.49,,2021-10-06
S9676,b1a72fa2-9,Basic,23.56,Yearly,2025-01-26
S9677,fdb69e71-e,Basic,19.43,Monthly,2022-07-19
S9678,76d83b05-9,Premium,7.68,Monthly,2025-11-20
S9679,2e262365-4,Standard,4.63,Monthly,2023-12-06
S9680,f15df876-d,Standard,22.9,Monthly,2024-06-29
S9681,ac4b8dd8-5,Premium,10.58,Yearly,2022-06-14
S9682,91a77805-b,Premium,14.9,Yearly,2021-05-23
S9683,d68ffc92-a,Basic,13.82,Yearly,2022-06-03
S9684,57535b20-4,Premium,17.21,Yearly,2023-01-29
S9685,7d71c0e9-d,Standard,13.72,Yearly,2023-12-10
S9686,944271d5-e,Standard,20.26,Yearly,2021-03-22
S9687,932146a7-1,Premium,15.18,Monthly,2022-11-26
S9688,b98d427d-3,Basic,6.33,Monthly,2023-08-04
S9689,0d1c9092-5,Basic,4.71,Yearly,2025-09-04
S9690,47203fcc-0,Standard,16.12,Yearly,2025-03-24
S9691,adb0ed4a-7,Standard,12.43,Monthly,2021-09-09
S9692,afb280b8-7,Premium,8.51,Yearly,2023-08-30
S9693,58c4783a-c,Standard,12.64,Monthly,2025-11-10
S9694,e06545fb-7,Basic,15.23,Monthly,2025-09-02
S9695,14e21299-c,Standard,16.12,Monthly,2023-04-21
S9696,fa7b4d37-0,Standard,16.97,Yearly,2023-01-26
S9697,58689f64-0,Premium,18.55,Yearly,2023-07-24
S9698,ef85f60d-c,Premium,8.13,Monthly,2023-05-09
S9699,c1d6a068-e,Basic,7.61,Monthly,2023-09-15
S9700,c2bbfd76-e,Basic,23.42,Yearly,2022-06-19
S9701,4271ac29-9,Basic,4.89,Monthly,2025-04-27
S9702,311f077b-4,Basic,6.92,Yearly,2025-03-22
S9703,30857db1-d,Premium,14.97,Yearly,2024-12-16
S9704,92975e5c-1,Premium,11.26,Monthly,2023-04-24
S9705,26e2ff14-9,Standard,6.22,Yearly,2022-05-13
S9706,111b0a47-8,Premium,4.44,Monthly,2021-07-07
S9707,59d4941d-a,Premium,23.6,Monthly,2025-07-21
S9708,8cc29866-2,Premium,3.92,Yearly,2022-01-26
S9709,5dd52bff-9,Standard,11.12,Yearly,2022-02-28
S9710,806064e3-3,Premium,13.15,Monthly,2022-10-07
S9711,e2e84210-0,Premium,10.26,Yearly,2023-12-18
S9712,2079d888-b,Basic,5.51,Monthly,2023-11-18
S9713,9eebd05f-e,Premium,4.95,Yearly,2023-06-27
S9714,7e4d6d11-2,Standard,7.8,Yearly,2021-02-18
S9715,8bf54a33-9,Premium,6.18,Yearly,2024-03-31
S9716,bdc542e0-f,Basic,3.61,Monthly,2021-05-03
S9717,a56d3938-5,Basic,13.55,Monthly,2025-04-08
S9718,6e2fdeb9-9,Standard,22.2,Yearly,2021-04-01
S9719,8099dd43-a,Standard,17.65,Monthly,2024-08-23
S9720,48e9e23c-1,Premium,4.42,Yearly,2024-01-06
S9721,37e39bf5-a,Premium,9.76,Yearly,2024-09-30
S9722,6c90b4c2-7,Basic,9.94,Monthly,2021-06-04
S9723,e92741a4-e,Premium,3.83,Yearly,2023-03-02
S9724,7617a8e3-2,Premium,18.01,Yearly,2021-03-29
S9725,0c47606b-9,Premium,10.11,monthly,2023-07-15
S9726,9060cad4-a,Basic,11.63,Monthly,2022-11-08
S9727,5257b7d0-f,Standard,13.24,Yearly,2022-09-16
S9728,7ceeb33c-1,Standard,8.53,Yearly,2025-03-28
S9729,16ba49f2-5,Basic,19.61,Monthly,2021-03-21
S9730,b366514c-1,Premium,4.08,Monthly,2025-12-13
S9731,dcd30ad5-9,Standard,7.78,Monthly,2024-08-19
S9732,c6b6ea7a-2,Basic,9.72,Yearly,2021-04-29
S9733,0646f752-3,Premium,12.45,Monthly,2025-10-24
S9734,88756223-1,Premium,13.03,Monthly,2022-05-26
S9735,bcfb61b4-f,Premium,21.56,Monthly,2025-02-15
S9736,3b4b36ae-b,Standard,20.51,Yearly,2023-10-25
S9737,84831876-b,Standard,3.42,Yearly,2025-05-23
S9738,67dd4407-f,Basic,5.85,Monthly,2024-10-22
S9739,903676fe-8,,6.24,Monthly,2021-10-13
S9740,a28836b3-1,Premium,22.98,Monthly,2021-12-11
S9741,76fa3193-1,Premium,11.49,Yearly,2021-03-23
S9742,496c217f-1,Basic,17.11,Yearly,2022-10-25
S9743,b582cb06-c,Standard,10.9,Monthly,2023-03-05
S9744,a0f2df9f-f,Premium,21.29,Monthly,2025-08-23
S9745,55788ad6-0,Standard,5.2,Monthly,2021-03-20
S9746,118fc8bf-0,Premium,8.22,Monthly,2025-04-16
S9747,1488357a-f,Basic,22.93,Monthly,2022-04-25
S9748,60a225bf-3,Basic,5.72,Monthly,2022-11-01
S9749,e3130b7b-7,Standard,23.54,Yearly,2023-01-30
S9750,aa692f87-7,Premium,19.86,Yearly,2024-06-23
S9751,317476f7-b,Premium,10.43,Monthly,2022-06-22
S9752,40ec9a4f-1,Premium,12.97,Yearly,2021-09-06
S9753,9569e1a7-7,Standard,13.38,Monthly,2023-05-16
S9754,96f7943d-7,Premium,24.22,Monthly,2022-04-13
S9755,25ce2994-3,Basic,11.84,Yearly,2022-12-20
S9756,2b3732fd-6,Standard,13.34,Yearly,2021-09-06
S9757,af16e841-8,Premium,8.77,Yearly,2022-05-23
S9758,a01ef4f7-1,Basic,7.9,Monthly,2023-10-15
S9759,6b70c23b-f,Premium,22.12,Yearly,2026-01-04
S9760,8b65f900-e,Premium,18.71,Yearly,2023-01-10
S9761,ea7ef3aa-5,Basic,6.94,Monthly,2023-01-18
S9762,c521a506-0,Standard,5.73,Yearly,2024-04-27
S9763,f3d0374b-2,Basic,14.9,Monthly,2023-07-11
S9764,4ec0d26d-1,Premium,11.69,Monthly,2023-11-11
S9765,2eca51e3-f,Basic,9.76,Yearly,2024-01-29
S9766,d4e25a43-8,Standard,4.41,Monthly,2025-04-04
S9767,e5db318a-e,Basic,16.23,Yearly,2025-02-10
S9768,0cec09fc-6,Basic,4.79,Monthly,2023-08-16
S9769,d953debf-3,Standard,9.98,Monthly,2026-01-14
S9770,96c3a485-8,Standard,4.38,Monthly,2023-11-11
S9771,18827695-a,Basic,17.94,Yearly,2023-02-05
S9772,bb2bea32-7,Standard,4.29,Monthly,2021-11-03
S9773,414c1267-4,Standard,7.94,Yearly,2021-11-22
S9774,531628b4-5,Standard,3.62,Yearly,2022-02-09
S9775,03144d9d-4,Standard,9.52,Monthly,2022-07-26
S9776,1910e04f-5,Standard,13.76,Monthly,2023-02-19
S9777,872846ca-8,Basic,18.96,Monthly,2024-09-25
S9778,8237c7a5-a,Basic,11.34,Monthly,2023-07-16
S9779,622d1cbf-b,Basic,11.59,Monthly,2021-10-30
S9780,6445d180-b,Premium,21.72,Monthly,2024-03-14
S9781,fb0ea114-3,Basic,10.03,Yearly,2023-09-20
S9782,e54499f9-c,Premium,6.72,Yearly,2024-06-22
S9783,b545f37b-a,Premium,18.43,Monthly,2021-09-12
S9784,1af4dfa2-5,Basic,21.45,Monthly,2022-10-31
S9785,ce4cd714-a,Premium,24.46,Monthly,2021-03-26
S9786,40885659-2,Standard,4.77,Yearly,2024-12-13
S9787,fc10c9f3-d,Basic,21.43,Yearly,2021-09-15
S9788,3c4c9d47-5,Basic,18.0,Yearly,2022-06-03
S9789,2978cde4-4,Basic,20.31,Monthly,2025-01-10
S9790,0e52f7a2-c,Basic,18.29,Yearly,2022-04-02
S9791,e4cc575a-9,Premium,10.44,Yearly,2025-05-26
S9792,7dd225b2-8,Premium,16.72,Yearly,2025-03-19
S9793,941f6eef-3,Standard,23.1,Monthly,2025-10-18
S9794,363ca9a1-2,Basic,11.45,Monthly,2022-07-22
S9795,be8cc84a-1,Standard,17.04,Yearly,2022-01-21
S9796,ec17cf06-e,Basic,20.99,Monthly,2023-08-09
S9797,0f193599-d,Standard,6.03,Monthly,2021-12-31
S9798,45e620c9-4,Premium,23.19,Monthly,2024-10-28
S9799,4a648157-c,Standard,16.82,Yearly,2022-05-28
S9800,16b45e04-6,Standard,18.42,Monthly,2021-02-15
S9801,d138686f-d,Premium,12.81,Monthly,2021-10-31
S9802,50827424-1,Basic,9.08,Monthly,2024-05-24
S9803,963fd14a-b,Basic,12.06,Monthly,2024-09-18
S9804,af210a5c-6,Standard,3.3,Yearly,2024-10-31
S9805,e2117d45-1,Standard,7.6,Monthly,2021-05-22
S9806,62bfff46-9,Basic,13.77,Yearly,2023-02-12
S9807,4d743c1a-2,Premium,21.39,Yearly,2023-04-06
S9808,2dcb027e-8,Premium,5.89,Yearly,2025-06-16
S9809,8f9d2cc5-0,Basic,23.05,Monthly,2025-06-08
S9810,a6901061-3,Standard,3.41,Yearly,2024-05-21
S9811,5d2ca185-1,Basic,4.69,Yearly,2021-12-11
S9812,35966b43-8,Basic,23.21,Yearly,2022-02-04
S9813,0d7dfa4f-5,Standard,24.31,Yearly,2022-10-09
S9814,82e85a9b-3,Standard,7.33,Monthly,2025-07-19
S9815,56e81877-2,Standard,12.33,Monthly,2025-08-23
S9816,16763ca0-4,Premium,11.36,Monthly,2024-08-31
S9817,c6e320cb-0,Premium,7.48,Monthly ,2024-08-30
S9818,a94b6668-3,Standard,22.97,Yearly,2025-10-10
S9819,752b9af3-f,Standard,9.55,Yearly,2025-03-30
S9820,,Premium,12.15,Yearly,2021-12-23
S9821,559afb34-9,Premium,19.38,Yearly,2024-07-21
S9822,00a1c269-6,Basic,10.41,Yearly,2023-06-30
S9823,9cdede0f-4,Basic,16.44,Yearly,2022-01-06
S9824,4241a991-5,Standard,4.67,Monthly,2022-08-15
S9825,e147a190-c,Standard,10.69,Monthly,2025-12-20
S9826,f7bb27f6-1,Premium,6.08,Yearly,2021-11-08
S9827,da69eac5-a,Basic,7.7,Yearly,2023-07-11
S9828,d01b8999-0,Premium,21.77,Yearly,2025-01-03
S9829,5ef15481-5,Premium,5.86,Yearly,2021-09-05
S9830,1315f5f4-6,Basic,20.99,Monthly,2022-08-25
S9831,167ae2c9-3,Standard,7.68,Yearly,2021-10-03
S9832,27d82f50-d,Basic,13.67,Yearly,2023-03-10
S9833,60c782f2-2,,5.88,Monthly,2021-03-10
S9834,e942d996-0,Basic,15.81,Yearly,2022-04-03
S9835,c8956634-5,Standard,8.83,Monthly,2024-04-20
S9836,49e778f4-b,Standard,18.56,Yearly,2022-09-12
S9837,197f635a-e,Basic,6.39,Monthly,2021-04-20
S9838,dfaff728-d,Basic,19.03,Yearly,2023-08-24
S9839,c67586d8-f,Basic,15.47,Monthly,2024-11-16
S9840,3a4075e0-b,Standard,4.79,Yearly,2024-02-14
S9841,3b5c0b1c-7,Standard,4.58,Monthly,2026-01-07
S9842,03226aff-3,Basic,7.18,Yearly,2021-08-14
S9843,2952ece5-b,Standard,18.67,Yearly,2025-09-05
S9844,4f93dc3b-6,Standard,20.34,Monthly,2021-12-09
S9845,cc20fd19-5,Basic,8.97,Monthly,2021-02-24
S9846,,Premium,5.61,Monthly,2023-04-06
S9847,69a8392d-8,Premium,16.16,Monthly,2025-07-29
S9848,0d7cf23a-a,Basic,13.13,Yearly,2022-04-16
S9849,8e17082d-d,Standard,23.83,Yearly,2021-08-05
S9850,c46d12f1-4,Basic,10.58,Monthly,2021-10-27
S9851,e402caff-c,Standard,11.35,Monthly,2024-05-07
S9852,b2b4af93-5,Premium,20.52,Monthly,2023-09-09
S9853,1522dbbe-d,Basic,4.41,Yearly,2025-09-17
S9854,b178c896-8,Premium,8.14,Monthly,2024-02-21
S9855,41378b98-0,Basic,5.66,Yearly,2021-11-26
S9856,e60c4057-f,Basic,20.01,Monthly,2021-10-24
S9857,e4f2ff85-f,Standard,19.44,Yearly,2026-01-20
S9858,175c3e74-2,Premium,7.61,Monthly,2025-03-05
S9859,74a86351-3,Premium,15.94,Monthly,2025-07-09
S9860,cbb838a7-4,Basic,24.36,Monthly,2023-05-18
S9861,c73326e3-1,Premium,22.82,Monthly,2021-08-25
S9862,323a06c2-a,Standard,22.3,Yearly,2022-02-28
S9863,219f3c57-d,Standard,5.04,Yearly,2024-11-13
S9864,d9932ab4-7,Basic,5.46,Yearly,2022-12-16
S9865,06273dc8-e,Basic,4.1,Yearly,2021-10-19
S9866,4d35733d-a,Premium,7.88,Monthly,
S9867,800c5d1e-2,Standard,23.95,Yearly,2026-02-03
S9868,ab072ef9-c,Basic,11.43,Monthly,2023-09-12
S9869,4ff3c539-b,Premium,23.85,Yearly,2023-10-02
S9870,e8c6e6ae-9,Basic,14.85,Monthly,2025-09-07
S9871,7b40c6d2-a,Basic,23.17,Monthly,2022-04-18
S9872,1ef10fe6-6,Premium,20.34,Yearly,2022-09-19
S9873,83bb787e-1,Premium,5.86,Monthly,2023-05-05
S9874,2aa891c6-e,Basic,10.32,Monthly,2023-11-06
S9875,4f4a277e-3,Basic,16.38,Monthly,2024-01-15
S9876,7d339a3b-6,Basic,5.15,Monthly,2023-02-12
S9877,b9cd4881-e,Basic,24.66,Yearly,2023-02-26
S9878,c4457cc0-5,Basic,8.89,Monthly,2025-05-26
S9879,36bf38f7-9,Premium,15.09,Yearly,2023-05-05
S9880,47d88b8c-9,Premium,5.4,Yearly,2025-02-26
S9881,8045418f-2,Premium,6.4,Yearly,2025-07-22
S9882,79517fff-a,Standard,19.38,Yearly,2022-01-01
S9883,6295c6b1-d,Premium,20.82,Monthly,2021-05-06
S9884,525ac58a-a,Standard,11.05,Monthly,2022-03-20
S9885,1c65b233-7,Premium,15.24,Yearly,2023-08-07
S9886,f8d651e9-9,Premium,9.01,Monthly,2022-04-25
S9887,bb7914a7-e,Standard,24.43,Yearly,2022-09-12
S9888,ec7bf08d-5,Premium,11.87,Yearly,2023-05-14
S9889,3c6cd3bc-f,Premium,23.81,Yearly,2021-06-25
S9890,104e3958-1,Basic,10.98,Monthly,2024-10-25
S9891,54096431-6,Basic,19.66,Yearly,2022-05-07
S9892,d7f6d90e-9,Standard,11.5,Yearly,2021-11-25
S9893,e307f219-d,Basic,4.66,Monthly,2024-06-22
S9894,6e821c45-7,Standard,11.85,Yearly,2021-06-18
S9895,2913cd71-f,Standard,16.19,Monthly,2024-11-05
S9896,4ea8a168-a,Standard,11.46,Yearly,2025-05-01
S9897,20e1327f-a,Basic,15.11,Monthly,2022-09-27
S9898,9db7b7a0-1,Standard,17.9,Monthly,2022-11-22
S9899,6de2d48c-4,Basic,23.62,Yearly,2022-02-06
S9900,e1f1e4b6-9,Standard,18.79,Yearly,2023-03-13
S9901,9106c47f-8,Premium,14.0,Monthly,2025-01-16
S9902,e8fc7dfa-b,Premium,4.61,Monthly,2023-04-15
S9903,c3adedac-4,Basic,24.31,Yearly,2021-12-28
S9904,f19343ff-0,Standard,15.41,Yearly,2024-04-27
S9905,a2b600d9-d,Premium,3.38,Monthly,2021-11-28
S9906,8ce5dcf3-a,Standard,7.21,Yearly,2025-07-31
S9907,02bcf9d4-6,Standard,9.28,Yearly,2023-01-09
S9908,422a3276-a,Standard,14.57,Monthly,2023-07-11
S9909,56d2bb45-1,Basic,12.88,Monthly,2023-01-25
S9910,25bcb1be-0,Basic,17.67,Yearly,2022-09-17
S9911,989b8dc7-f,Premium,15.22,Monthly,2025-07-16
S9912,45bf32fb-6,Standard,19.49,Yearly,2022-04-14
S9913,494648fc-7,Standard,16.91,Yearly,2022-03-04
S9914,d0e8716b-a,Basic,17.72,Yearly,2024-07-09
S9915,2d3da078-3,Premium,9.78,Yearly,2023-12-05
S9916,63176c68-1,Standard,20.41,Yearly,2021-05-06
S9917,96ef984e-5,Basic,19.66,Yearly,2024-08-08
S9918,9685b5d4-7,Standard,21.41,Yearly,2023-06-28
S9919,9e55863f-4,Premium,14.44,Monthly,2025-03-24
S9920,ec244677-3,Basic,6.95,Monthly,2026-01-27
S9921,baf5380d-d,Premium,15.86,Yearly,2023-04-20
S9922,3f8c830f-d,Standard,24.72,Monthly,2023-09-27
S9923,0d20b26d-6,Premium,22.18,Yearly,2022-02-13
S9924,e04ffd18-c,Basic,19.48,Monthly,2023-11-25
S9925,894a427a-1,Premium,10.97,Yearly,2025-01-10
S9926,d940a865-a,Premium,23.28,Monthly,2022-08-03
S9927,ea78ee18-7,Premium,4.91,Monthly,2022-07-05
S9928,aa821695-d,Basic,21.94,Yearly,2024-07-12
S9929,30e6b604-4,Standard,21.72,Yearly,2021-02-24
S9930,e7beb025-8,Basic,19.86,Yearly,2023-03-22
S9931,03c9a16e-a,Basic,18.34,Yearly,2021-11-08
S9932,7271737e-8,Basic,17.42,Monthly,2025-04-15
S9933,59bdbd2f-f,Basic,24.01,Yearly,2023-08-20
S9934,ff60de90-5,Premium,16.32,Yearly,2024-10-06
S9935,56ae874f-0,Basic,7.48,Yearly,2022-01-25
S9936,9662e0de-c,Basic,9.68,Monthly,2022-03-17
S9937,a370dce0-4,Basic,10.29,Yearly,2025-05-13
S9938,ecd077f9-f,Basic,5.72,Yearly,2021-03-05
S9939,2cdbe461-3,Basic,,Yearly,2023-11-27
S9940,fcdf960e-b,Standard,9.35,Yearly,2023-12-17
S9941,a25e2fff-9,Basic,19.67,Monthly,2021-06-14
S9942,b40aafec-a,Standard,20.86,Monthly,2025-09-30
S9943,8bfb9e33-e,Standard,17.18,Yearly,2023-05-01
S9944,255be2fe-9,Standard,12.01,Yearly,2025-06-01
S9945,c9470144-1,Premium,17.14,Monthly,2021-07-25
S9946,1cc07087-b,Premium,4.68,Monthly,2022-09-04
S9947,11176eea-8,Basic,20.23,Yearly,2025-07-18
S9948,a8ce464b-6,Standard,12.3,Monthly,2021-12-12
S9949,77c285bf-e,Premium,18.86,Yearly,2023-10-09
S9950,5e349f2c-f,Basic,20.23,Monthly,2024-04-15
S9951,0f060963-a,Standard,24.67,Monthly,2022-11-04
S9952,1264fe67-c,Premium,6.32,Yearly,2021-11-18
S9953,38c419cc-1,Standard,9.76,Monthly,2024-05-26
S9954,8f652b02-0,Standard,21.79,Monthly,2021-07-04
S9955,7d586e2c-d,Premium,20.93,Yearly,2024-09-13
S9956,1d1d43f3-2,Basic,19.4,Yearly,2023-03-17
S9957,856ec549-2,Basic,23.38,Monthly,2023-10-14
S9958,cb155e51-2,Standard,23.14,Yearly,2024-06-01
S9959,771c2cb8-3,Basic,4.05,Yearly,2025-08-14
S9960,b1991162-5,Basic,18.36,Monthly,2023-11-10
S9961,13a20a89-0,Basic,22.43,Yearly,2025-02-19
S9962,ad8e0a8f-b,Standard,16.08,Monthly,2022-11-09
S9963,ece7343f-7,Standard,23.37,Yearly,2025-09-18
S9964,fcb10d81-7,Basic,13.94,Monthly,2024-12-07
S9965,4420a533-c,Standard,23.89,Monthly,2021-12-23
S9966,681e1865-1,Basic,13.69,Yearly,2023-11-10
S9967,00207534-e,premium,19.0,Monthly,2025-03-28
S9968,1fbf65bf-7,Premium,22.38,Yearly,2024-11-08
S9969,13f71fb1-2,Standard,22.57,Monthly,2021-12-20
S9970,95fea0d6-b,Basic,24.38,Monthly,2022-10-20
S9971,ea6ef637-2,Standard,24.48,Yearly,2023-10-22
S9972,d48d173d-a,Standard,20.95,Monthly,2023-04-28
S9973,9b43ef68-d,Basic,5.37,Yearly,2024-05-15
S9974,b6c87f31-f,Basic,5.21,Yearly,2023-12-18
S9975,9a19b5c9-a,Premium,22.28,Monthly,2023-08-16
S9976,0715b209-5,Standard,17.75,Yearly,2025-07-30
S9977,6f570b8c-6,Premium,18.48,Monthly,2023-05-01
S9978,9ab220c0-9,Premium,7.62,Monthly,2023-02-25
S9979,bee8a9ae-a,Standard,10.43,Monthly,2022-07-21
S9980,21aa0af9-6,Premium,17.44,Monthly,2024-05-08
S9981,6b58458d-a,Premium,9.49,Monthly,2023-05-09
S9982,d2501616-c,Basic,14.8,Monthly,2023-11-21
S9983,,Basic,17.78,Monthly,2024-12-06
S9984,a7956ca4-6,Premium,21.41,Yearly,2024-03-08
S9985,689fe305-8,Basic,17.34,Yearly,2022-10-27
S9986,3b9316d8-b,Basic,8.75,Monthly,2023-02-02
S9987,baa668aa-0,Standard,12.39,Yearly,2023-09-23
S9988,4d3698bf-e,Standard,17.95,Monthly,2024-04-18
S9989,37a9d90e-a,Premium,7.63,Yearly,2023-10-17
S9990,c3532fef-2,Premium,16.49,Monthly,2023-02-13
S9991,70c291eb-6,Basic,5.59,Yearly,2025-08-18
S9992,75f2527d-a,Basic,22.94,Monthly,2024-12-08
S9993,43636e11-d,Basic,15.89,Monthly,
S9994,c4ca8f6d-9,Standard,13.11,Monthly,2021-11-08
S9995,6baa9512-f,Basic,21.64,Yearly,2023-02-12
S9996,95b29e9e-a,Basic,4.75,Monthly,2022-09-13
S9997,4aeb246d-4,Premium,16.29,Yearly,2023-12-27
S9998,c692b766-f,Premium,9.68,Monthly,2022-12-20
S9999,c81463b2-c,Premium,6.61,Monthly,2025-09-04
S10000,d3c97571-b,Basic,15.06,Yearly,2024-07-13
S10001,a7fd41b1-f,Premium,15.97,Monthly,2021-03-19
S10002,020ef5f9-2,Basic,11.51,Monthly,2023-09-16
S10003,6a83b9e6-0,Standard,12.26,Monthly,2022-06-22
S10004,2077737e-2,Basic,11.95,Yearly,2025-01-08
S10005,01789918-2,Premium,19.19,Yearly,2023-10-03
S10006,0208934d-3,Basic,17.16,Monthly,2021-02-09
S10007,69e0df2b-6,Premium,13.13,Yearly,2022-05-13
S10008,26c8e8c2-7,Basic,19.95,Yearly,2021-11-26
S10009,ba1059aa-6,Standard,23.05,Monthly,2025-12-15
S10010,85eedca1-2,Premium,21.67,Yearly,2022-11-28
S10011,43fb836e-b,Premium,21.4,Yearly,2022-06-27
S10012,2c69b31f-2,Standard,10.72,Yearly,2024-05-13
S10013,3022ab00-1,Premium,13.91,Monthly,2024-08-03
S10014,4e4cab23-3,Basic,15.04,Monthly,2021-10-26
S10015,2d26ecf2-8,Standard,18.7,Yearly,2024-03-26
S10016,9765e5c3-f,Basic,7.38,Yearly,2021-09-01
S10017,0926e041-6,Basic,24.95,Monthly,2024-06-28
S10018,de5b87e9-1,Premium,18.69,Yearly,2023-12-24
S10019,75407d4d-9,Standard,21.94,Monthly,2022-10-06
S10020,ae19b8f1-b,Basic,19.51,Yearly,2022-02-12
S10021,6dceb866-4,Premium,17.97,Monthly,2023-12-31
S10022,420028af-2,Premium,10.48,Monthly,2025-07-30
S10023,c741668a-0,Basic,24.12,Monthly,2024-12-12
S10024,f61f4195-d,Standard,19.12,Monthly,2024-10-11
S10025,afb2358c-1,Basic,18.27,Monthly,2024-05-26
S10026,1647f6a7-5,Premium,23.4,Yearly,2026-01-05
S10027,f888c139-6,Premium,6.4,Yearly,
S10028,376f70ee-7,Premium,3.53,Yearly,2024-12-21
S10029,b8652a97-5,Premium,24.2,Monthly,2023-09-21
S10030,e75df9e0-f,Basic,22.22,Yearly,2025-06-29
S10031,,Basic,23.87,Yearly,2022-11-08
S10032,35f030ce-d,Premium,19.75,Yearly,2024-07-21
S10033,9e39ef0e-4,Premium,4.77,Monthly,2024-09-14
S10034,19baca95-5,Standard,6.77,Monthly,2023-11-25
S10035,b1b1c8aa-3,Standard,20.9,Yearly,2025-09-06
S10036,db9e70ed-4,Basic,21.46,Monthly,2021-04-22
S10037,9549eeaa-e,Standard,21.95,Yearly,2021-09-10
S10038,6fdc64f2-7 ,Basic,10.0,Yearly,2022-04-05
S10039,a5c4d9f6-1,Premium,3.34,Monthly,2023-07-07
S10040,002c0c0d-a,Basic,23.71,Yearly,2021-07-24
S10041,652be899-4,Premium,4.3,Yearly,2023-04-04
S10042,3d0c6b08-f,Basic,17.76,Yearly,2024-01-14
S10043,e4daa287-5,Premium,11.85,Yearly,2024-06-07
S10044,febd7b49-0,Premium,15.68,Yearly,2025-12-23
S10045,d2aa4902-8,Standard,3.88,Yearly,2024-05-14
S10046,0727030b-e,Premium,6.46,Monthly,2024-02-15
S10047,ec1611d8-a,Standard,23.18,Monthly,2024-08-31
S10048,091af63b-4,Standard,24.29,Monthly,2022-01-26
S10049,12b18baa-5,Basic,22.58,Monthly,2022-08-03
S10050,4d110b52-4,Basic,21.23,Monthly,2022-01-20
S10051,30e3a7f1-b,Standard,17.31,Monthly,2021-10-26
S10052,9d1240ab-c,Standard,14.52,Monthly,2023-02-14
S10053,a9e07f42-5,Basic,8.54,Yearly,2023-10-02
S10054,ea982bfe-8,Standard,9.42,Monthly,2026-01-30
S10055,01bf6527-a,Premium,24.92,Yearly ,2025-03-04
S10056,e1823761-6,Basic,8.11,Yearly,2023-12-16
S10057,a117c40c-d,Standard,12.63,Yearly,2024-11-10
S10058,8c4eb609-0,Standard,9.78,Yearly,2024-03-02
S10059,b0e88f19-7,Basic,13.69,Yearly,2023-05-23
S10060,d4af1ae2-f,Standard,11.88,Yearly,2021-07-22
S10061,25570828-3,Basic,5.98,Yearly,2024-03-07
S10062,69cd41a3-4,Basic,15.8,Yearly,2025-07-16
S10063,3bfcd0bc-c,Basic,7.11,Monthly,2022-12-15
S10064,9dfd9248-6,Standard,8.54,Monthly,2023-04-01
S10065,ed1905e0-d,Basic,15.85,Monthly,2022-11-01
S10066,028ab8ce-5,Premium,9.57,Monthly,2024-10-21
S10067,214cac6b-7,Basic,23.35,Yearly,2025-07-21
S10068,7bd7d27b-d,Basic,18.44,Yearly,2021-04-20
S10069,acf26790-2,Basic,9.89,Monthly,2023-07-08
S10070,abbff3a8-3,Premium,4.61,Monthly,2022-04-12
S10071,d0361ece-5,Basic,19.66,Monthly,2025-04-14
S10072,ed22b4a7-7,Premium,24.42,Yearly,2023-11-22
S10073,00355293-6,Basic,6.16,Yearly,2022-01-10
S10074,014a061a-6,Premium,16.12,Monthly,2021-12-06
S10075,ed730614-4,Standard,13.24,Yearly,2025-01-01
S10076,9e9b2102-4,Standard,12.19,Yearly,2022-12-21
S10077,42197b66-e,Premium,24.33,Yearly,2022-04-04
S10078,0041355f-f,Premium,13.42,Monthly ,2023-09-26
S10079,e8cfe2f7-6,Standard,15.45,Monthly,2021-07-25
S10080,125b0293-6,Basic,22.44,Yearly,2022-05-07
S10081,eb8249b0-1,Standard,8.9,Yearly ,2023-04-13
S10082,7723bf0a-7,Standard,24.36,Monthly,2023-10-11
S10083,58aba570-5,Basic,24.91,Monthly ,2024-06-15
S10084,4de02e4a-6,Standard,18.64,Monthly,2021-07-31
S10085,30686fa9-e,Basic,18.35,Monthly,2023-09-05
S10086,ca373d53-1,Premium,5.31,Yearly,2021-12-26
S10087,49624dc9-d,Basic,5.12,Yearly,2025-03-24
S10088,f2114d42-3,Pr3mium,18.74,Yearly,2021-05-16
S10089,30ea38df-7,Basic,9.58,Monthly,2023-10-25
S10090,c060cb0e-a ,Premium,15.16,Monthly,2025-08-18
S10091,,Basic,4.89,Yearly,2023-03-19
S10092,988fc6c9-1,Basic,17.61,Monthly,2025-09-08
S10093,0647c0d3-6,Premium,18.57,Monthly,2025-07-22
S10094,225da9ca-4,Standard,12.43,Yearly,2024-01-29
S10095,f37b4b0e-6,Premium,21.18,Yearly,2021-10-05
S10096,2d3ddbc3-8,Premium,15.71,Yearly ,2023-08-15
S10097,66deb8ed-4,Premium,13.82,Monthly,2023-02-07
S10098,266dbdec-1,Premium,5.21,Monthly,2022-11-09
S10099,deebf478-f,Basic,22.89,Monthly,2025-08-04
S10100,401c6b64-e,Premium,17.03,Yearly,2025-10-24
S10101,e2928ea1-8,Premium,21.63,Monthly,2022-05-01
S10102,754b3426-0,Standard,10.33,Monthly,
S10103,e5ca2c5f-d,Standard,9.76,Yearly,2026-01-26
S10104,a6855275-7,Premium,16.23,Monthly,2022-02-21
S10105,152cccc4-e,Premium,19.99,Monthly,2023-12-27
S10106,ad55eb6e-a,Standard,6.65,Monthly,2021-09-28
S10107,c6b3e49a-d,Standard,11.77,Monthly,2023-03-11
S10108,0f55ed5a-0,Standard,7.11,Monthly,2023-11-03
S10109,cbd044a1-9,Premium,15.97,Monthly,2025-07-09
S10110,859a1c06-6,Premium,17.37,Yearly,2025-07-31
S10111,b94f19f1-9,Standard,18.34,Yearly,2024-12-30
S10112,2e3601b9-2,Basic,4.93,Monthly,2025-01-12
S10113,85cb5d9c-d,Premium,24.35,Monthly,2025-01-22
S10114,e8fe3067-d,Standard,23.63,Yearly,2022-05-27
S10115,1bfec1fc-e,Basic,13.23,Yearly,2022-10-12
S10116,85be6067-f,Basic,17.58,Monthly,2021-07-03
S10117,711951fe-6,Basic,10.58,Yearly,2021-04-21
S10118,9966288d-6,Premium,24.84,Yearly,2022-02-28
S10119,0d2df011-7,Standard,14.7,Yearly,2022-04-22
S10120,2a61485a-6,Standard,16.89,Monthly,2022-04-14
S10121,f70602e6-a,Premium,20.27,Monthly,2024-07-29
S10122,725c5448-2,Standard,5.09,Monthly,2024-02-05
S10123,d8e98f3f-d,Standard,12.64,Yearly,2024-04-18
S10124,0abb5e0a-e,Standard,12.93,Monthly,2023-10-16
S10125,0137d29d-7,Basic,10.65,Monthly,2024-01-07
S10126,304227d7-6,Standard,14.21,Monthly,2021-03-28
S10127,627a5796-9,Premium,18.57,Monthly,2021-10-18
S10128,b2533982-e,Standard,21.02,Monthly,2022-03-01
S10129,a167c37a-f,Premium,21.9,Monthly,2025-05-26
S10130,005cfe5d-3,Standard,21.76,Yearly,2021-09-05
S10131,958620d4-b,Basic,,Yearly,2023-01-06
S10132,11ef3b5e-d,Premium,14.33,Yearly,2021-10-22
S10133,f20affb9-6,Standard,18.19,Yearly,2026-01-01
S10134,9a16defe-2,Basic,11.28,Yearly,2024-10-29
S10135,201929c8-d,Premium,13.07,Yearly,2024-11-05
S10136,4b75de55-6,Premium ,4.89,Monthly,2022-05-05
S10137,d8663538-d,Standard,8.99,Monthly,2022-06-17
S10138,6fc52b4d-8,Premium,5.87,Yearly,2022-09-25
S10139,faf5b86c-2,Premium,8.33,Monthly,2023-06-16
S10140,d034ae8c-c,Premium,3.47,Monthly,2025-07-15
S10141,36b7599e-6,Premium,12.19,Monthly,2021-02-18
S10142,f9e46a2b-c,Standard,23.53,Monthly,2021-05-08
S10143,543c8d58-7,Basic,22.32,Yearly,2023-04-04
S10144,c6e4bab4-d,Standard,23.72,Monthly,2021-02-22
S10145,afcbd184-6,Premium,10.59,Monthly,2024-12-29
S10146,687f9195-2,Basic,7.96,Monthly,2023-12-02
S10147,9363c67d-0,Premium,14.92,Yearly,2024-12-14
S10148,6e956c51-1,Basic,19.03,Monthly,2025-02-28
S10149,9de501be-e,Premium,12.21,Yearly,2024-09-15
S10150,168114ca-c,Basic,10.19,Yearly,2023-11-28
S10151,e89b48f7-5,Premium,23.94,Monthly,2021-12-17
S10152,570eb973-a,Standard,4.76,Yearly,2021-08-24
S10153,9515ffda-e,Standard,6.27,Monthly,2021-06-14
S10154,cb7cd206-4,Basic,19.18,Yearly,2021-11-02
S10155,701fea33-7,Premium,12.68,Monthly,2022-05-14
S10156,44053cec-5,Basic,5.18,Monthly,2025-02-19
S10157,a8b6dc60-d,Basic,3.97,Yearly,2025-06-06
S10158,710fc7ba-8,Basic,19.22,Yearly,2024-08-11
S10159,494f9baa-a,Standard,22.96,Yearly,2022-12-06
S10160,1c0d3a18-a,Premium,20.04,Yearly,2021-02-16
S10161,da864635-d,Premium,22.33,Monthly,2022-03-29
S10162,ed15c6b8-7,Standard,13.64,Monthly,2022-08-11
S10163,37c151db-e,Premium,9.91,Yearly,2022-07-26
S10164,f3bae9a7-2,Basic,4.39,Yearly,2023-05-01
S10165,42e73d86-e,Premium,10.88,Monthly,2023-05-16
S10166,774fe1d7-7,Standard,18.0,Yearly,2021-06-03
S10167,a5e74c8a-5,Premium,3.9,Monthly,2024-02-22
S10168,,Standard,17.2,Yearly,2024-09-06
S10169,928764e0-7,Basic,21.36,Yearly,2022-09-05
S10170,308ec8eb-3,Basic,21.82,Monthly,2024-01-26
S10171,,Standard,7.96,Monthly,2025-03-13
S10172,8d520451-f,Premium,8.06,Yearly,2023-12-12
S10173,52fdee44-e,Standard,14.52,Monthly,2023-11-18
S10174,64b3f2f0-6,Standard,21.71,Monthly,2022-07-13
S10175,4f5728aa-3,Standard,4.18,Monthly,2023-01-31
S10176,c201ce58-f ,Premium,19.16,Monthly,2021-05-26
S10177,a619e774-7,Standard,12.26,Yearly,2023-03-06
S10178,c1b2b6df-6,Standard,11.8,Monthly,2021-12-17
S10179,7cd1c8fa-0,Premium,13.66,Yearly,2023-10-26
S10180,fd27f32c-6,Standard,5.36,Yearly,2023-01-17
S10181,49eff2d5-8,Basic,19.34,Monthly,2023-03-21
S10182,1411cd87-1,Basic,13.7,Monthly,2026-01-30
S10183,cf841deb-f ,Premium,15.25,Yearly,2025-06-22
S10184,8a8dc1e3-4,Basic,22.73,Monthly,2021-05-06
S10185,93d28080-4,Premium,4.12,Yearly,2023-03-05
S10186,7d91d722-c,Premium,10.22,Monthly,2021-08-17
S10187,5c72dbb7-e,Standard,14.97,Monthly,2025-10-17
S10188,ed523ca7-8,Premium,8.53,Yearly,2023-04-29
S10189,e5422b86-2,Standard,22.4,Monthly,2023-01-04
S10190,5c0025ef-9,Standard,3.52,Monthly,2021-04-30
S10191,6d5bdc2c-1,Standard,11.08,Yearly,2024-07-13
S10192,9e5b0508-3,Basic,9.82,Yearly,2021-07-01
S10193,4cd5de78-f,Premium,13.64,Yearly,2021-08-14
S10194,0c809c21-8,Premium,10.22,Yearly,2025-02-23
S10195,c03f2a1f-3,standard,21.96,Monthly,2023-07-07
S10196,17299095-3,Standard,9.88,Yearly,2023-07-27
S10197,23c0e030-1,Standard,4.47,Yearly,2023-07-09
S10198,2583fa9f-b,Basic,6.28,Yearly,2024-05-10
S10199,2f959c60-b,Basic,10.08,Yearly,2021-08-28
S10200,005eb6e4-c,Standard,23.88,Monthly,2024-06-12
S10201,e2dd3c20-3,Basic,20.93,Monthly,2023-04-17
S10202,14b12964-b,Basic,7.25,Yearly,2025-04-18
S10203,8032f14a-d,Standard,16.28,Yearly,2022-11-16
S10204,70bc5542-5,Standard,4.22,Yearly,2021-08-09
S10205,9f4d3469-a,Basic,13.15,Monthly,2021-07-05
S10206,374afcb2-9,Premium,16.95,Yearly,2025-06-04
S10207,8a5888e6-d,Basic,10.72,Yearly,2021-12-07
S10208,66783de7-e,Basic,22.97,Yearly,2025-12-13
S10209,f53fc11c-7,Standard,5.53,Monthly,2024-02-27
S10210,ec56acc6-5,Premium,22.69,Monthly,2021-05-22
S10211,c863e404-9,Basic,19.72,Monthly,2024-08-04
S10212,546ba834-c,Standard,23.03,Yearly,2022-03-14
S10213,b4179e1f-6,Standard,17.51,Monthly,2023-10-29
S10214,dec1c683-1,Standard,11.42,Yearly,2021-05-10
S10215,6eedf4a0-b,Standard,4.47,monthly,2023-07-15
S10216,4e14724d-e,Standard,3.23,Yearly,2021-12-30
S10217,bd0d1f7b-a,Basic,7.49,Yearly,2025-02-08
S10218,fd57cfde-9,Standard,22.89,Monthly,2023-11-29
S10219,98829f18-c,Premium,9.64,Monthly,2025-04-09
S10220,bda46afc-9,Standard,16.33,Yearly,
S10221,9c7b34da-d,Standard,7.69,Yearly,2023-12-16
S10222,47f102e7-a,Standard,7.77,Yearly,2023-12-30
S10223,b085ebcd-a,Premium,3.84,Yearly,2021-04-29
S10224,2efc1d84-1,Premium,10.15,Yearly,2023-05-22
S10225,54d30acd-0,Premium,12.48,Yearly,2026-02-08
S10226,55421a57-7,Standard,23.91,Yearly,2022-05-04
S10227,788be74a-b,Premium,17.56,Yearly,2023-03-13
S10228,8d1e246a-f,Premium,5.17,Yearly,2021-10-07
S10229,30216c4f-1,Premium,4.7,Yearly,2024-09-26
S10230,694151c3-6,basic,21.27,Monthly,2024-12-27
S10231,112b1ad4-6,Premium,22.42,Monthly,2022-09-29
S10232,35468c13-8,Standard,5.87,Monthly,2025-03-29
S10233,ee3d820a-a,Premium,8.9,Monthly,2025-10-21
S10234,9820a12c-9,Standard,21.35,Yearly,2025-09-30
S10235,3a169a9e-0,Basic,18.75,Yearly,2021-12-27
S10236,80b7e7d9-e,Premium,14.46,Monthly,2021-03-12
S10237,059ad8ef-2,Standard,19.21,Monthly,2022-09-06
S10238,6473c499-1,Standard,20.07,Yearly,2026-02-07
S10239,5bb15232-7,Basic,,Yearly,2021-10-27
S10240,d5479761-4,Premium,16.97,Yearly,2026-01-03
S10241,9f0526a1-e,Premium,7.24,Monthly,2024-12-31
S10242,5bc2aaac-f,Basic,10.85,Monthly,2022-02-27
S10243,350394ed-3,Basic,7.56,Monthly,2023-04-05
S10244,0d9c5e17-d,Premium,11.93,Yearly,2021-06-04
S10245,70543ca2-7,Standard,9.52,Monthly,2023-01-31
S10246,52675112-b,Basic,9.44,Yearly,2024-04-08
S10247,9cc80852-9,Basic,13.83,Yearly,2021-08-30
S10248,88cc115c-c,Basic,18.57,Monthly,2022-07-23
S10249,2eed134e-c,Basic,5.88,Monthly,2021-06-06
S10250,d8e4d030-7,Standard,17.78,Monthly,2021-08-17
S10251,46f387da-f,Basic,8.43,Yearly,2025-03-06
S10252,424ce595-0,Basic,11.23,Monthly,2022-04-20
S10253,2c1dfb5f-0,Basic,6.95,Yearly,2021-09-14
S10254,ca3fdc18-6,Basic,24.43,Yearly,2025-12-11
S10255,b33082dd-d,Premium,5.02,Yearly,2024-07-30
S10256,c9e247d0-6,Basic,11.87,Yearly,2024-03-02
S10257,ef0c3d76-4,Premium,9.15,Yearly,2021-09-11
S10258,a9986df3-9,Premium,13.07,yearly,2026-01-07
S10259,a5a89e52-c,Premium,3.54,Yearly,2023-07-13
S10260,ffb6eab7-0,Standard,19.19,Yearly,2025-09-08
S10261,37eabf62-5,Standard,10.88,Yearly,2021-09-28
S10262,f8d4bbdc-5,Standard,3.53,Monthly,2024-08-09
S10263,e299832a-4,Premium,24.8,Yearly,2022-11-06
S10264,8ac0229f-4,Basic,17.58,Monthly,2022-08-27
S10265,c6f36b23-7,Basic,8.69,Monthly,2022-12-09
S10266,6d91cece-d,Standard,19.81,Yearly,2024-09-01
S10267,d04466e6-8,Standard,4.89,Yearly,2023-09-08
S10268,fadf397a-c,Standard,19.46,Monthly,2025-12-02
S10269,88fcbbd9-9,Basic,11.93,Monthly,2021-11-06
S10270,25ffd4bf-0,Basic,21.64,Monthly,2022-10-05
S10271,fb6df940-4,Basic,3.42,Monthly,2024-07-14
S10272,98579d1a-b,Premium,8.68,Yearly,2023-04-16
S10273,2851c969-a,Premium,22.83,Monthly,2023-01-09
S10274,ef3775b8-d,Premium,24.69,Monthly,2023-05-17
S10275,e4bd06d2-1,Standard,4.68,Yearly,2023-06-21
S10276,d6e2fdfa-6,Premium,3.53,Monthly,2024-06-08
S10277,3bc8b930-c,Premium,23.63,Monthly,2025-05-09
S10278,efa664d7-3,Standard,5.81,Yearly,2021-05-05
S10279,64b7d648-e,Basic,8.41,Yearly,2022-01-15
S10280,ee2b1502-5,Basic,19.92,Monthly,2022-11-08
S10281,a2cb564f-9,Basic,7.72,Yearly,2023-12-04
S10282,b1c1a475-0,Basic,17.64,Monthly,2024-04-19
S10283,9db81863-d,Basic,6.08,Monthly,2023-05-24
S10284,c6591e5d-4,Standard,15.4,Monthly,2021-12-05
S10285,71fb35e3-0,Premium,3.18,Yearly,2023-07-27
S10286,1020dae8-5,Basic,12.57,Yearly,2022-02-09
S10287,4a1ed718-4,Premium,17.02,Monthly,2023-12-20
S10288,6008d61b-6,Standard,20.56,Yearly,2023-11-02
S10289,da41f145-f,Premium,17.28,Yearly,2021-02-25
S10290,d55537b5-7,Standard,9.14,Yearly,2025-07-26
S10291,8faf75d1-a,Standard,10.82,Monthly,2021-12-04
S10292,5ab8a5fd-f,Standard,13.98,Monthly,
S10293,3ddc25ef-8,Premium,15.31,Monthly,2022-11-03
S10294,ab48672d-2,Standard,3.75,Monthly,2022-07-21
S10295,634a4679-7,Basic,15.86,Yearly,2025-06-29
S10296,de276956-c,Premium,18.32,Monthly,2021-03-02
S10297,9786ce68-9,Basic,19.8,Monthly,2021-03-22
S10298,73d2f010-8,Basic,14.7,Yearly,2023-03-31
S10299,50121b71-f,Standard,24.03,Yearly,2021-10-18
S10300,6ddb3c29-8,Premium,19.21,,2025-09-20
S10301,acd99549-3,Basic,11.9,Monthly,2022-08-08
S10302,2c43b750-8,Premium,9.08,Yearly,2023-01-17
S10303,013bf73d-5,Basic,8.2,Monthly,2021-12-25
S10304,7891c0d0-5,Basic,20.04,Monthly,2023-02-17
S10305,ed4c1b1c-2,Premium,7.26,Yearly,
S10306,9caf8fdf-3,Standard,14.06,Monthly,2026-01-01
S10307,655ac7c2-2,Standard,18.46,Monthly,2022-04-05
S10308,a138671b-0,Basic,8.24,Yearly,2022-01-28
S10309,5efeec05-7,Premium,16.18,Yearly,2024-07-22
S10310,67808403-d,Standard,22.48,Monthly,2023-05-17
S10311,512f8be0-2,Basic,21.66,Yearly,2025-09-13
S10312,e8c5eead-8,Standard,17.27,Monthly,2023-12-28
S10313,10aa970c-9,Basic,14.16,Yearly,2023-07-10
S10314,6101b265-1,Premium,22.19,Yearly,2025-02-06
S10315,4aaaf8ef-6,Premium,23.14,Yearly,2025-06-13
S10316,2e0996c1-b,Premium,13.74,Yearly,2023-11-19
S10317,d40ea8af-b,Premium,5.62,Yearly,2022-08-22
S10318,d375a707-b,Standard,14.86,Monthly,2024-03-07
S10319,a30ffada-e,Standard,9.14,Monthly,2025-07-16
S10320,961d7645-0,Premium,6.47,Monthly,2023-06-09
S10321,96611e47-f,Basic,3.82,Yearly,2023-03-28
S10322,b4bbcd4d-b,Basic,4.93,Monthly,2024-06-24
S10323,0a350e12-6,Standard,20.25,Yearly,2022-08-31
S10324,c2bc44ba-0,Premium,14.68,Monthly,2025-02-27
S10325,7b3ee834-7,Premium,5.72,Monthly,2022-11-29
S10326,e9e0a55a-4,Standard,23.5,Yearly,2025-11-22
S10327,f5f771da-4,Premium,21.8,yearly,2023-03-02
S10328,cae3024e-7,,18.09,Monthly,2023-06-10
S10329,24bd087c-9,Standard,4.51,Monthly,2021-02-19
S10330,0aaa279b-8,Basic,17.22,Yearly,2023-06-25
S10331,b0aefa6d-1,Standard,19.16,Y3arly,2025-06-13
S10332,8e80402b-c,Standard,13.92,Monthly,2022-03-02
S10333,f8d77042-9,Premium ,10.22,Monthly,2024-08-02
S10334,5368fa9e-7,Basic,12.26,Monthly,2025-01-30
S10335,5d7330c1-1,Premium,14.31,Yearly,2024-10-11
S10336,288cffbe-4,Standard,21.24,Monthly,2023-11-02
S10337,43916255-1,Premium,18.85,Yearly ,2025-11-10
S10338,c42d645b-4,Basic,14.19,Monthly,2021-07-04
S10339,53657d25-4,Basic,22.55,Yearly,2025-06-15
S10340,2f4bf335-6,Premium,16.22,Yearly,2021-09-29
S10341,18ab1fd9-2,Basic,7.61,Yearly,2025-11-27
S10342,f6144255-0,Basic,15.97,Monthly,2025-11-02
S10343,68ce447c-6,Basic,19.93,Monthly,2021-02-19
S10344,e916d021-5,Premium,3.71,Monthly,2021-04-27
S10345,fd3838f5-0,Standard,,Monthly,2024-11-21
S10346,9541892e-9,Basic,11.24,Yearly,2024-10-17
S10347,8706d334-0,,7.83,Monthly,2023-03-07
S10348,a4a1205f-7,Premium,16.3,Yearly,2022-06-23
S10349,9dac90aa-1,Premium,18.4,Yearly,2022-02-04
S10350,d92dd393-f,Standard,3.91,Monthly,2022-11-26
S10351,4aa39005-8,Standard,14.86,Monthly,2022-08-14
S10352,157cdb05-6,Premium,5.02,Yearly,2026-01-06
S10353,f2a552d4-3,Basic,3.52,Monthly,2025-06-02
S10354,7315d820-d,Basic,4.37,Yearly,2022-06-08
S10355,dee6dcdb-e,Standard,9.12,Yearly,2024-01-20
S10356,aa0d82d6-8,Standard,7.77,Yearly,2021-10-30
S10357,086b480a-e,Premium,6.9,Monthly,2022-04-18
S10358,0fcb4924-d,Standard,18.98,Yearly,2024-02-12
S10359,af5bcb0d-b,Standard,21.11,Yearly,2022-11-08
S10360,3b384da0-9,Premium,19.89,Yearly,2025-01-03
S10361,69d0eb2e-2,Basic,15.78,Y3arly,2021-07-19
S10362,3c3952f6-7,Standard,3.36,Yearly,2025-10-12
S10363,01508a09-1,Premium,9.69,Yearly,2024-04-01
S10364,2f485490-4,Standard,7.24,Monthly,2025-04-30
S10365,ad6c9408-d,Premium,15.13,Monthly,2023-10-05
S10366,5f3f68ed-1,Premium,22.36,Yearly,2025-04-27
S10367,1f9da92b-0,Standard,21.51,Monthly,
S10368,af87bc06-9,Standard,24.42,Monthly,2022-03-13
S10369,92dd977f-7,Premium,3.87,Yearly,2025-04-23
S10370,9d762edc-9,Premium,23.65,Monthly,2026-01-01
S10371,7bc51c81-d,Basic,23.65,Monthly,2022-11-20
S10372,44bb246f-3,Standard,15.49,Monthly,2021-07-28
S10373,f9b7ac4d-b,Basic,9.16,Monthly,2022-11-12
S10374,cb11c472-6,Standard,20.81,Yearly,2022-04-15
S10375,32da1c87-7,Basic,5.03,Yearly,2021-04-16
S10376,0deca1de-1,Standard,7.34,Yearly,2025-07-10
S10377,9f176ea2-d,Standard,17.27,Yearly,2021-04-29
S10378,02a06f7e-8,Basic,23.56,Monthly,2022-05-31
S10379,7d4160e5-9,Premium,18.91,Monthly,2021-04-30
S10380,47aaab35-8,Premium,13.66,Yearly,2026-02-02
S10381,2b123fd2-7,Basic,19.77,Monthly,2022-10-11
S10382,1fa3214a-0,Premium,20.52,Yearly,2024-01-03
S10383,e6e1be83-1,Basic,18.5,Yearly,2021-05-18
S10384,3b0b211d-3,Premium,10.03,Monthly,2023-05-29
S10385,179e3ae8-3,Basic,14.13,Yearly,2025-06-12
S10386,c8926e4b-6,Premium,19.94,Monthly,2023-06-11
S10387,5dfb4c67-9,Basic,14.61,Yearly,2025-12-23
S10388,0c8078c0-4,Basic,8.1,Yearly,2023-02-18
S10389,44ced7f1-8,Premium,12.77,Yearly,2023-04-26
S10390,71f93632-7,Standard,9.03,Yearly,2023-06-14
S10391,dc0fb3ba-d,Basic,22.62,Yearly,2025-05-16
S10392,0eafd553-f,Premium,14.23,Monthly,2021-09-25
S10393,dac6e11d-e,Basic,17.1,Monthly,2025-07-27
S10394,52d89e23-1,Premium,17.23,Yearly,2021-05-09
S10395,c7fee035-d,Premium,23.52,Monthly,2021-10-23
S10396,f6228f92-8,Basic,21.16,Yearly,2024-04-29
S10397,73644805-d,Premium,14.38,Yearly,2025-06-05
S10398,84d2c235-d,Standard,19.06,Monthly,2024-09-12
S10399,72c181c8-b,Standard,18.6,Monthly,2022-06-12
S10400,641e1116-3,Premium,4.61,Yearly,2023-03-31
S10401,20782698-7,Standard,16.64,Monthly,2023-12-26
S10402,22570503-2,Standard,4.86,Yearly,2026-01-11
S10403,41b88bdb-7,Basic,19.4,Yearly,2022-09-14
S10404,b2cdc238-a,Standard,12.34,Monthly,2023-10-02
S10405,30672b0b-b,Standard,22.35,Yearly,2024-01-19
S10406,745c6099-8,Standard,3.5,Yearly,2021-12-16
S10407,5ffb3b96-4,Premium,19.94,Monthly,2023-10-28
S10408,8f070542-d,Premium,6.32,Monthly,2025-04-01
S10409,7d471742-c,Standard,4.08,Monthly,2021-06-25
S10410,d575131c-f,Standard,7.61,Monthly,2023-06-23
S10411,e2e76da8-2,Basic,19.23,Monthly,2025-01-30
S10412,89479c14-7,Basic,9.52,Monthly,2021-02-21
S10413,720b5491-d,Standard,19.52,Monthly,2024-05-11
S10414,3efa66e1-f,Premium,5.25,Yearly,2024-06-10
S10415,855c0674-4,Basic,13.32,Monthly,2026-01-23
S10416,0e95636a-f,Basic,14.34,Yearly,2022-11-07
S10417,690dcb4d-a,Premium,21.31,Monthly,2022-09-09
S10418,5e9bd2ea-5,Premium,16.2,Yearly,2022-03-25
S10419,918eca5a-9,Standard,3.84,Yearly,2023-07-01
S10420,332cee7e-b,Premium,14.78,Yearly,2021-12-21
S10421,e93f3668-d,Basic,5.22,Yearly,2021-04-03
S10422,a71b0c48-4,Premium,6.94,Yearly,2025-04-27
S10423,704aa076-f,Standard,19.45,,2022-04-30
S10424,223e8c58-0,,15.89,Monthly,2024-10-29
S10425,1caa778e-8,Premium,16.61,Yearly,2022-02-25
S10426,c50b1da5-c,Standard,22.02,Monthly,2021-12-12
S10427,ddeb103a-9,Standard,15.11,Yearly,2025-12-26
S10428,c9f6f1ed-8,Standard,18.51,Monthly,2025-04-16
S10429,5ac897e3-5,Basic,7.94,Monthly,2022-05-21
S10430,c6d30e5c-2,Premium,13.11,Monthly,2024-10-16
S10431,862f1d54-8,Basic,24.63,Yearly,2025-01-01
S10432,49b804f4-c,Basic,5.9,Monthly,2024-12-28
S10433,044db2a8-0,Standard,5.57,Yearly,2022-02-21
S10434,6011436c-6,Basic,7.59,Monthly,2024-06-09
S10435,b0762c61-7,Basic,21.56,Yearly,2023-05-06
S10436,77384bcf-b,Basic,3.28,Yearly,2021-05-10
S10437,44937276-5,Standard,23.63,Yearly,2023-03-05
S10438,3326ba7f-1,Premium,15.1,Monthly,2025-01-25
S10439,680c0592-9,Standard,13.73,Monthly,2023-08-09
S10440,2abb6983-6,Standard,14.91,Yearly,2023-01-24
S10441,7507e0bd-8,Basic,16.14,Yearly,2023-09-06
S10442,e820bc82-4,Premium,18.55,Yearly,2024-01-22
S10443,3533f4a8-9,Basic,16.05,Monthly,2021-11-17
S10444,9490ba2d-d,Standard,15.39,Yearly,2021-08-18
S10445,008c440e-c,Basic,19.99,Yearly,2023-04-03
S10446,9352dc17-6,Basic,19.61,Yearly,2025-08-20
S10447,6dceeea2-3,Standard,19.14,Yearly,2021-02-24
S10448,9ab6a575-7,Basic,15.3,Yearly,2023-01-09
S10449,e13f54a8-7,Standard,24.25,Monthly,2025-02-18
S10450,d4109343-a,Standard,5.8,Yearly,2025-12-10
S10451,642c9428-c,Basic,20.99,Monthly,2023-09-08
S10452,0afc52cd-f,Premium,4.49,Monthly,2022-09-12
S10453,912b929a-a,Premium,18.46,Yearly,2021-05-23
S10454,,Basic,12.87,Yearly,2025-02-02
S10455,8470d911-3,Premium,22.97,Monthly,2023-06-12
S10456,d3ebd685-8,Premium,8.79,Monthly,2023-01-05
S10457,f39bb9be-1,Standard,22.04,Yearly,2026-01-23
S10458,15743a3f-3,Basic,17.0,Yearly,2024-08-08
S10459,ab5c4444-4,Standard,16.13,monthly,2023-12-20
S10460,9c84bd20-2,Basic,9.07,Monthly,2025-02-23
S10461,d6b944db-0,Basic,18.06,Yearly,2023-01-21
S10462,2db1978b-a,Premium,20.62,Yearly,2025-08-24
S10463,fc7fbbaf-6,Basic,9.96,Monthly,2024-04-09
S10464,63370d30-2,Standard,6.31,Monthly,2021-05-24
S10465,3b1f6921-e,Premium,8.98,Yearly,2023-07-08
S10466,8cd01607-9,Premium,24.95,Yearly,2024-04-29
S10467,d7bac0e0-6,Basic,18.9,Yearly,2024-01-09
S10468,b4a25dba-4,,23.77,Monthly,2024-12-02
S10469,ec346ce1-6,Basic,5.01,Yearly,2024-08-30
S10470,8632ec63-1,Premium,16.94,Monthly,2025-09-17
S10471,e05edb98-8,Basic,23.95,Yearly,2024-06-26
S10472,5581e31c-b,Premium,20.26,Monthly,2023-04-29
S10473,302f3776-5,Basic,8.12,Yearly,2022-01-19
S10474,524953f7-3,Basic,5.52,Yearly,2022-05-22
S10475,29ad058f-6,Basic,20.28,Monthly,2024-11-05
S10476,14be86e7-c ,Standard,5.25,Yearly,2022-02-14
S10477,95f30906-4,Premium,18.25,Monthly,2021-05-15
S10478,0cd032a0-e,Premium,5.4,Yearly,2022-10-20
S10479,536787cc-6,Premium,4.75,Monthly,2022-09-05
S10480,62337789-4,Standard,21.3,Yearly,2022-05-01
S10481,60ff1662-c,Standard,23.13,Yearly,2024-04-26
S10482,4c6b816d-d,Premium,23.7,Monthly,2022-04-20
S10483,4094afd6-c,Standard,14.94,Monthly,2022-04-22
S10484,84b8db9b-4,Standard,8.65,Yearly,2022-02-18
S10485,715a8ba7-c,Basic,15.91,Monthly,2025-02-01
S10486,b63f36cb-c,Basic,11.32,Yearly,2025-01-04
S10487,4d91d2f1-e,Standard,20.57,,2021-11-16
S10488,ec7b5094-9,Standard,11.27,Yearly,2024-02-08
S10489,da431ae0-0,Premium,14.98,Monthly,2023-09-02
S10490,3cfc2f6f-b,Standard,22.16,Yearly,2024-01-04
S10491,73dcc68d-4,Premium,16.54,Yearly,2023-10-03
S10492,176a8973-6,Basic,13.78,Monthly,2022-01-29
S10493,62d379d8-6,Basic,6.58,Monthly,2022-08-21
S10494,5710fabf-a,Basic,23.42,Monthly,2023-09-10
S10495,44e62c6b-5,Basic,15.1,Monthly,2022-10-07
S10496,39b36917-e,Basic,11.92,Monthly,2024-04-15
S10497,9d9d5953-b,Standard,3.58,Yearly,2025-10-25
S10498,28d0b9e1-3,Premium,12.4,Yearly,2022-06-25
S10499,683107c0-9,Standard,24.89,Yearly,2023-07-17
S10500,8c07490d-3,Basic,20.37,Yearly,2022-03-18
S10501,8eacf05c-b,Basic,13.6,Yearly,2021-08-17
S10502,5b75dce2-8,Standard,18.0,Yearly,2022-03-14
S10503,2e68db43-0,Standard,5.25,Yearly,2023-08-01
S10504,42378e12-e,Standard,10.03,Monthly,2023-10-17
S10505,104846df-5,Basic,11.08,Yearly,2024-10-20
S10506,e938b595-f,Standard,8.44,Yearly,2021-12-20
S10507,e3b9869f-1,Premium,20.92,Monthly,2021-10-28
S10508,9006342a-0,Basic,14.99,Monthly,2022-10-17
S10509,03211c0a-8,Standard,6.99,Yearly,2021-08-30
S10510,a73b33a4-6,Premium,21.31,Monthly,2025-10-03
S10511,42c22109-c,Standard,13.95,Yearly,2024-11-25
S10512,c429460c-f,Basic,20.28,Monthly,
S10513,8f3a5d96-7,Standard,16.55,Monthly,2023-03-18
S10514,c9b95517-d,Basic,17.85,Monthly,2021-08-25
S10515,91b66671-6,Basic,5.76,Monthly,2022-05-28
S10516,1989a609-f,Standard,22.26,Monthly,2021-11-30
S10517,79f0e2ee-6,Basic,12.9,Monthly,2022-12-11
S10518,be34cd3e-5,Standard,7.79,Yearly,2026-01-18
S10519,4090962e-2,Premium,11.69,Yearly,2025-04-02
S10520,e6a978df-d,Standard,13.34,Yearly,2022-05-26
S10521,11f8ecd4-1,Basic,21.19,Yearly,2024-10-24
S10522,d75a5674-2,Standard,16.62,Monthly,2025-05-23
S10523,73ff9368-1,Standard,23.99,Yearly,2023-04-23
S10524,077790ae-8,Standard,17.85,Yearly,2024-04-05
S10525,42e82cac-4,Premium,4.78,Monthly,2022-05-31
S10526,6494caeb-f,Premium,7.41,Yearly,2022-07-06
S10527,6c832b04-0,Basic,6.68,Monthly,2021-03-25
S10528,15e4c0e7-8,Premium,10.34,Yearly,
S10529,601fe7f3-c,Basic,4.32,Yearly,2022-08-11
S10530,f732ca51-f,Basic,,Yearly,2025-01-08
S10531,a6977c63-2,Premium,5.03,Monthly,2025-06-25
S10532,e5c88640-c,Standard,8.07,Yearly,2024-05-15
S10533,bc2872af-f,Standard,4.44,Yearly,2023-02-15
S10534,817ea0c6-0,Standard,9.44,Yearly,2021-12-24
S10535,77c3a1ce-6,Basic,17.09,Monthly,2024-01-29
S10536,ae2c4009-9,Standard,4.46,Monthly,2024-10-07
S10537,51876ebd-0,Standard,19.37,Monthly,2024-11-11
S10538,03b64c99-2,Basic,9.1,Yearly,2024-05-16
S10539,eba078ef-f,Standard,11.86,Monthly,2021-08-14
S10540,e78c52cc-8,Standard,10.62,Monthly,2023-10-10
S10541,f8b31d3b-9,Basic,10.32,Yearly,2022-09-21
S10542,809b0a41-b,Basic,18.31,Yearly,2023-10-03
S10543,c71b5ae2-8,Standard,21.15,Monthly,2022-03-08
S10544,7eca0c88-1,Standard,11.34,Yearly,2024-04-21
S10545,4c9aa8a4-5,Premium,21.87,Monthly,2022-07-04
S10546,eb858d94-d,Standard,23.41,Monthly,2023-03-26
S10547,f6c75733-c,Basic,11.69,Monthly,2025-06-21
S10548,7b18b5e1-7,Basic,5.56,Yearly,2022-07-11
S10549,fc087469-f,Premium,9.31,Monthly,2024-09-10
S10550,e282f29d-0,Premium,10.19,Monthly,2024-04-25
S10551,e220ad9b-1,Premium,21.32,Yearly,2022-07-26
S10552,bf498ecc-c,Premium,16.28,Monthly,2025-03-31
S10553,5f760206-9,Basic,18.03,Monthly,2024-06-20
S10554,92d4a451-3,Basic,24.23,Yearly,2022-06-24
S10555,0177e12b-a,Premium,9.46,Monthly,2025-05-10
S10556,0ef275f1-d,Basic,21.09,Monthly,2024-12-08
S10557,de339f65-6,Standard,9.34,Monthly,2024-10-06
S10558,f75551ab-5,Basic,18.78,Monthly,2021-06-13
S10559,fc8bd5d5-5,Standard,6.08,Monthly,2023-10-15
S10560,56b2542c-f,Standard,16.17,Yearly,2024-04-23
S10561,e9fd4f18-1,Basic,23.65,Yearly,2024-06-27
S10562,673592f0-8,Basic,6.94,Monthly,2023-12-19
S10563,a9605677-d,Basic,24.38,Yearly,2025-08-24
S10564,88f58854-d,Basic,3.9,Yearly,2021-10-07
S10565,050b97dd-f,Basic,16.95,Yearly,2021-09-05
S10566,ce01a837-c,Standard,7.17,Monthly,2025-08-12
S10567,91b421bd-b,Standard,3.14,Monthly,2024-05-30
S10568,9f546904-1,Standard,4.5,Monthly,2023-07-06
S10569,515d134c-f,Standard,10.39,Monthly,2022-11-24
S10570,c03a9f1a-0,Premium,20.24,Monthly,2021-06-12
S10571,0d8d01d9-9,Premium,8.29,Yearly,2023-09-11
S10572,cea96d7f-2,Premium,15.61,Monthly,2025-12-23
S10573,d0b9e916-f,Basic,14.67,Yearly,2024-02-21
S10574,c000d083-3,Basic,3.87,Yearly,2025-03-20
S10575,c3f55e6a-1,Basic,13.56,Monthly,2024-12-03
S10576,81692b73-6,Standard,12.85,Yearly,2023-10-11
S10577,8606b2af-d,Standard,16.1,Monthly,2021-03-28
S10578,98b3c187-f,Premium,12.97,Yearly,2022-06-24
S10579,e00c5318-1,Premium,15.6,Yearly,2023-04-23
S10580,9ccf16af-7,Basic,14.34,Yearly,2023-04-17
S10581,7a7ff0b0-a,Standard,4.29,Monthly,2024-10-04
S10582,3c3ef165-1,Standard,19.19,Yearly,2023-11-08
S10583,7488bf7b-c,Basic,19.83,Yearly,2023-07-31
S10584,f58a5fb3-9,Basic,8.55,Yearly,2025-11-14
S10585,b6fb4d05-9,Basic,8.15,Monthly,2023-01-19
S10586,c6172929-0,Standard,24.52,Monthly,2025-12-09
S10587,0e7edfe9-5,Basic,4.96,Yearly,2021-12-25
S10588,4e39d798-3,Basic,10.73,Monthly,2021-07-06
S10589,2650b71c-5,Premium,7.93,Monthly,2022-04-04
S10590,d6b6fc30-f,Premium,20.9,Yearly,2022-01-02
S10591,c189538a-c,Premium,18.8,Yearly,2022-08-21
S10592,691e3aef-d,Basic,9.52,Yearly,2024-08-21
S10593,e43056b5-d,Basic,14.8,Monthly,2025-12-12
S10594,59d0047e-d,Basic,20.55,Monthly,2025-07-14
S10595,a545e13e-0,Basic,4.05,Monthly,2022-04-26
S10596,51a4818d-d,Premium,10.73,Yearly,
S10597,8b3e4fa0-9,Basic,12.96,Monthly,2024-12-19
S10598,5b74ace3-7,Premium,20.38,Yearly,2021-03-28
S10599,a78f8d6d-3,Standard,15.52,Yearly,2021-10-22
S10600,f68540b8-f,Premium,3.85,Monthly,2024-08-06
S10601,17bee16a-2,Standard,24.85,Monthly,2025-03-11
S10602,d4e805fe-8,Premium,15.07,Monthly,2023-06-09
S10603,e1705ecd-d,Premium,17.62,Monthly,2025-10-08
S10604,20695d03-9,Premium,24.42,Yearly,2023-12-31
S10605,60dec718-a,Standard,13.51,Yearly,2022-12-06
S10606,70be5641-9,Premium,18.76,Yearly,2024-01-19
S10607,67c9b4a8-3,Premium,6.59,Yearly,2025-03-25
S10608,64727896-5,Standard,8.79,Monthly,2022-06-03
S10609,7b2f7bbe-d,Standard,23.49,Monthly,2024-11-07
S10610,21665bd8-c,Premium,17.14,Yearly,2022-01-18
S10611,202c243f-3,Premium,7.87,Monthly,2023-08-02
S10612,a04ce5af-8,Basic,10.25,Monthly,2024-12-07
S10613,588f9e89-9,Standard,4.75,Monthly,2025-11-29
S10614,8843a731-8,Premium,24.18,Monthly,2025-05-23
S10615,c19c08c2-1,Premium,22.42,Monthly,2022-12-02
S10616,7ab431be-1,Basic,13.03,Yearly,2024-02-19
S10617,3481eb9e-0,Premium,5.11,Yearly,2025-09-21
S10618,8170c496-5,Premium,16.03,Yearly,2025-06-26
S10619,586c1d8e-3,Standard,15.56,Yearly,2022-06-02
S10620,25f487be-5,Premium,21.76,Monthly,2021-10-10
S10621,78bbf336-b,Basic,17.64,Monthly,2022-03-30
S10622,011c718b-4,Basic,21.05,Monthly,2024-12-31
S10623,ebc4a7b4-8,Premium,12.29,Yearly,2024-03-15
S10624,1a152b36-4,Basic,4.51,Monthly,2023-09-23
S10625,3ff3f28c-0,Basic,20.27,Monthly,2022-02-19
S10626,64f5b65a-5,Standard,6.11,Monthly,2021-04-30
S10627,e4e0e6eb-8,Basic,15.56,Yearly,2021-07-26
S10628,b73fa9d5-9,Basic,11.64,Monthly,2024-07-27
S10629,b0d498e8-9,Standard,13.19,Yearly,2024-10-04
S10630,f9a63030-1,Standard,11.83,Yearly,2025-09-23
S10631,9510424e-0,Standard,6.55,Yearly,2021-11-26
S10632,16891126-7,Standard,24.12,Monthly,2021-10-21
S10633,736da2b5-c,Premium,17.93,Yearly,2025-01-19
S10634,d70697ed-8,,3.93,Yearly,2025-12-11
S10635,8b3cda60-4,Premium,5.79,Monthly,2021-09-14
S10636,e78fa21b-f,Premium,9.37,Yearly,2021-03-10
S10637,4d2de8b8-e,Standard,22.1,Yearly,2025-11-04
S10638,15d470b2-2,Basic,13.9,Yearly,2023-01-20
S10639,d2867bbf-4,Standard,3.29,Monthly,2021-04-12
S10640,d335983d-8,Standard,23.66,Monthly,2022-07-15
S10641,9b663428-4,Premium,9.62,Yearly,2024-10-05
S10642,b888a272-c,Standard,20.67,Monthly,2024-04-15
S10643,3597baff-c,Standard,3.07,Monthly,2023-12-06
S10644,acf2dc46-4,Premium,5.16,Monthly,2025-11-19
S10645,e190f7d7-4,Standard,17.31,Monthly,2025-06-23
S10646,5c241eac-6,Basic,20.27,Monthly,2024-11-26
S10647,2320338b-d,Standard,10.39,Monthly,2023-04-24
S10648,d8b9b90c-2,Basic,15.14,Yearly,2021-11-25
S10649,f13816b0-a,Basic,9.95,Yearly,2023-02-16
S10650,a727fd68-1,Standard,4.44,Yearly,2025-02-23
S10651,7b659b76-d,Basic,10.58,Yearly,2025-11-06
S10652,e387f461-f,Standard,4.91,Yearly,2024-01-23
S10653,02f37410-0,Premium,10.28,Yearly,2022-04-12
S10654,de4ea21f-1,Basic,24.66,Yearly,2021-09-03
S10655,,Basic,19.28,Monthly,2024-08-30
S10656,e6bf2e14-8 ,Basic,22.52,Monthly,2025-01-20
S10657,6c48377e-b,Standard,24.42,Monthly,
S10658,6674f727-2,Standard,5.15,Yearly,2024-04-26
S10659,b478da05-1,Standard,4.69,Yearly,2024-01-29
S10660,6215b9fb-4,Premium,21.26,Monthly,2021-06-14
S10661,68db1fc2-4,Premium,5.55,Yearly,2025-01-24
S10662,5e33804a-b,Basic,3.86,Yearly,2025-01-13
S10663,ccfa4363-2,Standard,19.7,Monthly,2023-06-27
S10664,87ad60fe-c,Basic,8.35,Monthly,2021-03-08
S10665,a60a2471-3,Basic,24.76,Monthly,2024-10-14
S10666,59d22fc3-0,Basic ,11.01,Yearly,2023-07-24
S10667,4a5d156d-7,Standard,14.38,Yearly,
S10668,dbeaf06e-d,Premium,11.92,Yearly,2023-02-21
S10669,399f066b-6,Standard,21.12,Yearly,2025-06-28
S10670,72c6cab9-2,Basic,9.52,Monthly,2022-12-31
S10671,fce8424c-b ,Basic,15.4,Yearly,2022-03-17
S10672,fbb9c05c-b,Premium,4.06,Monthly,2026-01-02
S10673,9ee3aefd-4,Basic,17.64,Yearly,2026-01-10
S10674,6e07e315-2,Standard,24.1,Yearly,2025-11-29
S10675,501b5e75-b,Basic,16.25,Yearly,2021-04-25
S10676,1fa00a19-0,Basic,14.49,Yearly,2023-09-24
S10677,631563d3-e,Basic,11.49,Monthly,2023-04-30
S10678,a011c3c7-3,Standard,7.76,Monthly,2026-02-08
S10679,6dac4fdf-9,Standard,21.36,Yearly,2021-02-16
S10680,1f5d22c8-4,standard,20.27,Yearly,2022-03-16
S10681,93a5cf62-c,Premium,3.48,Yearly,2021-11-30
S10682,06300665-3,Premium,20.5,Yearly,2025-09-28
S10683,4ebbc91a-2,Premium,20.67,Yearly,2026-01-23
S10684,2a16d5ad-1,Basic,18.81,Yearly,2025-12-09
S10685,8e62f114-7,Standard,20.38,Monthly,2023-02-26
S10686,4cbcc654-d,Basic,19.55,Monthly,2025-01-17
S10687,8a6a6d58-9,Premium,16.9,Yearly,2022-03-17
S10688,a51203f0-2,Premium,6.51,Yearly,2021-04-06
S10689,5b8b0211-e,Premium,21.06,Monthly,2022-12-04
S10690,e3896223-a,Standard,12.15,Monthly,2023-09-06
S10691,d64e5fcb-e,Standard,15.2,Yearly,2021-08-13
S10692,570cd1ce-8,Premium,5.88,Monthly,2022-08-07
S10693,7c52f42f-c,Standard,11.32,Monthly,2021-11-06
S10694,b552f2b4-2,Basic ,5.93,Yearly,2022-08-29
S10695,6e693c8f-5,Premium,20.93,Yearly,2022-11-02
S10696,5f833fe2-9,Premium,23.61,Monthly,2022-11-12
S10697,d0a0218b-5,Premium,19.07,Monthly,2025-04-23
S10698,cf1870a4-e,Standard,15.23,Monthly,2025-01-01
S10699,9effe0e2-4,Standard,23.97,Monthly,2021-09-20
S10700,c296b104-7,Standard,9.9,Monthly,2024-08-19
S10701,ca006ce4-8,Premium,22.49,Monthly,2022-08-01
S10702,b3050f6d-f,Premium,22.65,Monthly,2021-12-27
S10703,d5a651e0-7,Premium,16.9,Yearly,2025-09-04
S10704,414bc07c-3,Basic,5.18,Yearly,2021-07-02
S10705,6b6cfcba-e,Basic,12.48,Monthly,2022-11-11
S10706,83bf1968-9,Premium,22.57,Yearly,2024-06-02
S10707,4918d58d-0,Standard,6.79,Monthly,2022-01-24
S10708,fffcaaf5-3,Basic,7.73,Yearly,2021-04-28
S10709,be74d1af-7,Basic,13.03,Yearly,2021-09-12
S10710,e34c3cea-b,Premium,21.82,Yearly,2022-11-16
S10711,f505fecd-e,Standard,24.23,Yearly,2025-05-24
S10712,81b80a8f-0,Premium,19.44,Yearly,2025-02-25
S10713,287c1b8f-1,Standard,22.84,Yearly,2022-06-21
S10714,7695d327-8,Basic,5.42,Yearly,2024-02-13
S10715,49b9455c-4,Basic,7.8,Monthly,2024-04-18
S10716,ed7c67d4-6,Standard,16.86,Yearly,2025-06-13
S10717,f92b058f-b,Standard,4.58,Monthly,2022-07-17
S10718,f748a1a4-f,Standard,9.64,Yearly,2022-06-30
S10719,069abaed-e,Premium,18.58,Monthly,2023-10-23
S10720,b38a5881-2,Standard,3.52,Yearly,2022-07-25
S10721,0998ad6d-2,Basic,10.83,Yearly,2024-11-05
S10722,8098e9f5-2,Premium,10.99,Yearly,2025-08-21
S10723,3b1aa87f-2,Standard,5.64,Monthly,2024-06-13
S10724,f4862bf6-9,Premium,14.91,Monthly,2023-01-07
S10725,b6b3f6d9-c,Basic,4.36,Monthly,2023-10-08
S10726,f2591794-b,Basic,14.97,Monthly,2025-04-14
S10727,3018a4c9-c,Standard,14.84,Yearly,2023-09-19
S10728,eb1cec99-e,Standard,14.67,Monthly,
S10729,f59d8227-6,Basic,12.25,Yearly,2024-08-26
S10730,4abdb7f3-3,Standard,14.08,Monthly,2025-11-28
S10731,bc7bc70d-d,Standard,24.02,Yearly,2022-02-16
S10732,7ecf5c3a-b,Standard,16.85,Monthly,2021-07-30
S10733,f4f56675-4,Premium,5.72,Monthly,2025-06-30
S10734,f957c79a-0,Standard,18.58,Yearly,2023-06-14
S10735,b34c33f4-b,Basic,16.14,Yearly,2021-07-26
S10736,fcbbd1c7-6,Basic,11.4,Yearly,2025-07-20
S10737,6284d7eb-e,Basic,6.83,Monthly,2021-04-22
S10738,f6e1604c-f,Premium,11.65,Monthly,2022-05-17
S10739,45bda3fd-5,Basic,12.02,Monthly,2023-07-06
S10740,e65a3568-d,Standard,6.24,Yearly,2021-11-24
S10741,5a09e958-6,Premium,6.75,Monthly,2024-07-11
S10742,b6990325-a,,24.25,Monthly,2024-02-07
S10743,85793d2a-4,Standard,15.13,Yearly,2024-06-12
S10744,7071598c-6,Basic,22.11,Yearly,2021-03-07
S10745,efef30dc-3,Premium,22.92,Monthly,2023-08-10
S10746,e93bc036-3,Standard,21.29,Monthly,2023-09-18
S10747,738e962a-3,Standard,11.74,Yearly,2023-11-08
S10748,dbb3ea85-c,Premium,14.77,Monthly,2021-02-15
S10749,8761423d-b,Premium,18.66,Monthly,2024-10-28
S10750,8dd57e1d-3,Standard,9.23,Yearly,2022-02-26
S10751,a0ab3736-6,Basic,10.97,Monthly,2022-02-13
S10752,a34faad1-8,Basic,11.24,Yearly,2022-05-12
S10753,541f1b90-f,Premium,9.67,Monthly,2025-03-24
S10754,e0dc515f-e,Premium,12.81,Monthly,2021-02-17
S10755,389e4564-6,Basic,10.25,Yearly,2023-08-07
S10756,d92dde7f-6,Basic,17.34,Monthly,2021-11-11
S10757,08020307-f,Premium,12.86,Monthly,2022-08-21
S10758,7e34b5da-3,Basic,17.18,Monthly,2024-06-01
S10759,aa976bdf-a,Premium,11.68,Yearly,2024-08-09
S10760,ad0de8ab-e,Basic,9.12,Monthly,2022-07-26
S10761,2e123ed9-5,Basic,16.02,Yearly,2024-05-18
S10762,a19664b9-6,Basic,20.67,Yearly,2024-07-21
S10763,3355edfb-8,Basic,14.44,Monthly,2023-01-02
S10764,46558de3-d,Basic,15.04,Yearly,2026-02-09
S10765,44cb9030-1,Basic,21.98,Monthly,2025-09-06
S10766,d4e21db7-f,Basic,7.26,Yearly,2023-03-21
S10767,7fc93c26-e,Standard,12.63,Monthly,2021-04-23
S10768,e3eba0ad-6,Standard,9.99,Yearly,2023-12-11
S10769,b225250b-a,Basic,8.17,Yearly,2025-09-15
S10770,7f27385d-3,Standard,22.14,Yearly,2024-01-27
S10771,77c5e6c8-a,Premium,11.57,Monthly,2021-03-18
S10772,98993d93-4,Premium,16.75,Monthly,2023-01-19
S10773,,Standard,23.25,Monthly,2024-01-28
S10774,7a03a219-5,Basic,8.33,Yearly,2021-08-12
S10775,e9870489-6,Basic,10.79,Monthly,2023-12-12
S10776,ad9967ab-d,Standard,4.16,Yearly,2023-06-14
S10777,9d2a7f63-c,Basic,20.29,Monthly,2025-03-13
S10778,e6353d81-2,Basic,19.32,Monthly,2021-06-02
S10779,f9847ec3-1,Standard,12.31,Monthly,2023-01-24
S10780,76523489-5,Standard,18.45,Monthly,2023-03-07
S10781,353e7311-0,Premium,9.06,Monthly,2022-01-10
S10782,7daacc83-1,Standard,20.16,Yearly,2025-04-10
S10783,3e4c4a04-f,Premium,17.77,Yearly,2024-05-01
S10784,4c12636c-2,Standard,16.53,Monthly,2025-04-18
S10785,c28c05bb-d,Standard,15.43,Yearly,2024-07-15
S10786,d529b670-4,Basic,12.87,Monthly,2021-06-22
S10787,79f07454-0,Basic,11.57,Yearly,2023-05-22
S10788,2d58f676-e,Standard,24.14,Monthly,2021-07-28
S10789,b18b37b8-f,Premium,3.42,Yearly,2023-08-01
S10790,df92b2a0-0,Basic,20.7,Monthly,2022-10-11
S10791,c63531f1-c,Basic,3.47,Yearly,2025-01-17
S10792,bf02a943-2,Standard,24.07,Yearly,2026-01-12
S10793,72a04142-8,Premium,10.88,Yearly,2024-02-17
S10794,3cb84242-c,Premium,5.88,Yearly,2021-11-09
S10795,83c63ca9-3,Standard,13.84,Yearly,2024-09-08
S10796,ef6a9979-7,Premium,9.15,Yearly,2021-04-28
S10797,194fb1e8-5,Basic,3.87,Monthly,2022-12-20
S10798,8e20a72d-8,Standard,23.02,Monthly,2022-01-12
S10799,7fcd5d39-7,Premium,24.72,Monthly,2026-02-04
S10800,86e05441-d,Premium,13.51,Yearly,2025-03-18
S10801,baf28489-2,Premium,6.25,Monthly,2021-09-23
S10802,f6b5dce4-3,basic,17.48,Monthly,2023-04-29
S10803,cfd28ecb-5,Premium,18.21,Monthly,2021-08-14
S10804,fa520138-c,Basic,21.89,Monthly,2023-03-01
S10805,cc034edc-8,Premium,6.8,Monthly,2023-02-10
S10806,701fb962-e,Basic,6.01,Yearly,2021-07-07
S10807,430f0e8a-6,Premium,8.46,Monthly,2023-11-07
S10808,fbf1233d-8,Premium,5.61,Yearly,2024-02-28
S10809,1997adab-4,Basic,9.58,Yearly,2025-09-05
S10810,114caf9a-2,Premium,5.96,Yearly,2025-05-25
S10811,2bef68bc-3,Premium,6.43,Yearly,2024-11-03
S10812,395d4ca1-3,Basic,23.62,Yearly,2021-08-30
S10813,74a05001-4,Basic,19.14,Monthly,2025-05-14
S10814,f335ee00-7,Premium,3.05,Yearly,2022-11-05
S10815,1448a885-1,Premium,9.22,Yearly,2025-05-15
S10816,4a343790-5,Premium,20.45,Monthly,2021-02-12
S10817,149c04c1-f,Standard,15.01,Monthly,2021-05-25
S10818,add9fb90-5,Basic,18.55,Monthly,2022-04-07
S10819,dc548e6a-9,Standard,6.56,Yearly,2025-05-29
S10820,be5236b7-d,Basic,7.97,Yearly,2023-11-02
S10821,e0a82bf4-4,Basic,10.97,Monthly,2024-05-16
S10822,a4e77cd9-f,Standard,3.31,Yearly,2026-01-21
S10823,2c51014e-e ,Premium,10.85,Yearly,2024-12-14
S10824,32243f4c-2,Basic,22.51,Yearly,2021-03-06
S10825,00e5e807-0,Standard,20.39,Monthly,2023-02-01
S10826,5f2afac0-3,Standard,17.1,Yearly,2021-07-15
S10827,72286469-0,Basic,14.01,Monthly,2022-09-16
S10828,daeac4a2-c,Standard,10.18,Yearly,2023-10-12
S10829,192a9543-a,Basic,18.93,Monthly,2023-09-20
S10830,80714c32-1,Standard,14.56,Yearly,2022-10-02
S10831,b98b73b3-4,,8.89,Monthly,2025-05-02
S10832,6a1ad367-a,Standard,23.46,Yearly,2024-06-28
S10833,770f6142-6,Premium,24.12,Monthly,2025-07-12
S10834,90dcebc0-5,Basic,,Monthly,2023-02-10
S10835,05e34b80-e,Standard,8.15,Yearly,2024-01-04
S10836,fc8c4def-4,Standard,15.05,Monthly,2024-03-21
S10837,a4a30d00-a,Premium,23.96,Monthly,2022-07-20
S10838,a7997782-3,Basic,13.65,Yearly,2021-02-24
S10839,c2f337ed-0,Basic,19.48,Yearly,2024-06-01
S10840,a1f46d85-5,Basic,21.72,Yearly,2025-12-05
S10841,5e336ca1-1,Premium,16.71,Monthly,2025-01-22
S10842,7b95a507-6,Basic,23.7,Monthly,2022-10-23
S10843,97daa5cb-3,Standard,17.93,,2025-08-10
S10844,14982a20-9,Standard,14.34,Monthly,2023-06-10
S10845,9733add5-8,Standard,18.18,Monthly,2024-07-05
S10846,2981646b-1,Standard,14.99,Yearly,2025-07-25
S10847,a21f8e2b-5,Premium,16.95,Yearly,2022-05-15
S10848,9b0a1faa-b,Premium,8.44,Monthly,2021-12-17
S10849,54f77a3e-f,Basic,7.9,Yearly,2022-03-16
S10850,77fecdd9-0,Premium,20.58,Yearly,2021-05-22
S10851,22c0e9a3-9,Basic,20.68,Yearly,2021-03-04
S10852,89f2d571-0,Standard,9.26,Monthly,2025-12-08
S10853,0bcae214-7,Basic,7.5,Monthly,2024-07-12
S10854,8a893c9b-a,Standard,14.18,Monthly,2024-01-10
S10855,539600f6-2,Premium,,Monthly,2024-01-27
S10856,4b8a64af-d,Basic,14.49,Yearly,2025-06-19
S10857,973a208b-c,Basic,17.84,Yearly,2023-04-26
S10858,97228b2a-0,Basic,23.49,Yearly,2025-07-29
S10859,5829163a-9,Premium,15.52,Yearly,2023-11-09
S10860,8cfd3b29-2,Basic,22.49,Yearly,2022-03-04
S10861,2c535849-8,Basic,8.99,Monthly,2024-11-21
S10862,2564cec4-7,,18.82,Yearly,2021-06-18
S10863,c1b61b45-f,Standard,24.71,Monthly,2024-07-24
S10864,63580c89-e,Premium,18.81,Monthly,2023-01-23
S10865,efcba419-f,Standard,20.46,Yearly,2022-10-19
S10866,9584586a-2,Basic,18.45,Yearly,2022-12-10
S10867,8438b190-f,Basic,23.45,Monthly,2021-09-16
S10868,5bd0738a-5,Standard,5.07,Monthly,2024-12-07
S10869,c7c73d3c-7,Premium,12.65,Monthly,2025-03-19
S10870,aa1de80d-0,Premium,14.25,Monthly,2025-12-18
S10871,78af1f16-4,Premium,8.26,Yearly,2021-09-04
S10872,5992e1c9-d,Basic,23.73,Monthly,2024-03-04
S10873,fcfebc15-9,Basic,15.47,Yearly,2024-04-29
S10874,9eb160a2-e,Standard,8.98,Yearly,2023-08-14
S10875,6e803a5b-b,Premium,21.65,Yearly,2022-06-13
S10876,db9b24ad-2,Standard,11.36,Yearly,2024-01-24
S10877,b602042f-9,Basic,11.13,Monthly,2021-09-24
S10878,0deb09ae-b,Basic,14.21,Yearly,2024-08-30
S10879,19097b37-d,Standard,24.35,Yearly,2024-05-23
S10880,185729bd-b,Basic,13.83,Monthly,2024-12-07
S10881,cf1a2d66-4,Standard,8.8,Monthly,2025-12-13
S10882,4d9c1e90-a,Premium,12.72,Monthly,2022-09-17
S10883,8aec9edb-3,Premium,18.88,Monthly,2025-03-27
S10884,17c77e4d-5,Standard,12.99,Yearly,2022-10-27
S10885,da8a2a6d-8,Standard,10.28,Monthly,2021-02-27
S10886,d69e097d-4,Standard,7.61,Monthly,2023-10-18
S10887,a6e351d2-4,Basic,17.71,Monthly,2023-01-23
S10888,70a1d21e-3,Standard,23.81,Yearly,2025-12-04
S10889,9cfcecf4-9,Premium,5.51,Yearly,2025-01-13
S10890,8900391c-2,Basic,15.23,Monthly,2023-07-07
S10891,6f989741-8,Standard,3.54,Yearly,2022-10-25
S10892,bd58fb7d-1,Standard,11.74,Yearly,2025-06-13
S10893,ff273675-1,Standard,24.11,Monthly,
S10894,d2cb55fa-c,Basic,13.92,Monthly,2025-03-25
S10895,821e6286-1,Premium,4.64,Yearly,2022-08-16
S10896,f68c87f9-7,Premium,20.21,Monthly,2024-04-30
S10897,74ffd97a-0,Standard,4.95,Yearly,2024-11-19
S10898,6b29508e-f,Premium,18.82,Yearly,2026-01-09
S10899,7f28006a-a,Premium,18.23,Yearly,2022-03-25
S10900,d54349ea-1,Premium,19.04,monthly,2024-01-22
S10901,ec1f6d64-a,Premium,22.12,Monthly,2023-01-29
S10902,5d11dee0-3,Basic,20.34,Monthly,2023-01-31
S10903,,Standard,,Yearly,2022-11-05
S10904,a711305b-a,Premium,11.82,Monthly,2021-07-25
S10905,49aa8952-c,Premium,11.52,Monthly,2023-09-30
S10906,17bbbc61-5,Basic,17.05,Monthly,2024-03-31
S10907,d2b0c6f9-8,Basic,23.7,Yearly,2023-02-21
S10908,552cd69e-9,Basic,3.96,Monthly,2022-12-07
S10909,64f8fce9-3,Standard,,Monthly,2023-08-07
S10910,80a0f280-3,Basic,20.56,Yearly,2021-12-10
S10911,be35601c-e,Basic,3.38,Yearly,2024-02-23
S10912,c1daab76-3,Basic,22.89,Monthly,2021-05-16
S10913,c9b51071-e,Standard,7.12,Yearly,2025-08-20
S10914,ee58540c-b,Standard,16.91,Yearly,2024-07-22
S10915,dce3da66-a,Premium,13.34,Monthly,2023-04-27
S10916,ca042404-d,Premium,13.16,Monthly,2023-03-04
S10917,ec3a947e-7,Premium,21.97,Yearly,2026-02-01
S10918,0aabe1bc-e,Basic,14.69,Yearly,2025-09-30
S10919,3770f9dc-b,Standard,17.23,Monthly,2025-05-05
S10920,57bd74ec-8,Standard,22.84,Monthly,2022-02-10
S10921,3ce8e72f-4,Basic,8.94,Yearly,2024-11-22
S10922,0760f6cb-8,Basic,4.71,Monthly,2023-02-18
S10923,15f21923-7,Basic,,Yearly,2025-01-23
S10924,0fafdbee-e,Standard,4.46,Yearly,2023-03-16
S10925,c0f43d39-2,Standard,10.93,Yearly,2024-11-22
S10926,000f42a9-f,Premium,9.5,Monthly,2025-09-23
S10927,0b4f61ea-e,Basic,13.59,Monthly,2023-03-27
S10928,813d474f-d,Premium,16.52,Yearly,2021-03-29
S10929,2d19459c-6,Standard,15.75,Yearly,2023-02-13
S10930,5a756a0c-4,Basic,8.77,Yearly,2021-06-02
S10931,d4e4ee61-b,Premium,23.15,Yearly,2026-01-26
S10932,47ac0e90-8,Basic,,Yearly,2023-06-18
S10933,f34e03fe-b,Basic,10.42,Monthly,2022-08-31
S10934,37ecbad2-e,Basic,6.91,Yearly,2023-06-29
S10935,0b76e529-f,Premium,20.08,Yearly,2023-05-27
S10936,02414ef7-1,Standard,18.67,Yearly,2022-07-14
S10937,8c2880b9-3,Premium,22.76,Yearly,2022-02-28
S10938,369b55ee-8,Standard,9.37,Yearly,2023-09-07
S10939,f0a93326-a,Basic,6.35,Monthly,2023-10-05
S10940,617fbf21-1,Premium,13.6,Yearly,2025-09-10
S10941,b9f897bf-b,Premium,4.35,Yearly,2022-04-03
S10942,dcf8073a-6,Basic,21.08,Yearly,2025-07-13
S10943,286335fc-7,Basic,4.09,Monthly,2022-09-26
S10944,bd7182d4-4,Standard,17.56,Yearly,2025-11-15
S10945,6c1ea3b8-7,Basic,7.17,Yearly,2022-12-10
S10946,822d0eeb-7,Standard,5.45,Monthly,2024-08-10
S10947,ecfa76df-a,Premium,24.17,Yearly,2024-06-20
S10948,22aaf6ce-2,Basic,20.8,Yearly,2023-09-13
S10949,42ba49d8-0,Standard,11.24,Yearly,2021-11-11
S10950,2fdb5cc9-0,Basic,17.69,Yearly,2025-08-29
S10951,c3fc43d5-b,Premium,13.23,Yearly,2023-02-13
S10952,6e9b7a22-e,Premium,7.2,Monthly,2022-02-11
S10953,df4127df-1,Basic,10.83,Monthly,2023-04-05
S10954,ff097beb-7,Standard,3.7,Monthly,2025-03-31
S10955,b9e2d980-7,Basic,11.09,Yearly,2022-01-21
S10956,7d76a6fd-d,Basic,18.1,Yearly,2023-03-28
S10957,5815041d-3,Premium,9.4,Monthly,2023-05-13
S10958,11edcefc-9,Basic,24.87,Yearly,2021-11-10
S10959,a11f1f2b-6,Standard,9.51,Monthly,2024-06-21
S10960,2db01e09-9,Standard,21.71,Yearly,2023-10-30
S10961,a744a4ba-2,Premium,21.6,Monthly,2021-08-29
S10962,04d275bb-1,Premium,23.22,Yearly,2024-12-10
S10963,20c873fc-1,Standard,10.88,Monthly,2023-11-15
S10964,f14303cf-e,Basic,10.8,Yearly,2021-07-19
S10965,9dc12d60-8,Basic,14.02,Monthly,2022-04-18
S10966,eb343e9a-0,Premium,5.26,Monthly,2022-05-08
S10967,c0a87040-e ,Standard,10.49,Yearly,2021-05-05
S10968,26543206-6,Premium,15.3,Monthly,2022-11-02
S10969,0342f4d5-9,Standard,3.03,Yearly,2025-11-03
S10970,05c32a10-c,Premium,18.3,Monthly,2023-12-16
S10971,72efb5c5-b,Premium,14.8,Monthly,2026-01-06
S10972,b233bd43-7,Premium,4.59,Yearly,2021-09-22
S10973,cd193262-1,Premium,7.11,Monthly,2024-08-18
S10974,5290b417-e,Basic,19.22,Monthly,2024-10-20
S10975,36360398-2,Standard,6.79,Yearly,2024-09-11
S10976,3157b4ba-a,Basic,9.71,Yearly,2022-01-06
S10977,e0b2a896-3,Basic,18.04,Yearly,2021-10-31
S10978,36e5dd63-b,Premium,5.91,Yearly,2022-06-23
S10979,01f684c8-e,Premium,17.0,Monthly,2021-03-31
S10980,97779efe-d,Standard,18.78,Yearly,2024-07-04
S10981,1cdd24ca-6,Basic,9.5,Yearly,2022-07-09
S10982,48bcef25-3,,23.6,Monthly,2024-05-13
S10983,d023cf9a-2,Premium,16.4,Monthly,2024-05-12
S10984,7f5371b9-3,Premium,13.84,Yearly,2021-06-03
S10985,33ca7c90-c,Premium,15.4,Yearly,2024-11-29
S10986,9b2cf383-1,Basic,13.05,Yearly,2021-05-21
S10987,28b7d34b-3,Basic,20.09,Yearly,2024-08-28
S10988,2d89b596-1,Standard,21.3,Monthly,2022-12-12
S10989,73f05ce7-7,Standard,7.69,Monthly,2022-01-02
S10990,e5447467-b,Premium,17.02,Monthly,2021-09-27
S10991,50e21d42-c,Premium,19.0,Yearly,2024-04-27
S10992,52f9dbdc-9,Basic,10.34,Monthly,2023-01-11
S10993,4366d02d-b,Premium,14.22,Yearly,2023-11-19
S10994,0b8c1bb8-9,Standard,6.05,Monthly,2022-06-05
S10995,11f3f8d7-e,Standard,6.96,Monthly,2023-11-30
S10996,5dabdfa6-0,Standard,3.55,Monthly,2021-02-26
S10997,efad7b22-3,Basic,5.91,Yearly,2025-06-07
S10998,32bf045d-0,Basic,4.57,Yearly,2024-03-08
S10999,e9c780a2-3,Basic,4.65,Yearly,2025-05-12
S11000,cb73d52f-d,Standard,8.06,Monthly,
S11001,f786860c-a,Basic,12.0,Yearly,2022-09-24
S11002,d6a8f0a9-a,Basic,15.52,Yearly,2022-09-06
S11003,eec12023-4,Standard,22.11,Yearly,2022-04-06
S11004,377a78e1-e,Basic,9.22,Monthly,2025-08-30
S11005,96c04612-5,Standard,4.6,Monthly,2025-12-16
S11006,7e607745-c,Premium,18.75,Monthly,2024-09-02
S11007,7860710e-d,Basic,21.92,Yearly,2025-03-17
S11008,860b4bbb-e,Basic,20.7,Yearly,2025-11-08
S11009,37b958d4-6,Basic,19.11,Monthly,2021-07-26
S11010,9287cf63-b,Basic,22.37,Monthly,2023-04-30
S11011,5a052668-7,Premium,3.3,Monthly,2023-07-27
S11012,296cb68b-d,Standard,13.59,Monthly,2023-03-07
S11013,,Standard,18.08,Yearly,2023-01-20
S11014,aeaaace0-3,Premium,19.57,Yearly,2024-11-06
S11015,aa9d555b-3,,17.23,Yearly,2025-10-27
S11016,ca2c042e-d,Premium,15.73,Monthly,2021-10-29
S11017,72760942-7,Premium,23.11,Monthly,2025-08-23
S11018,0978078a-a,Premium,4.61,Yearly,2025-09-07
S11019,c4014586-9,Premium,10.58,Yearly,2021-07-17
S11020,eb461e1f-d,Basic,21.96,Monthly,2025-04-12
S11021,b88e23b5-e,Premium,24.91,Yearly,2025-05-08
S11022,1b2d7a9d-a,Premium ,,Monthly,2025-02-02
S11023,3a8b5173-a,Premium,20.32,Yearly,2024-07-19
S11024,fbc48e84-c,Premium,7.82,Yearly,2023-04-19
S11025,c8240175-0,Basic,23.79,Monthly,2021-03-08
S11026,85f37c51-c,Standard,17.7,Yearly,2023-01-23
S11027,6077b94d-9,Premium,23.29,Yearly,2025-06-28
S11028,3e0f6ece-3,Basic,19.42,Monthly,2021-04-22
S11029,a9e6f0a2-1,Basic,24.25,Yearly,2024-08-08
S11030,f8288030-9,Standard,,Yearly,2024-04-19
S11031,,Standard,6.12,Yearly,2024-03-05
S11032,d202aa48-3,Premium,22.24,Monthly,2023-05-16
S11033,bc3a92a9-8,Standard,3.14,Monthly,2025-01-04
S11034,3bb7a4d3-3,Premium,14.69,Monthly,2021-07-25
S11035,124a131a-1,Standard,8.31,Yearly,2025-08-12
S11036,dc337b93-1,Premium,10.82,Monthly,2021-09-03
S11037,6877ed00-9,Premium,4.37,Yearly,2023-08-22
S11038,63280e12-5,Basic,16.14,Monthly,2021-11-01
S11039,0c16b03b-9,Basic,18.58,Monthly,2022-06-08
S11040,09a3e0d2-c,Standard,18.91,Yearly,2023-12-01
S11041,d33e79ed-e,Premium,6.04,Yearly,2021-06-27
S11042,76c1162d-0,Premium,17.78,Monthly,2021-10-12
S11043,a95890bc-1,,6.35,Yearly,2022-09-20
S11044,a456c76c-9,Premium,22.36,Yearly,2021-11-06
S11045,893436ce-c,Standard,7.81,Monthly,2023-02-10
S11046,23407e5d-6,Basic,19.34,Monthly,2023-09-24
S11047,10815c78-2,Standard,6.15,Yearly,2024-02-14
S11048,8d33af0a-3,Premium,13.1,Yearly,2023-10-30
S11049,df65145b-1,Standard,21.07,Yearly,2023-02-13
S11050,153d20b6-d,Premium,3.91,Yearly,2024-12-06
S11051,4a440cf6-f,Standard,6.47,Yearly,2025-03-29
S11052,5fd66ce0-8,Premium,16.53,Monthly,2024-05-01
S11053,d489bcac-8,Basic,15.9,Yearly,2021-06-03
S11054,90d45a1f-6,Basic,24.35,Yearly,2024-04-15
S11055,41c51f62-f,Basic,5.25,Yearly,2021-12-12
S11056,6f015823-d,Standard,7.72,Monthly,2022-07-12
S11057,1beab292-3,Premium,22.3,Monthly,2024-09-29
S11058,f3871f1d-a,Standard,10.25,Yearly,2024-12-06
S11059,283d2421-2,Basic,13.26,Monthly,2022-11-23
S11060,d1acbbdc-e,Standard,4.43,Yearly,2024-09-11
S11061,d4d8a437-6,Premium,22.12,Monthly,2022-03-06
S11062,42318d84-c,Standard,15.76,Monthly,2025-08-14
S11063,b7ead6e1-a,Standard,19.88,Yearly,2021-06-23
S11064,cc4e8db3-8,Premium,14.77,Monthly,2021-08-27
S11065,3365d76a-7,Standard,15.8,Yearly,2021-12-02
S11066,0adc89f5-a,Standard,9.54,Monthly,2022-12-22
S11067,26c52258-a,Standard,10.07,Monthly,2021-12-21
S11068,53ba563d-d,Basic,22.64,Yearly,2024-10-24
S11069,63678d55-0,Premium,3.2,Monthly,2021-08-31
S11070,425a884d-8,Premium,7.66,Yearly,2025-12-28
S11071,32798ae2-8,Premium,11.08,Yearly,2025-10-13
S11072,43d5535f-d,Standard,3.13,Monthly,2024-03-17
S11073,c39ecbca-2,Basic,17.84,Yearly,2021-04-26
S11074,a321cac0-e,Standard,7.35,Monthly,2024-04-24
S11075,9c4913e8-7,Premium,10.87,Yearly,2021-05-11
S11076,a150d03b-1,Premium,8.79,Monthly,2024-07-06
S11077,a0ef942e-f,Standard,18.92,Yearly,2024-11-18
S11078,b75e8e4f-2,,6.55,Monthly,2025-11-29
S11079,0824a949-4,Premium,23.34,Yearly,2025-05-17
S11080,bf4b683a-9,Basic,19.07,Monthly,2025-01-04
S11081,4c9bfe77-5,Premium,22.81,Monthly,2025-07-06
S11082,d09a3fd2-d,Basic,14.06,Yearly,2022-08-27
S11083,59f53bd4-0,Basic,6.74,Monthly,2022-11-19
S11084,8008ac2c-9,Premium,6.17,Monthly,2021-11-26
S11085,f900f369-c,Basic,15.9,Monthly,2026-01-22
S11086,6dd414f3-5,Standard,16.34,Monthly,2025-11-23
S11087,4f8a7464-9,Basic,8.07,Yearly,2023-10-29
S11088,cde1edfd-0,Standard,23.84,Monthly,2024-03-03
S11089,b5cc24e9-1,Standard,17.54,Yearly,2025-03-02
S11090,34d1f416-4,Standard,16.84,Monthly,2022-08-29
S11091,8440bdab-e,Standard,22.99,Monthly,2024-05-04
S11092,5783c3bc-5,Premium,24.14,,2023-03-21
S11093,f455bd64-2,premium,13.08,Yearly,2024-11-18
S11094,8fe3eb26-8,Standard,8.77,Yearly,2023-02-02
S11095,ff940ca2-9,Premium,21.9,Monthly,2024-06-24
S11096,15a108be-9,Basic,8.16,Yearly,2025-03-27
S11097,59ec29dd-e,Basic,13.13,Monthly,2021-09-16
S11098,babe91a2-e,Basic,19.24,Yearly,2022-09-12
S11099,991427bf-3,Basic,8.95,Monthly,2021-04-08
S11100,bf614478-1,Premium,9.49,Yearly,2021-07-05
S11101,782f329f-a,Basic,5.37,,2025-11-10
S11102,f555e8b4-a,Standard,15.0,Monthly,2025-04-18
S11103,54d68980-3,Premium,14.52,Monthly,2024-03-22
S11104,5829dba2-6,Basic,20.55,Yearly,2021-03-10
S11105,f0bfc5f3-3,Basic,8.53,Monthly,2023-03-20
S11106,d1f6172c-6,Premium,,Monthly,2021-05-22
S11107,8a3237fd-d,Standard,23.93,Yearly,2022-11-08
S11108,3bb9fcda-a,Basic,3.38,Monthly,2023-01-12
S11109,17e31762-c,Basic,13.8,Monthly,2022-12-05
S11110,7e0bc25a-2,Standard,8.44,Yearly,2022-07-25
S11111,8de5915c-3,Standard,23.58,Monthly,2021-11-20
S11112,e37f21f1-b,Basic,7.27,Yearly,2021-08-31
S11113,40cee2bf-5,Premium,4.06,Monthly,2025-05-05
S11114,47645c4f-0,Standard,22.61,Monthly,2021-08-13
S11115,cba86a6d-8,Basic,5.0,Yearly,2023-02-05
S11116,f8f96933-b,Standard,5.57,Monthly,2025-03-24
S11117,db6072cd-5,Standard,18.33,Yearly,2024-07-14
S11118,2f2ab31f-e,Premium,22.0,Monthly,2021-06-12
S11119,d3c60bf7-a,Premium,7.01,Monthly,2021-08-26
S11120,22e6644d-5,Standard,4.05,Yearly,2023-07-22
S11121,4deab758-5,Standard,3.85,Yearly,2023-02-09
S11122,b175713a-e,Basic,10.11,Yearly,2022-11-19
S11123,d5d7671f-8,Premium,18.36,Yearly,2024-10-12
S11124,fbfa591c-8,Premium,23.83,Yearly,2023-12-10
S11125,6a426745-3,Standard,22.47,Monthly,2025-08-06
S11126,f983cdf8-a,Standard,16.95,Yearly,2023-07-27
S11127,56145adb-3,Basic,9.03,Monthly,2023-03-07
S11128,eff8ab2c-b,Standard,16.02,Monthly,2024-11-22
S11129,d360ef84-3,Basic,9.61,Yearly,2024-11-16
S11130,a9ac41e1-2,Premium,7.39,Monthly,2024-12-20
S11131,151638a4-e,Premium,14.14,Yearly,2025-06-18
S11132,be2552fb-0,Standard,15.36,Yearly,2022-03-04
S11133,c7d306f4-0,Premium,14.15,Monthly,2024-10-20
S11134,56c078b6-d,Basic,13.78,Yearly,2025-12-13
S11135,af352055-4,Premium,9.29,Yearly,
S11136,4220c3bd-f,Standard,14.39,Yearly,2026-01-21
S11137,dbcadcb0-f,Premium,18.3,Yearly,2023-07-20
S11138,1a39d766-9,Basic,5.01,Monthly,2024-11-03
S11139,a0402eae-8,Standard,17.13,Yearly,2022-07-22
S11140,a43cb849-0,Premium,12.73,Monthly,2024-07-03
S11141,02677b73-a,Premium,17.74,Yearly,2023-09-14
S11142,e8912e43-f,Premium,11.29,Yearly,2025-03-27
S11143,d86e87d5-2,Basic,4.58,Monthly,2024-08-08
S11144,006af1cb-5,Basic,16.93,Monthly,2023-01-19
S11145,cffd9be5-1,Premium,18.47,Yearly,2021-07-16
S11146,78c39f9c-d,Basic,23.3,Yearly,2024-05-21
S11147,2292d634-2,Standard,11.07,Monthly,2025-10-27
S11148,521b9ccd-2,Premium,18.21,Yearly,2022-07-21
S11149,417a0e75-2,Basic,12.94,Monthly,2025-03-20
S11150,9cc30e82-1,Premium,23.13,Monthly,2024-12-02
S11151,dbfce9a7-f,Standard,5.49,Monthly,2022-01-26
S11152,b3fbf75d-1,Premium,4.59,Yearly,2024-02-17
S11153,da7ad00d-5,Premium,15.62,Monthly,2023-09-25
S11154,a5a8327e-e,Premium,14.45,Monthly,2023-10-23
S11155,4ac8b0e9-c,Premium,18.26,Monthly,2023-03-05
S11156,60c9f13c-a,Standard,10.47,Monthly,2023-02-16
S11157,c69582ce-6,Standard,12.29,Yearly,2022-07-12
S11158,fb22dcc0-f,Basic,17.9,Monthly,2023-06-02
S11159,7c4c0f31-1,Premium,13.28,Yearly,2024-11-02
S11160,8474ab2c-9,Premium,22.65,Monthly,2025-06-28
S11161,e78e00aa-3,Premium,11.56,Yearly,2021-03-29
S11162,b4d77f78-8,Premium,4.67,Monthly,2023-04-19
S11163,4a0f76eb-9,Standard,4.88,Yearly,
S11164,1a61ec84-e,Basic ,5.98,Yearly,2026-01-23
S11165,fe7b8216-a,Basic,5.6,Monthly,2024-11-11
S11166,52102261-3,Basic,7.98,Yearly,2021-10-23
S11167,30e0b643-6,Standard,4.73,Yearly,2021-06-01
S11168,1075f645-d,Premium,7.82,Monthly,2024-01-14
S11169,744d9ab5-d,Premium,4.0,Monthly,2023-05-06
S11170,81a48b51-1,Premium,7.74,Yearly,2021-08-02
S11171,750f6df7-b,Standard,14.96,Yearly,2024-02-19
S11172,95674567-e,Basic,13.27,Monthly,2021-07-25
S11173,5e7ac4f9-1,Basic,12.84,Yearly,2024-12-15
S11174,d500fab8-2,Basic,15.63,Yearly,2024-08-09
S11175,dbf8edf5-e,Premium,23.96,Yearly,2023-02-27
S11176,abf57f5c-d,Premium,23.57,Yearly,2025-07-22
S11177,f179721c-6,Premium,9.6,Monthly,2021-07-04
S11178,9da8d3b2-2,Basic,7.93,Monthly,2023-07-25
S11179,0465ae69-7,Standard,19.96,Yearly,2022-10-20
S11180,92ecba12-c,Premium,7.16,Yearly,2025-10-06
S11181,a7a69188-4,Basic,9.11,Monthly,2022-12-11
S11182,383fc162-e,Premium,5.78,Yearly,2024-02-14
S11183,bbaf1bf3-6,Premium,15.89,Monthly,2021-07-08
S11184,ef1177f5-1,Basic,11.31,Yearly,2024-12-10
S11185,4fb65be4-6,Premium,21.05,Monthly,2024-10-30
S11186,6fdb0e11-9,Premium ,23.58,Monthly,2024-01-30
S11187,b5cd1bd6-f,Standard,3.68,Yearly,
S11188,855ab04b-c,Premium,13.87,Yearly,2022-12-23
S11189,05d87132-f,Standard,21.73,Monthly,2021-04-14
S11190,fdc8f1f8-8,Standard,19.24,Yearly,2021-02-24
S11191,9ab3def4-2,Standard,19.22,Yearly,2022-12-01
S11192,aeb8da80-8,Premium,23.31,Monthly,2022-07-20
S11193,87836abf-0,Premium,11.39,Monthly,2025-11-01
S11194,c291447a-a,Basic,20.41,Yearly,2023-06-29
S11195,fc927c67-4,Basic,9.74,Yearly,2022-10-01
S11196,715a8fb6-c,Standard,3.81,Yearly,2021-12-07
S11197,71de53bc-b,Standard,19.77,Yearly,2025-06-16
S11198,7e597ad9-c,Standard,18.41,Yearly,2024-07-14
S11199,1f6381e7-5,Basic,22.53,Yearly,2022-10-02
S11200,3606dcd2-1,Premium,13.76,Yearly,2021-03-25
S11201,87fd68d9-1,Standard,23.89,Monthly,2022-06-18
S11202,521a96b4-8,Basic,18.88,Yearly ,2026-01-22
S11203,a0b8b1ae-f,Basic,12.94,Yearly,2024-08-10
S11204,e5e8855a-f,Basic,3.05,Yearly,2022-05-30
S11205,c71720d7-e,Premium,22.0,Yearly,2024-05-03
S11206,3a32bf96-e,Basic,16.48,Yearly,2022-02-15
S11207,15f1038c-f,Standard,9.73,Yearly,2026-01-25
S11208,96ceacdb-a,Basic,9.48,Monthly,2025-01-05
S11209,f2f6ebd1-5,Standard,24.61,Monthly,2022-01-05
S11210,cf69b26d-1,Basic,15.16,Monthly,2022-09-08
S11211,dc002eb7-4,Standard,9.85,Monthly,2023-01-06
S11212,e22b9e94-8,Premium,17.54,Yearly,2023-08-22
S11213,d4c2efc0-5,Basic,4.28,Monthly,2022-08-28
S11214,ef8f2e28-6,Basic,16.21,Monthly,
S11215,f8b94102-f,Standard,11.67,Monthly,2023-09-01
S11216,f7039e85-e,Standard,13.92,Monthly,2024-01-28
S11217,9a427f9e-9,Standard,22.59,Yearly,2022-02-08
S11218,a772ec2e-6,Standard,23.93,Yearly,2022-11-15
S11219,153a4ff7-4,Standard,16.19,Yearly,2025-03-21
S11220,d683c515-7,Basic,3.6,Yearly,2021-06-28
S11221,b8891659-e,Standard,12.37,Monthly,2021-09-30
S11222,e3b39f4f-1,Premium,13.71,Monthly,2023-08-12
S11223,444a9218-2,Basic,3.62,Monthly,2023-06-03
S11224,1cf3024b-9,Premium,5.98,Monthly,2024-01-09
S11225,7cc50ce5-1,Standard,7.78,Yearly,2022-12-08
S11226,90253fa6-e,Basic,16.75,,2022-11-21
S11227,eee2de8c-6,Premium,22.61,Monthly,2025-07-12
S11228,0fa8c27e-1,Premium,10.43,Yearly,2025-05-24
S11229,ac7feedc-6,Standard,19.11,Yearly,2021-06-26
S11230,8a930081-f,Premium,7.89,Yearly,2024-12-18
S11231,43062dea-b,Basic,19.71,Yearly,2022-03-22
S11232,dcc93d8c-a,Basic,16.1,Yearly,2021-11-05
S11233,06f2bb58-3,Premium,16.66,Monthly,2022-05-09
S11234,64957b0d-8,Premium,16.86,Yearly,2021-12-20
S11235,6bd66889-3,Standard,4.32,Yearly,2026-02-08
S11236,edebfe55-9,Premium,21.04,Monthly,2021-07-27
S11237,e6763100-8,Premium,22.98,Yearly,2024-02-04
S11238,fb544be4-e,Basic,18.18,Monthly,2023-11-18
S11239,a6ef0333-d,Standard,19.64,Monthly,2022-07-31
S11240,e9b2e009-b,Standard,15.83,Yearly,2022-07-08
S11241,c30b3536-c,Standard,6.38,Monthly,2024-02-11
S11242,1090c2bc-a,Basic,19.58,Yearly,2022-04-19
S11243,a91d69b7-4,Premium,10.41,Yearly,2024-09-06
S11244,87722e1b-9,Premium,7.05,Monthly,2021-10-07
S11245,0739746d-e,Premium,16.64,Yearly,2021-05-21
S11246,ce4fb7fe-7,Standard,7.03,Yearly,2021-04-12
S11247,8e82b628-f,Premium,24.09,Yearly,2024-04-14
S11248,eb84ab18-9,Standard,15.49,Yearly,2023-06-07
S11249,56116597-0,Basic,19.46,Yearly,2025-04-27
S11250,02f97935-0,Premium,21.32,Monthly,2023-10-25
S11251,1ee635a7-4,Basic,23.49,Yearly,2024-06-27
S11252,0259be78-5,Basic,9.36,Yearly,2023-06-03
S11253,1e262ec8-1,Basic,12.04,Monthly,2025-07-10
S11254,458646d6-d,Premium,10.79,Yearly,2021-03-20
S11255,9809b2f9-4,Standard,19.02,Monthly,2023-01-03
S11256,c0c4ac63-3,Standard,9.76,Monthly,2022-08-08
S11257,3b2f1ebd-a,Premium,3.76,Yearly,2022-03-17
S11258,c421c64b-f,Premium,9.2,Monthly,2023-01-20
S11259,,Standard,20.96,Yearly,2024-10-05
S11260,a80a4928-9,Standard,9.05,Monthly,
S11261,84c39d26-4,Standard,3.8,Yearly,2023-06-05
S11262,1bc8a519-a,Standard,20.56,Yearly,2021-10-16
S11263,caac4f13-8,Basic,6.71,Yearly,2024-05-26
S11264,d9b351e1-f,Premium,20.35,Monthly,2021-11-22
S11265,c2e4263a-9,Basic,7.06,Monthly,2021-12-05
S11266,74e96043-a,Premium,7.73,Yearly,2023-11-18
S11267,69e48f9d-1,Basic,18.96,Yearly,2023-08-08
S11268,9cc8bd08-3,Basic,23.08,Monthly,2023-06-03
S11269,3122c249-7,Premium,18.42,Yearly,2024-08-14
S11270,14598d94-a,Standard,9.02,Yearly,2025-05-14
S11271,4f73abae-8,Standard,4.28,Monthly,2023-12-05
S11272,56843b1d-e,Standard,4.66,Monthly,2023-12-05
S11273,ccb3a13c-9,Basic,8.45,Yearly,2025-07-10
S11274,bbdf9a50-b,Basic,15.42,Monthly,2022-09-06
S11275,2ec49301-d,Basic,3.4,Monthly,2024-12-25
S11276,e49e088d-8,Premium,21.39,Yearly,2025-02-23
S11277,2d56f8aa-b,Standard,7.68,Monthly,2021-12-13
S11278,fc4dfd11-4,Standard,16.63,Yearly,
S11279,773c143b-3,Premium,10.14,Yearly,
S11280,020198e3-3,Premium ,24.48,Monthly,
S11281,45a44960-4,Premium,11.14,Yearly,2023-10-22
S11282,facd2aa3-8,Premium,15.66,Yearly,2025-07-28
S11283,3a524d32-3,Basic,5.41,Monthly,2024-05-28
S11284,258d2f55-0,Basic,4.67,Yearly,2024-08-18
S11285,a0c2c848-f,Basic,10.63,Yearly,2024-03-20
S11286,18de2f0d-4,Premium,10.89,Yearly,2024-07-03
S11287,df61bdc9-2,Standard,18.32,Yearly,2021-06-23
S11288,b7f8d329-e,Standard,3.79,Monthly,2024-02-03
S11289,ca2d08a7-2,Premium,11.26,Monthly,2021-06-08
S11290,7249e6ee-4,Standard,17.12,Yearly,2024-08-16
S11291,716a859c-d,Premium,7.01,Monthly,2023-11-08
S11292,2b1a4708-f,Premium,10.97,Monthly,2021-08-17
S11293,27d11c54-5,Premium,14.43,Yearly,2023-05-20
S11294,e803ba82-a,Basic,16.72,Monthly,2022-09-20
S11295,8740939c-3,Standard,8.84,Monthly,2022-03-23
S11296,7d8e3e65-d,Basic,7.53,Yearly,2025-03-10
S11297,1d8cbf75-1,Standard,15.12,Monthly,2023-04-25
S11298,84edd3e6-1,Standard,22.46,Yearly,2025-05-04
S11299,e67dfc95-c,Standard,12.53,Yearly,2021-11-10
S11300,86e3a91e-2,Premium,3.07,Monthly,2021-05-20
S11301,d9d89ee6-7,Basic,4.66,Monthly,2023-04-10
S11302,ce55dede-d,Standard,6.87,Yearly,2022-01-11
S11303,c55794e1-7,Premium,9.55,Monthly,2023-04-28
S11304,ad568e7e-4,Standard,5.48,Yearly,2024-08-01
S11305,64b73018-c,Standard,17.66,Monthly,2025-07-06
S11306,5aebd837-f,Basic,3.82,Yearly,2023-02-27
S11307,26dfc14d-9,Basic,11.59,Yearly,2023-01-25
S11308,b6c4f99c-6,Standard,11.72,Yearly,2023-01-21
S11309,dead76cd-0,Basic,6.9,Yearly,2025-02-19
S11310,e5ef6b95-c,Standard,8.58,Yearly,2025-09-19
S11311,b2e38da7-9,Basic,7.29,Monthly,2023-01-01
S11312,23598c0e-a,Standard,20.95,Monthly,2024-08-01
S11313,e6aa1e5e-2,Basic,23.72,Monthly,2022-05-19
S11314,15d2d947-3,Standard,19.51,Yearly,2025-04-26
S11315,8a832167-e,Premium,20.95,Monthly,2022-03-21
S11316,602b05bd-f,Standard,18.44,Yearly,2025-04-23
S11317,e1715ace-f,Premium,23.91,Monthly,2023-07-09
S11318,783ef9c4-b,Standard,10.96,Monthly,2021-10-28
S11319,481132ef-c,Premium,6.06,Yearly,2023-05-16
S11320,d8d3ee7c-7,Premium,18.58,Monthly,2023-12-26
S11321,61a57ed4-4,Standard,7.0,Yearly,2025-12-15
S11322,ac0ec0f7-3,Standard,3.39,Yearly,2023-10-21
S11323,712a211e-4,Premium,,Yearly,2023-12-31
S11324,7383552f-e,Premium,18.38,Monthly,2025-03-21
S11325,ce4468b7-8,Premium,13.86,Monthly,2022-10-12
S11326,c4c0981d-5,Standard,8.79,Yearly,2022-03-22
S11327,61e288a8-6,Standard,8.93,Yearly,2023-01-19
S11328,a42f0b9a-a,Standard,23.92,Yearly,2021-12-25
S11329,7e1b1008-5,Standard,23.06,Yearly,2022-01-12
S11330,73063ab2-d,Premium,21.96,Yearly,2024-07-31
S11331,,Standard,7.34,Monthly,2023-05-13
S11332,31c2257d-d,Standard,17.71,Monthly,2025-06-14
S11333,84f4b228-9,Basic,23.36,Monthly,2023-07-21
S11334,8361869b-2,Basic,9.29,Yearly,2023-10-03
S11335,c7cfcc35-f,Standard,6.89,Monthly,2022-05-09
S11336,5bc61045-6,Premium,20.27,Yearly,2024-09-13
S11337,be856b5e-9,Premium,4.23,Yearly,2024-12-09
S11338,0840ad14-f,Basic,21.81,Yearly,2024-08-12
S11339,8a0ff8b2-0,Premium,18.91,Monthly,2023-12-13
S11340,2974a20d-b,Standard,20.98,Monthly,2023-06-07
S11341,76be1b96-6,Standard,4.7,Monthly,2025-02-20
S11342,18fe8703-e,Premium,10.74,Monthly,2024-10-25
S11343,79b691b8-2,Premium,4.02,Monthly,2024-01-09
S11344,75aa3b9a-a,Standard,24.43,Yearly,2023-03-09
S11345,8abed590-c,Standard,20.81,Monthly,2024-10-17
S11346,206ba2de-0,Standard,20.94,Yearly,2024-10-10
S11347,0049b8a5-f,Basic,13.93,Monthly,2023-02-17
S11348,a22fd1d8-e,Basic,16.15,Yearly,2021-03-19
S11349,459e6b3e-e,Standard,14.6,Yearly,2022-03-27
S11350,6775cdad-1,Premium,24.7,Monthly,2024-09-17
S11351,7ecbee97-0,Standard,4.94,Monthly,2024-09-26
S11352,5d45a2d4-0,Premium,18.46,Monthly,2024-12-25
S11353,3300a9cd-7,Premium,6.49,Monthly,2024-12-05
S11354,09763621-8,Premium,18.43,Monthly,2023-11-26
S11355,c6ec1ad3-7,Standard,13.37,Monthly,2023-11-28
S11356,a5dd73b0-e,Standard,9.31,Yearly,2025-08-17
S11357,686ec25f-b,Premium,4.72,Monthly,2024-06-15
S11358,6b0c886c-8,Basic,15.08,Yearly,2024-02-13
S11359,becd56c9-7,Basic,15.76,Monthly,2023-04-27
S11360,d31a0327-7,Basic,7.79,Monthly,2025-12-14
S11361,93543abb-a,,24.68,Monthly,2021-11-15
S11362,093f509f-4,Standard,4.15,Yearly,2023-08-16
S11363,e0b4d87e-3,Premium,3.02,Yearly,2021-10-30
S11364,518567dd-5,Basic,16.48,Yearly,2022-02-17
S11365,afb7a856-0,Basic,15.77,Yearly,2022-09-13
S11366,acec44d9-9,Basic,5.29,Monthly,2021-07-22
S11367,c40aae69-6,Premium,10.95,Yearly,
S11368,76ab2c8b-4,Standard,21.57,Yearly,2021-07-12
S11369,bde9372e-a,Standard,3.14,Monthly,2024-10-24
S11370,f1cd4a12-1,Standard,8.38,Yearly,2025-04-03
S11371,1d89a5e1-6,Basic,17.56,Monthly,2021-12-17
S11372,70f4e08d-a,Basic,21.19,Yearly,2022-12-18
S11373,69efa58d-f,Premium,14.5,Monthly,2021-10-17
S11374,b9ec7101-5,Premium,16.05,Monthly,2023-09-14
S11375,b21e66f5-f,Standard,23.93,Yearly,2022-08-12
S11376,3aadafd4-9,Basic,7.91,Monthly,2022-01-10
S11377,4516dc80-1,Premium,6.64,Yearly,2023-08-02
S11378,74e8160d-1,Standard,16.41,Yearly,2025-06-20
S11379,12b4bc36-4,Premium,18.46,Yearly,2021-07-09
S11380,a37a3380-c,Premium,4.13,Monthly,2025-01-13
S11381,a4ff184e-2,Basic,23.06,Monthly,2021-03-22
S11382,ed15a973-5,Basic,19.17,Yearly,2025-09-04
S11383,e4af7e57-d,Standard,19.32,Monthly,2021-08-15
S11384,d6124f00-d,Standard,14.5,Monthly,2024-01-30
S11385,1eee878d-3,Basic,17.19,Monthly,2023-01-05
S11386,42876828-8,Premium,23.59,Monthly,2024-04-13
S11387,a055d834-0,Basic,24.65,Yearly,2023-02-23
S11388,e5aae5af-c,Basic,8.79,Yearly,2022-06-25
S11389,af6ad88e-6,Premium,19.06,Yearly,2022-11-28
S11390,0e1566b1-0,Basic,16.72,Monthly,2025-08-19
S11391,f54ad979-8,Basic,21.68,Monthly,2021-09-06
S11392,8e499eec-5,Basic,22.52,Monthly,2022-07-22
S11393,8f674014-3,Standard ,8.5,Monthly,2022-04-04
S11394,953758ff-0,Standard,14.62,Monthly,2025-02-21
S11395,400e7ad8-2,Standard,19.39,Yearly,2021-05-04
S11396,e95465aa-e,Premium,15.56,Monthly,2022-05-07
S11397,44007021-7,Basic,10.75,Yearly,2025-11-10
S11398,f18f3236-9,Basic,15.05,Yearly,2023-12-09
S11399,,Premium,11.73,Yearly,2025-01-29
S11400,13e309ff-f,Basic,9.14,Yearly,2025-01-21
S11401,db75019f-a,Standard,,Monthly,2024-04-06
S11402,d6da49ca-2,Basic,21.81,Yearly,2025-07-01
S11403,13d36117-e,Standard,16.1,Yearly,2025-03-03
S11404,aebbe2f8-6,Basic,10.46,Yearly,2022-06-30
S11405,5c7bc443-7,Premium,17.13,Monthly,2023-09-14
S11406,c3920c26-9,Standard,24.91,,2024-03-04
S11407,6f18c0a4-5,Premium,18.38,Yearly,2023-06-04
S11408,323ba684-e ,Standard,10.15,Yearly,2024-11-08
S11409,bf228902-d,Standard,12.43,Yearly,2024-05-19
S11410,60326b19-a,Standard,6.96,Monthly,2024-11-07
S11411,18897deb-c,Standard,15.33,Yearly ,2021-06-15
S11412,aaa8a97f-5,Basic,19.51,Yearly,2022-02-27
S11413,044ae2f1-c,Standard,14.06,Yearly,2025-01-11
S11414,dcaf96c2-7,Basic,22.3,Yearly,2024-01-05
S11415,f9ab31ba-4,Premium,9.2,Yearly,2023-04-21
S11416,d1433241-c,Basic,23.13,Yearly,2021-05-26
S11417,e05abf7a-2,Standard,24.58,Monthly,2025-02-20
S11418,3610c994-a,Standard,16.6,Monthly,2023-05-07
S11419,a27b2cf7-7,Standard,20.65,Yearly,2022-12-23
S11420,8b38f109-4,Basic,16.97,Yearly,2024-02-01
S11421,c45faf2d-5,Premium,7.26,Yearly,2024-03-24
S11422,8c50d53c-4,Basic,22.22,Monthly,2022-05-27
S11423,1b9d447d-4,Basic,13.41,Monthly,2024-11-09
S11424,1e3b03f2-3,Premium,12.63,Yearly,2023-05-31
S11425,e760a955-2,Basic,8.43,Yearly,2022-03-29
S11426,15c798e3-f,Standard,10.27,Monthly,2024-10-08
S11427,f5edcce6-4,Basic,21.49,Monthly,2022-10-06
S11428,58f26c3b-c,Basic,15.87,Monthly,2021-07-22
S11429,26f56316-5,Standard,3.18,Monthly,2025-05-03
S11430,79a8df6d-6,Premium,10.11,Yearly,2021-09-20
S11431,cf1aaf71-5,Basic,15.6,Monthly,2025-11-18
S11432,bfcf1387-4,Premium,10.25,Yearly,2022-06-26
S11433,4c62aa04-2,Premium,20.19,Yearly,2021-07-28
S11434,3598d160-6,Standard,7.39,Monthly,2024-03-29
S11435,8dc08af5-8,Standard,5.9,Yearly,2024-11-24
S11436,af251907-b,Basic,10.72,Yearly,2025-03-24
S11437,dce5d16d-b,Standard,10.26,Monthly,2025-10-06
S11438,5e9616e2-e,Basic,16.93,Monthly,2021-08-09
S11439,ca00f629-c,standard,10.13,Monthly,2023-06-01
S11440,614ed8f1-a,Basic,15.05,Yearly,2024-04-29
S11441,b1ace90d-9,Premium,22.57,Monthly,2023-12-14
S11442,99174dac-5,Premium,11.55,Monthly,2022-11-10
S11443,63d5028a-3,Standard,12.16,Yearly,2022-07-18
S11444,f123cb1a-7,Standard,8.55,Monthly,2021-02-20
S11445,53ae2ecf-e,Premium,8.79,Yearly,2025-11-20
S11446,221599d7-3,Basic,4.47,Yearly,2024-08-12
S11447,bfdde50e-1,Premium,7.7,Yearly,2025-03-09
S11448,ec3e0eb6-a,Basic,7.26,Yearly,2023-01-06
S11449,8629ef1d-b,Standard,17.27,Yearly,2024-05-04
S11450,72adfa72-e,Premium,11.9,Yearly,2024-04-27
S11451,d5bc85d5-e,Standard,20.46,Yearly,2025-09-05
S11452,c1da52f8-8,Basic,5.54,Yearly,2023-12-05
S11453,f66a6009-9,Standard,10.48,Yearly,2025-10-06
S11454,33333389-b,Basic,19.58,Yearly,2024-10-08
S11455,9ee1af0d-6,Basic,13.26,Yearly,2023-07-10
S11456,8ad4dc1d-0,Standard,11.66,Yearly,2023-05-15
S11457,c0da97aa-6,Standard,10.97,Yearly,2024-03-16
S11458,21f917b5-2,Standard,20.42,Yearly,2021-11-05
S11459,08620eca-8,Standard,12.81,Yearly,2021-12-14
S11460,c18658fd-5,Premium,23.27,Yearly,2022-09-11
S11461,5cdb10b0-0,Premium,16.53,Monthly,2024-05-19
S11462,8eb754d1-8,Basic,14.64,Monthly,2023-03-08
S11463,2a57eb5e-4,Standard,18.73,Yearly,2022-01-10
S11464,87949a4f-0,Standard,13.91,Yearly,2024-03-08
S11465,dc167077-2,Basic,11.97,Monthly,2021-02-10
S11466,e48bf233-b,Basic,6.79,Monthly,2025-03-25
S11467,f9a16b25-5,Premium,5.32,Yearly,2025-11-15
S11468,b5685119-8,Basic,,Yearly,2024-10-02
S11469,24c33169-c,Standard,15.8,Yearly,2022-11-17
S11470,3a1026f4-c,Standard,10.21,Monthly,2025-10-24
S11471,f0744e26-0,Basic,9.92,Monthly,2021-02-17
S11472,ee3cee50-a,Standard,14.64,Yearly,2024-07-15
S11473,21391550-d,Premium,23.74,Yearly,2023-10-23
S11474,7a8af194-c,Premium,20.82,Yearly,2023-11-02
S11475,054c9a19-0,Standard,12.93,Yearly,2021-03-25
S11476,e40ea30f-4,Premium,12.32,Yearly,2021-12-19
S11477,07cdbd36-2,Standard,4.88,Yearly,2024-12-25
S11478,a7810a27-9,Premium,19.09,Monthly,
S11479,2b8ea12e-e,Premium,17.1,Yearly,2024-11-29
S11480,fb384d70-3,Standard,6.67,Monthly,2025-07-16
S11481,3069d9d8-7,Premium,3.68,Yearly,2021-10-28
S11482,12cac9b8-5,Standard,18.68,Yearly,2024-06-23
S11483,f502f7f3-e,Premium,11.57,Monthly ,2024-12-11
S11484,f7e035a5-3,Standard,21.57,Monthly,2023-05-06
S11485,8832c01d-c,Basic,8.52,Yearly,2022-07-14
S11486,16f3e113-8,,12.35,Monthly,2022-06-20
S11487,f7ad5bcb-c,Standard,21.25,Monthly,2025-04-19
S11488,b3f5d332-1,Basic,6.26,Monthly,2023-05-22
S11489,d96537f4-6,Standard,15.64,Monthly,2026-02-03
S11490,e77e899d-2,Premium,,Yearly,2023-12-26
S11491,284766fe-9,Standard,24.02,Monthly,2025-02-13
S11492,66ff0dcc-e,Basic,23.16,Yearly,2026-01-05
S11493,92aa2419-f,Standard,3.95,Yearly,2023-01-01
S11494,5cf02499-2,Premium,4.88,Yearly,2024-10-22
S11495,e91e5fde-9,Basic,17.02,Monthly,2023-04-03
S11496,71b827ed-9,Basic,11.13,Yearly,2022-08-24
S11497,b6fc0b7f-e,Premium,24.92,Yearly,2023-12-04
S11498,b04715dd-4,Standard,20.31,Yearly,2021-05-20
S11499,8f4059b0-c,Basic,6.91,Monthly,2025-02-22
S11500,888152d3-0,Premium,15.33,Yearly,2023-11-22
S11501,915ed92d-c,Standard,18.61,Monthly,2021-07-13
S11502,376c4c66-a,Basic,8.22,Yearly,2025-01-01
S11503,29cccd78-0,Basic,10.35,Yearly,2021-06-17
S11504,a40303bd-5,Premium,17.25,Monthly,2025-12-30
S11505,f62016d5-7,Standard,12.61,Monthly,2023-12-26
S11506,f4e86a9f-e,Standard,19.34,Monthly,2021-03-13
S11507,94ad519f-2,Standard,24.2,Monthly,2025-06-13
S11508,38728f21-b,Standard,8.39,Monthly,2022-07-06
S11509,5f9fb9cf-5,Standard,24.75,Yearly,2022-03-28
S11510,59c0402a-b,Basic,24.32,Monthly,2024-11-03
S11511,4113090e-7,Standard,7.22,Yearly,2021-04-15
S11512,ed7fa04f-4,Standard,14.07,Yearly,2024-04-23
S11513,e9f233d0-2,Standard,3.8,Monthly,2023-11-20
S11514,ed77dc2c-a,Standard,18.53,Yearly,2022-03-02
S11515,0c35700f-7,Standard,13.0,monthly,2023-01-06
S11516,eff2cd0a-5,Premium,21.57,Yearly,2025-01-26
S11517,c99dc6a8-a,Standard,12.68,Monthly,2022-12-01
S11518,2a8396f8-7,Basic,8.61,Monthly,2022-11-03
S11519,4dbb8a96-5,Standard,15.6,Yearly,2024-03-25
S11520,5dfaa938-9,Premium,3.2,Monthly,2022-03-15
S11521,6adb414e-0,Premium,15.73,Yearly,2025-08-20
S11522,,Standard,24.65,Yearly,2022-09-13
S11523,430c5a5a-4,Premium,24.14,Yearly,2023-02-17
S11524,1ef8e67d-9,Basic,24.03,Yearly,2022-09-08
S11525,f0e6ca1f-1,Standard,10.0,Monthly,2023-01-12
S11526,cd0271ce-c,Basic,14.86,Monthly,2022-04-14
S11527,a600d00a-1,Premium,21.36,Monthly,2025-05-12
S11528,c195095b-1,Premium,,Yearly,2022-10-21
S11529,a85311b0-3,Premium,17.91,Yearly,2024-12-14
S11530,57ef6e3c-1,Premium,24.88,Monthly,2025-12-26
S11531,7fb27889-f,Standard,17.23,Monthly,2025-08-29
S11532,708bf2d5-f,Basic,18.27,Yearly,2025-12-21
S11533,e1e012b7-7,Basic,15.61,Yearly,2024-10-18
S11534,e4ce3cc7-5,Premium,20.2,Monthly,2022-05-23
S11535,be7a8bab-3,Standard,22.18,Monthly,2025-05-25
S11536,981caadc-1,Premium,9.14,Monthly,2021-10-26
S11537,3d1dcb88-0,Standard,12.1,Yearly,2021-08-15
S11538,a4906606-0,Basic,17.79,Monthly,2021-12-30
S11539,6af0b91d-8,Standard,9.63,Monthly,2022-09-19
S11540,9658ea83-5,Standard,16.08,Monthly,2023-05-15
S11541,c0223da1-f,Standard,9.06,Monthly,2021-09-08
S11542,098413d3-5,Premium,6.56,Monthly,2024-05-04
S11543,5b167fa3-6,Premium,24.65,Yearly,2025-04-10
S11544,d978540c-0,Premium,14.55,Yearly,2024-06-22
S11545,f051c732-0,Standard,9.53,Monthly,2021-03-19
S11546,74615262-0,Standard,7.27,Yearly,2023-12-27
S11547,0df64cb5-0,Standard,10.18,Yearly,2024-01-27
S11548,4bd68022-6,Basic,6.25,Monthly,2022-09-20
S11549,fc2bee74-4,Basic,19.63,Yearly,2024-08-16
S11550,667725c6-a,Premium,8.08,Monthly,2023-01-22
S11551,aa47c29f-7,Basic,19.17,Yearly,2021-03-09
S11552,a8a8e65e-b,Premium,21.22,Yearly,2023-10-01
S11553,f5c3dcd4-9,Basic,20.66,Yearly,2023-04-23
S11554,3c2bb5ce-8,Basic,23.56,Monthly,2025-04-25
S11555,e50ade2d-b,Premium,8.03,Monthly,2024-04-04
S11556,cfeecbf9-5,Premium,24.07,Monthly,2024-09-27
S11557,b275fa67-9,Standard,10.82,Yearly,2025-01-31
S11558,c77901c9-5,Standard,15.68,Monthly,2022-04-13
S11559,0989dc11-a,Premium,21.75,Monthly,2023-11-16
S11560,a7706a4e-3,Standard,4.69,Yearly,2026-02-03
S11561,a4d16443-a,Standard,7.02,Yearly,2024-09-04
S11562,39c7f6dc-a,Basic,6.14,Monthly,2025-12-04
S11563,7c17c8c6-0,Standard,10.31,Yearly,2023-04-28
S11564,2b139410-8,Basic,17.64,Monthly,2026-01-13
S11565,5224ca7d-6,Standard,21.11,Monthly,2025-10-06
S11566,0033cedb-c,Standard,13.55,Monthly,2025-11-07
S11567,,Standard,10.56,Monthly,2024-03-26
S11568,ddab1b43-5,Premium,22.03,Monthly,2025-02-17
S11569,0b5ba6fa-7,Basic,12.08,Monthly,2021-12-02
S11570,bf0a1dcb-f,Premium,5.26,Yearly,2022-05-23
S11571,029f2c83-2,Basic,,Monthly,2021-10-12
S11572,87815125-e,Standard,22.46,Monthly,2021-03-01
S11573,1f463ddc-2,Standard,5.88,Monthly,2021-11-13
S11574,a2b04ab6-0,Standard,13.58,Monthly,2024-12-19
S11575,7ab62ae6-f,Premium,6.6,Monthly,2025-12-17
S11576,7b5b7ca4-1,Standard,7.98,Monthly,2023-04-05
S11577,8ad9c1c4-f,Premium,18.63,Yearly,2022-06-14
S11578,19e0b84f-8,Basic,19.51,Yearly,2025-08-05
S11579,e163211a-7,,6.35,Monthly,2021-03-10
S11580,04e9ec37-c,Premium,23.32,Monthly,2025-02-02
S11581,81bb5d4b-7,Standard,3.75,Yearly,2025-07-28
S11582,bd89e50a-3,Premium,18.51,Monthly,2024-07-12
S11583,1359cede-e,Premium,8.42,Yearly,2021-05-08
S11584,6c49563d-0,Basic,7.39,Monthly,2024-01-20
S11585,6f979bcf-c,Premium,11.09,Yearly,2022-07-08
S11586,5a42f8a5-6,basic,23.46,Monthly,2023-11-20
S11587,90073e60-9,Premium,5.66,Yearly,2025-05-17
S11588,e01fd481-d,Standard,14.51,Monthly,2023-01-03
S11589,c1186be1-4,Premium,3.81,Monthly,2023-03-18
S11590,3a8de592-1,Standard,19.1,Monthly,2023-11-16
S11591,0dc25955-6,Premium,6.89,Monthly,2023-02-02
S11592,a579e5fb-d,Basic,18.52,Monthly,2023-12-15
S11593,ba173c16-a,Standard,20.29,Yearly,2022-04-17
S11594,b1b37070-f,Standard,4.89,Monthly,2025-12-29
S11595,ee004690-7,Standard,10.73,Monthly,2022-06-11
S11596,80a9a1b5-b,Basic,11.67,Yearly,2021-07-16
S11597,508b87f3-8,Basic,16.87,Yearly,2023-11-05
S11598,c7aa4842-5,Pr3mium,5.73,Monthly,2025-05-25
S11599,01419670-0,Premium,21.62,Monthly,2023-06-16
S11600,62cb0452-5,Standard,11.25,Yearly,2022-01-08
S11601,8fd666e0-6,Premium,23.02,Yearly,2021-05-13
S11602,954254f9-8,Premium,7.57,Yearly,2026-01-05
S11603,ddb53d2b-6,Premium,11.26,Monthly,2021-11-25
S11604,40de32aa-c,Standard,3.9,Monthly,2021-05-17
S11605,7ce5caca-0,,12.39,Yearly,2025-09-23
S11606,9f055873-d,Standard,10.63,Yearly,2023-04-07
S11607,70128a44-6,Premium,11.69,Monthly,2024-07-11
S11608,319bb4ac-3,Premium,11.56,Yearly,2023-05-28
S11609,24131df9-2,Standard,19.24,Yearly,2024-05-13
S11610,9379c9ce-0,Standard,20.38,Yearly,2024-08-29
S11611,892e28fc-3,Standard,6.07,Yearly,2022-03-09
S11612,98204a10-7,Basic,13.24,Yearly,2022-03-11
S11613,14f2df5e-e,Basic,20.66,Yearly,2022-02-21
S11614,a8625a54-5,Premium,15.89,Yearly,2024-02-27
S11615,3a5584de-d,Standard,13.24,Monthly,2023-07-28
S11616,1af674c0-6,Basic,16.18,Yearly,2021-12-20
S11617,b0b8d7b2-c,Basic,17.66,Monthly,2024-07-31
S11618,7f08678e-7,Premium,8.05,Monthly,2023-07-10
S11619,6790c8c8-4,Basic,10.14,Monthly,2022-04-04
S11620,caf1a8e9-2,Premium,5.27,Yearly,2022-11-17
S11621,b67a1d68-5,Premium,20.54,Yearly,2022-07-19
S11622,6e03d2b9-3,Premium,16.45,Yearly,2022-03-02
S11623,980e92ee-8,Pr3mium,17.97,Yearly,2024-04-26
S11624,8c9a2678-0,Basic,14.09,Yearly,2025-08-19
S11625,1fd19f54-5,Premium,21.98,Monthly,2025-05-16
S11626,19840214-f,Basic,7.9,Monthly,2025-01-20
S11627,6ac850eb-0,Premium,7.97,Yearly,2022-02-18
S11628,a51db708-3,Premium,18.45,Monthly,2022-05-06
S11629,20f2cde0-6,Premium,4.62,Yearly,2022-01-15
S11630,d3d37a6b-3,Basic,22.48,Yearly,2023-11-17
S11631,d3ee1cb5-7,Premium,17.92,Yearly,2025-11-01
S11632,20b0cfd7-3,Basic,20.43,Yearly,2023-11-14
S11633,d21ed092-f,Standard,24.29,Monthly,2022-08-31
S11634,75a8f5bf-a,Basic,23.5,Yearly,2023-12-23
S11635,a9d404ec-2,Standard,10.68,Yearly,2021-03-02
S11636,d29eafd6-4,Basic,23.36,Monthly,2024-06-13
S11637,82d1f933-1,Basic,21.01,Monthly,2023-10-04
S11638,0eda8f25-6,Premium,6.94,Yearly,2025-09-02
S11639,f1c93d94-e,Standard,,Yearly,2022-06-22
S11640,58b6d4bf-2,Premium,21.37,Yearly,2022-10-09
S11641,c3be283c-5,Standard,23.25,Monthly,2023-07-26
S11642,d0c8782e-7,Basic,24.78,Monthly,2024-11-18
S11643,6b267b22-5,Standard,3.68,Yearly,2022-06-21
S11644,47724c68-5,Standard,20.89,Monthly,2025-02-23
S11645,f2cb57a3-1,Basic,12.06,Yearly,2025-07-15
S11646,5adca9c6-9,Basic,15.03,Yearly,2024-05-16
S11647,fbe2d664-5,Standard,9.15,Monthly,2024-11-13
S11648,27783922-8,Premium,19.04,Yearly,2023-06-11
S11649,f3301d82-7,Basic,18.98,Monthly,2024-05-23
S11650,12a3b183-f,Basic,11.97,Monthly,2022-08-10
S11651,ea98afb8-5,Standard,19.58,Monthly,2025-11-23
S11652,0ef89aae-d,Standard,3.54,Monthly,2024-09-28
S11653,a50e6776-2,Standard,17.58,Monthly,2024-12-04
S11654,7a61af82-f,Basic,24.81,Yearly,2023-07-11
S11655,1edacfa8-f,Basic,7.49,Monthly,2024-10-01
S11656,,Standard,12.59,Yearly,2023-10-16
S11657,53f390ef-5,Premium,17.13,Yearly,2024-05-30
S11658,6e0b9bbd-1,Basic,21.49,Monthly,2023-07-27
S11659,f5f3de10-5,Standard,21.14,Yearly,2023-08-24
S11660,8f31f768-a,Basic,13.8,Yearly,2021-11-12
S11661,d74f8fe1-b,Premium,10.07,Monthly,2025-07-30
S11662,81b36e69-7,Standard,14.54,Yearly,2024-09-20
S11663,3eeb6761-d,Premium,17.44,Yearly,2022-11-16
S11664,31c2e30f-9,Basic,8.46,Monthly,2021-03-26
S11665,e7bfbcd8-3,Premium,3.03,Monthly,2025-08-29
S11666,038b6d63-6,Basic,10.56,Yearly,2025-09-09
S11667,72be395a-4,Premium,12.3,Yearly,2024-03-29
S11668,33510ce6-f,Basic,15.13,Yearly,2022-12-10
S11669,90d7b5ec-0,Premium,14.54,Monthly,2022-04-22
S11670,0ed63b17-6,Basic,5.6,Monthly,2021-02-12
S11671,5185289a-6,Standard,24.01,Yearly,2022-01-05
S11672,fa9c6a61-b,Basic,13.67,Monthly,2023-06-27
S11673,d2a8940d-e,Standard,18.03,Monthly,2022-11-16
S11674,30be7af3-c,Premium,14.31,Yearly,2024-08-03
S11675,e293df71-d,Basic,5.69,Yearly,2025-10-27
S11676,fb8c73c7-a,Basic,21.23,Monthly,2021-12-16
S11677,c74d20d3-0,Premium,11.18,Monthly,2025-10-16
S11678,349b19a4-e,Premium,20.44,Monthly,2025-07-30
S11679,a9b6230a-d,Basic,16.47,Monthly,2023-08-18
S11680,26f3900f-a,Premium,16.48,Monthly,2023-08-06
S11681,4f1e9279-6,Premium,11.34,Yearly,2023-10-28
S11682,a1d676d4-e,Premium,23.85,Monthly,2021-09-27
S11683,e01356a9-a,Premium,19.81,Yearly,2021-04-15
S11684,3682092f-1,Basic,5.17,Monthly,2024-11-01
S11685,56a9bfbd-8,Basic,3.35,Yearly,2025-04-11
S11686,67c102b6-4,Standard,21.33,Monthly,2024-06-06
S11687,995256fe-c,Standard,16.95,Monthly,
S11688,171d6051-5,Basic,23.31,Yearly,2021-06-21
S11689,7f06b7c6-a,Premium,11.35,Monthly,2022-07-05
S11690,1e5bbe46-e,Standard,4.57,Yearly,2023-09-06
S11691,fc486aed-4,Basic,13.0,Monthly,2023-03-16
S11692,de5b7c37-9,Basic,17.18,Yearly,2023-12-02
S11693,60a2df3d-b,Premium,20.13,Monthly,2022-02-23
S11694,b58f20dc-d,Premium,9.65,Monthly,2025-04-23
S11695,e2d906f7-0,Standard,18.74,Yearly,2024-08-24
S11696,7e445c57-e,Standard,11.83,Monthly,2023-07-19
S11697,d525e31c-a,Premium,19.43,Monthly,2021-10-24
S11698,61ba5795-f,Standard,10.21,Yearly,2024-06-19
S11699,26786723-4,Standard,9.39,Yearly,2025-02-01
S11700,c9c60763-4,Basic,23.09,Yearly,2025-03-04
S11701,fcdcde2d-6,Standard,14.01,Monthly,2022-02-04
S11702,5029b7b9-7,Premium,7.4,Yearly,2024-08-11
S11703,ffd5b418-9,Premium,8.56,Monthly,2021-03-10
S11704,97a22541-4,Premium,20.74,Yearly,2022-04-12
S11705,15bc0e1a-d,,7.89,Yearly,2024-07-24
S11706,91cecb31-6,Basic,,Monthly,2023-03-13
S11707,5671ab4d-5,Standard,15.65,Yearly,2025-03-16
S11708,97310d44-b,Standard,15.16,Yearly,2021-08-04
S11709,aaee3dad-b,Basic,4.04,Monthly,
S11710,2a2cb44b-c,Premium,8.21,Yearly,2023-05-28
S11711,63eb2a0c-4,Basic,14.44,Yearly,2022-05-09
S11712,48692edf-9,Basic,15.47,Yearly,2026-01-20
S11713,d3e20d3e-6,Standard,23.47,Monthly,2022-12-22
S11714,2c6443a0-a,Basic,3.51,Monthly,2024-12-23
S11715,3466dbeb-2,Basic,12.82,Yearly,2021-10-16
S11716,eafeee46-1,Premium,4.36,Yearly,2021-03-28
S11717,a2a3512e-d,Premium,16.41,Monthly,2023-12-19
S11718,a2724641-8,Premium,16.97,Yearly,2025-09-29
S11719,e233994d-7,Premium,19.1,Yearly,2021-08-04
S11720,936c45f0-5,Basic,7.11,Yearly,2022-12-21
S11721,b0fd9fb7-f,Premium,,Yearly,2025-09-20
S11722,9c09adce-8,,4.01,,2024-11-09
S11723,b5abc96d-d,Basic,3.38,Monthly,2024-02-20
S11724,a0e8e883-0,Standard,17.62,Yearly,2025-05-08
S11725,c495eb56-2,Standard,15.22,Monthly,2021-03-25
S11726,4f45ec7b-1,Basic,20.78,Yearly,2023-10-03
S11727,a83d50f5-f,Basic,11.66,Yearly,2025-05-02
S11728,9789be59-f,Standard,13.63,Monthly,2024-04-19
S11729,5e547936-f,Premium,18.49,Monthly,2025-07-24
S11730,1a75718f-f,Standard,24.23,Yearly,2023-11-29
S11731,8b0a6d33-e,Premium,11.49,Yearly,2024-04-12
S11732,c23b31f1-e,Standard,17.51,Monthly,2023-10-23
S11733,9b05118c-b,Premium,18.51,Yearly,
S11734,005841ae-c,Premium,23.01,Yearly,2023-06-14
S11735,953e661c-0,Basic,10.88,Yearly,2025-12-13
S11736,761c1268-6,Basic,3.52,yearly,2022-01-09
S11737,a15939c7-a,Standard,13.76,Yearly,2023-04-30
S11738,af192d54-1,Basic,17.27,Monthly,2025-08-03
S11739,3a7d43fe-1,Basic,8.31,Monthly,2024-06-17
S11740,ebfe2d37-6,Premium,11.08,Monthly,2022-02-25
S11741,80464d17-a,Basic,15.14,Yearly,2025-02-28
S11742,c7e67873-4,Standard,10.24,Monthly,2025-11-11
S11743,8864b1ff-5,Basic,12.42,Yearly,2022-04-16
S11744,04eea1e5-e,Basic,18.88,Yearly,2022-04-28
S11745,7b810d95-3,Premium,16.59,Monthly,2023-06-02
S11746,0ae901ef-0,Standard,8.77,Yearly,2023-04-21
S11747,ad153894-5,basic,10.08,Yearly,2024-06-27
S11748,e652b0c0-3,Basic,16.82,Yearly,2025-11-27
S11749,05b37ec7-5,Basic,7.22,Monthly,2025-06-19
S11750,08a8a571-e,Standard,7.86,Yearly,2023-06-13
S11751,887f5540-b,Standard,8.39,Yearly,2024-08-15
S11752,24130e2d-8,Premium,6.14,Yearly,2026-02-03
S11753,2286ed81-6,Basic,5.65,Monthly,2022-11-28
S11754,f60988a3-3,Premium,4.4,Monthly,2023-10-16
S11755,38f51546-4,Basic,16.51,Monthly,2024-06-06
S11756,58893028-b,Standard,3.3,Monthly,2023-04-11
S11757,9f67d273-1,Basic,3.24,Yearly,2024-08-22
S11758,80ac29c8-6,Standard,4.0,Monthly,2025-03-06
S11759,d9a7add2-d,Standard,9.65,Monthly,2023-03-31
S11760,5a1ad582-0,Premium,,Monthly,2023-12-26
S11761,92e92dfe-a,Standard,16.94,Monthly,2024-11-26
S11762,9772674a-8,Standard,22.37,Monthly,2022-12-17
S11763,68dc359c-3,Basic,21.17,Yearly,2023-11-19
S11764,5cebb423-e,Basic,5.52,Yearly,2024-07-04
S11765,87b26298-7,Basic,15.2,Monthly,2025-08-29
S11766,e78aeb81-a,Basic,3.22,Monthly,2025-12-19
S11767,1cf3df1d-2,Basic,3.72,Monthly,2023-10-30
S11768,9ce2863a-f,Standard,5.44,Monthly,2021-06-24
S11769,a9fb3f55-d,Standard,18.93,Monthly,2022-09-30
S11770,637bcc45-9,Basic,21.19,Yearly,2022-12-23
S11771,bbefd62f-3,Basic,19.7,Monthly,2021-05-19
S11772,c1680dd8-c,Basic,12.86,Yearly,2022-07-07
S11773,7f3ec9bd-2,Standard,15.03,Yearly,2024-02-10
S11774,51ca4278-4,Standard,15.51,Yearly,2025-11-30
S11775,baa444c0-8,Standard,5.43,Monthly,2021-12-14
S11776,a6b97fce-4,Standard,3.35,Monthly,2025-05-03
S11777,f34ef351-d,Premium,15.52,Monthly,2023-10-26
S11778,e701961c-2,Basic,10.22,Monthly,2025-01-25
S11779,06e0b9cf-7,Standard,4.67,Monthly,2023-01-04
S11780,1d912297-4,Basic,19.18,Yearly,2025-01-19
S11781,96d4b161-2,Standard,4.24,Yearly,2025-11-22
S11782,6c40e4b7-a,Premium,18.5,Yearly,
S11783,4744a42a-c,Basic,13.43,Monthly,2024-07-08
S11784,3613c36f-8,Basic,16.01,Yearly,2026-01-07
S11785,c807a967-9,Standard,4.09,Yearly,2021-02-27
S11786,f7c5a959-8,Standard,11.71,Monthly,2024-05-01
S11787,48ab764c-8,Basic,10.11,Yearly,2024-03-02
S11788,aeb184d4-4,Standard,14.95,Yearly,2024-03-15
S11789,f7d365a2-8,Premium,5.41,Monthly,2025-09-06
S11790,861e58ea-9,Standard,19.63,Yearly,2022-10-06
S11791,a242972b-d,Premium,20.04,Yearly,2023-03-11
S11792,c7d0685a-f,Premium,8.88,Yearly,2023-08-15
S11793,11be1b8c-5,Premium,3.39,Yearly,2023-04-15
S11794,807213f4-3,Premium,14.68,Monthly,2021-02-24
S11795,03a85175-0,Standard,19.84,Yearly,2022-04-03
S11796,b2de4987-2,Standard,21.32,Monthly,2025-10-20
S11797,255fae2b-5,Premium,7.82,Monthly,2022-11-13
S11798,912fb0ec-7,Basic,13.79,Yearly,2022-10-05
S11799,80159867-6,Basic,18.74,Monthly,2022-08-20
S11800,d8ec94ef-2,Basic,8.64,Yearly,2025-06-08
S11801,08b02c4d-9,Premium,6.52,,2022-08-19
S11802,404884cc-0,Premium,15.85,Monthly,2023-06-01
S11803,ae77592a-6,Premium,11.57,Monthly,2023-11-23
S11804,d9c592c1-8,Basic,18.07,Yearly,2021-04-23
S11805,80329d4e-1,Premium,14.82,Monthly,2025-12-02
S11806,0b18e25f-a,Standard,10.06,Yearly,2021-07-29
S11807,dd9f1c6b-a,Premium,15.59,Yearly,2025-10-09
S11808,54b54e17-8,Basic,16.76,Yearly,2022-09-09
S11809,e29ff6c6-0,Standard,16.16,Yearly,2023-04-13
S11810,32dcd0d3-0,Premium,4.25,Monthly,2021-09-06
S11811,e8848527-8,Premium,22.09,Monthly,2025-06-23
S11812,d0126080-1,Basic,21.7,Yearly,2021-11-20
S11813,77037988-e,Basic,17.35,Yearly,2021-06-03
S11814,2e7f0476-0,Standard,13.36,Yearly,2024-03-19
S11815,f6439bf2-5,Basic,21.91,Yearly,2024-02-01
S11816,2607fa2f-a,Standard,9.31,Yearly,2025-05-25
S11817,12ba6952-8,Standard,5.55,Yearly,2021-08-13
S11818,7da1102f-f,Basic,5.22,Yearly,2026-01-03
S11819,0612d6b1-a,Standard,22.35,Yearly,2023-01-06
S11820,9d4bb384-0,Standard,24.63,Yearly,2022-10-09
S11821,bae9c974-e,Basic,7.62,Yearly,2023-01-11
S11822,0eb3c92e-7,Basic,16.59,Yearly,2024-12-12
S11823,2d22204c-e,Standard,24.23,Yearly,2022-12-26
S11824,b1cd43e0-6,Standard,5.32,Monthly,2023-01-29
S11825,027eba6c-4,Basic,4.62,Yearly,2025-06-11
S11826,f7198960-a,Basic,10.97,Yearly,2024-12-08
S11827,4cf9fb91-5,Standard,14.54,Monthly,2022-03-29
S11828,6f92ac77-f,Pr3mium,4.86,Monthly,2022-01-31
S11829,d733b926-2,Basic,9.2,Yearly,2025-04-11
S11830,575927d6-2,Standard,21.06,Monthly,2024-08-27
S11831,f65774e0-1,Premium,22.5,Yearly,2022-10-17
S11832,22090d8e-8,Standard,24.85,Yearly,2022-12-09
S11833,458ee7f4-5,Basic,7.52,Monthly,2022-03-19
S11834,6aafef91-f,Standard,7.15,Yearly,2024-07-11
S11835,c89fa086-e,Premium,3.4,Monthly,2023-09-09
S11836,9298af16-a,Basic,23.5,Yearly,2024-04-20
S11837,3228b670-c,Premium,15.71,Monthly,2025-02-27
S11838,c60f0a9d-9,Basic,10.79,Yearly,2022-06-26
S11839,9e866bd2-c,Standard,7.46,Yearly,2022-01-08
S11840,a16128a0-d,Premium,11.39,Monthly,2023-02-10
S11841,0d6ff625-0,Basic,8.06,Monthly,2022-06-09
S11842,eeec943b-b,Basic,9.33,Monthly,2023-12-03
S11843,c1cc9113-3,Basic,7.22,Yearly,2021-02-09
S11844,8267bff7-e,Standard,17.48,Yearly,2021-08-24
S11845,641fa6a5-9,Standard,24.52,Monthly,2021-04-13
S11846,b4b55138-6,Premium,3.79,Yearly,2024-10-15
S11847,5514731f-7,Basic,9.41,Monthly,2022-07-19
S11848,8af8bb06-1,Premium,13.12,Yearly,2025-12-09
S11849,ece2d33e-1,Basic,8.87,Yearly,2021-02-10
S11850,ad390e2a-7,Basic,21.54,Monthly,2021-12-06
S11851,114ee0c6-0,Premium,12.11,Yearly,2022-04-12
S11852,56490b1d-0,Standard,15.25,Yearly,2025-12-30
S11853,fffde5eb-7,Premium ,15.95,Monthly,2023-04-09
S11854,458c9efc-f,Basic,6.79,Yearly,2024-04-25
S11855,6818fb53-c,Standard,21.56,Yearly,2022-03-27
S11856,f988ce3b-2,Basic,11.96,Monthly,2023-02-06
S11857,e350b6d9-b,Basic,6.65,Yearly,2024-01-29
S11858,2afd1d2b-3,Standard,13.04,Yearly,2022-09-27
S11859,61d60dc8-9,Premium,24.34,Monthly,2023-04-07
S11860,50387799-4,Basic,9.58,Monthly,2023-04-01
S11861,c929ef9b-9,Basic,19.75,Monthly,2022-08-28
S11862,54262a1f-4,Basic,9.69,Yearly,2021-09-23
S11863,fefb010d-7,Premium,4.15,Monthly,2023-01-16
S11864,ba54caad-8,Basic,20.67,Yearly,2022-12-14
S11865,899b4aa1-1,Basic,23.0,Monthly,2021-04-17
S11866,f40d9647-a,Premium,3.44,Yearly,2023-09-18
S11867,25821564-5,Basic,15.38,Monthly,2025-10-22
S11868,dccb8754-b,Basic,22.14,Yearly,2021-08-12
S11869,2c90862e-4,Standard,4.67,Yearly,2022-12-15
S11870,d167163b-d,Premium,17.72,Monthly,
S11871,2c8b0fc6-a,Premium,21.76,Yearly,2024-03-09
S11872,fa77b278-a,Premium,24.99,Yearly,2021-12-26
S11873,9fc32665-7,Premium,4.06,Monthly,2022-06-04
S11874,ccc672df-a,Premium,6.26,Monthly,2022-11-09
S11875,90c66f5a-8,Basic,10.01,Yearly,2023-01-31
S11876,e4602b9e-2,Premium,15.05,Yearly,2024-10-07
S11877,1f5f7410-6,Basic,12.53,Monthly,2023-10-05
S11878,f1af193e-f,Premium,3.38,Monthly ,2025-02-12
S11879,1d215a2e-a,Basic,8.77,Yearly,2022-06-30
S11880,f3dd39aa-7,Basic,21.16,Yearly,2021-09-14
S11881,aa887b73-c,Premium,13.81,Monthly,2025-07-09
S11882,01b133be-3,Standard,16.28,Yearly,2024-05-11
S11883,1acf3c10-b,Premium,8.48,Monthly,2025-08-11
S11884,93c16d6c-c,Basic,6.02,Monthly,2021-12-10
S11885,3961e632-a,Basic,10.01,Monthly,2022-07-05
S11886,96562689-7,Standard,21.27,Monthly,2025-05-11
S11887,09beecd5-1,Standard,6.72,Yearly,2023-01-17
S11888,2e642503-c,Basic,7.79,Yearly,2022-05-04
S11889,7ffb7d0a-7,Basic,16.3,Monthly,2024-04-14
S11890,13a2f4f8-5,Basic,23.49,Monthly,2025-06-02
S11891,563607f0-b,Basic,19.87,Yearly,2024-12-03
S11892,c80b39ba-b,Premium,22.4,Monthly,2026-02-01
S11893,cb3b9b15-6,Standard,3.39,Yearly,2023-07-03
S11894,d1086b43-2,Basic,20.01,Monthly,2021-06-18
S11895,a3c1adbf-f,Premium,13.62,Monthly,2021-10-14
S11896,8cde4278-a,Premium,9.67,Yearly,2021-12-11
S11897,54475ec1-6,Standard,6.3,Monthly,2022-11-09
S11898,f72a4764-c,Basic,14.84,Monthly,2023-07-17
S11899,aa0fef78-2,Premium,12.41,Monthly,2023-03-09
S11900,06495ca7-8,Standard,16.38,Monthly,2025-01-29
S11901,b8bfa0ad-a,Standard,6.78,Yearly,2024-01-26
S11902,98499214-8,Basic,15.67,Yearly,2023-03-26
S11903,430c0ca8-3,Standard,15.51,Monthly,2022-11-14
S11904,7d3c0ffa-5,Premium,8.04,Monthly,2024-07-14
S11905,5d3746c4-0,Basic,19.65,Yearly,2021-07-01
S11906,66d77d93-1,Basic,6.94,Yearly,2021-09-13
S11907,860674d7-7,Basic,19.37,Monthly,
S11908,c9e99bfe-c,Basic,9.3,Yearly,2021-08-12
S11909,bd54eb67-1,Standard,17.85,Yearly,2023-04-19
S11910,0e5f1a63-9,Standard,18.05,Monthly,2023-06-30
S11911,7209de27-9,Premium,17.53,Monthly,2023-10-15
S11912,70b1bfae-c,Premium,17.6,Yearly,2024-09-23
S11913,37710ddc-b,Premium,24.16,Yearly,2024-03-26
S11914,d8f4b7a7-8,Standard,15.46,Yearly,2021-10-07
S11915,1443427d-7,Premium,6.27,Yearly,2022-08-06
S11916,69389d0e-5,Basic,9.37,Monthly,2025-01-26
S11917,84e64573-0,Basic,,monthly,2022-02-05
S11918,91e913eb-3,Premium,23.8,Yearly,2021-08-17
S11919,1fe5b0f9-8,Premium,10.73,Yearly,2026-01-05
S11920,ac086dbd-e,Premium,11.59,Yearly,2024-11-08
S11921,f7740ef1-0,Standard,18.59,Yearly,2025-03-08
S11922,f44b6178-0,Standard,16.36,Monthly,2025-06-19
S11923,9f3e826b-6,Basic,19.77,Monthly,2023-03-29
S11924,95b828c2-f,Basic,20.28,Yearly,2025-02-23
S11925,854cd571-5,Standard,13.47,Yearly,2025-04-15
S11926,1e1abb5f-f,Premium,13.54,Yearly,2023-01-14
S11927,0220fbe2-9,Standard,3.43,Monthly,2021-04-20
S11928,59752e19-9,Standard,13.06,Yearly,2023-07-12
S11929,93fc134f-0,Basic,23.86,Yearly,2023-06-26
S11930,d8e3560e-c,Basic,24.07,Yearly,2022-10-12
S11931,f25857aa-6,Standard,6.12,Monthly,2022-06-24
S11932,2c73b7af-d,Basic,22.63,Monthly,2025-03-20
S11933,4bacc009-1,Premium,4.32,Monthly,2022-02-18
S11934,da9736b9-5,Standard,7.44,Monthly,2022-04-20
S11935,1128073c-1,Basic,21.79,Monthly,2021-11-30
S11936,39760a34-1,Basic,20.58,Yearly,2025-03-25
S11937,d8337a72-c,Standard,17.22,Monthly,2022-03-15
S11938,ee329c86-9,Standard,8.94,Monthly,2021-02-09
S11939,eab5a96d-6,Standard,7.18,Monthly,2023-06-01
S11940,ddf90513-f,Standard,3.18,Yearly,2025-03-21
S11941,fa142e67-9,Basic,20.93,Yearly,2022-12-20
S11942,4ac19f5f-b,Basic,13.2,Monthly,2022-07-02
S11943,61536cad-e,Basic,23.04,Yearly,2025-12-02
S11944,bbac91a1-3,Standard,9.7,Yearly,2024-03-28
S11945,e1affb88-7,Basic,13.33,Monthly,2025-01-08
S11946,85dfd493-9,Premium,18.15,Yearly,2025-10-01
S11947,3b3538f8-c,Standard,17.28,Yearly,2022-10-09
S11948,15c6b74c-b,Premium,3.46,Monthly,2025-02-15
S11949,f908eb3f-0,Premium,3.75,Monthly,2024-03-16
S11950,df42fdb1-4,Basic,22.27,Monthly,2024-08-31
S11951,4fae1733-2,Basic,4.3,Yearly,2021-11-16
S11952,d1a7094c-e,Basic,3.41,Monthly,2025-04-10
S11953,24eb942f-8,Standard,13.37,Yearly,2022-01-28
S11954,c6d09156-f,Standard,23.49,Monthly,2023-09-19
S11955,395e476c-4,Premium,9.29,Yearly,2022-08-08
S11956,51ff784c-d,Premium,14.81,Monthly,2024-01-23
S11957,cce7bab2-1,Basic,9.71,Monthly,2025-08-11
S11958,53520eca-5,Standard,21.02,Monthly,2025-01-26
S11959,d0f3b851-0,Premium,21.49,Monthly,2022-12-18
S11960,7b8a5af1-0,Standard,3.42,Monthly,2025-05-03
S11961,07870a99-d ,,14.97,Yearly,2022-05-25
S11962,7fd84a82-0,,5.79,Monthly,2021-03-19
S11963,5c6c0422-9,Standard,7.13,Monthly,2022-11-22
S11964,8d845788-0,Basic,13.65,Monthly,2023-05-06
S11965,e17f14b6-9,Premium,19.35,Yearly,2024-08-09
S11966,1e29128f-6,Premium,17.32,Monthly,2023-05-01
S11967,32baa386-f,Premium,5.42,Yearly,2022-05-23
S11968,31a4c5e2-2,Premium,11.08,Yearly,2025-06-29
S11969,0bbec369-8,Basic,,Monthly,2025-11-20
S11970,411e613a-5,Basic,7.44,Monthly,2024-05-03
S11971,d6726513-4,Basic,24.81,Monthly,2021-05-27
S11972,89c7ef6f-8,Standard,7.06,Monthly,2024-03-24
S11973,ca48e233-d,Basic,14.4,Monthly,2025-04-22
S11974,4f9c5cb6-6,Premium,14.32,Yearly,2024-09-06
S11975,ade0a2e6-b,Standard,11.9,Monthly,2023-02-18
S11976,a92d8681-7,Premium,5.39,Yearly,2023-06-04
S11977,26e1c43a-7,Basic,20.59,Monthly,2022-12-31
S11978,d93831d2-6,Premium,13.7,Monthly,2024-12-21
S11979,a135ac95-b,Standard,16.55,Monthly,2023-08-26
S11980,a5c07e44-7,Premium,5.26,Yearly,2024-04-19
S11981,ad9b6e08-0,Basic,22.45,Yearly,2023-09-08
S11982,cbc01d08-9,Premium,14.48,Monthly,2024-08-30
S11983,978e5e40-4,Premium,,Yearly,2021-05-20
S11984,aa776834-c,Standard,23.66,Monthly,2024-05-24
S11985,cab56ae4-2,Basic,11.11,Monthly,2021-12-29
S11986,6290378e-2,Basic,6.31,Yearly,2024-04-05
S11987,8f785974-c,Standard,4.7,Yearly,2024-07-17
S11988,4ebf53f3-5,Basic,13.81,Yearly,2025-12-08
S11989,115dac2c-e,Standard,7.65,Monthly,2025-05-25
S11990,43b601a0-8,Basic ,11.38,Monthly,2025-03-16
S11991,12f0960a-9,Premium,3.15,Yearly,2025-11-12
S11992,57d46b0b-1,Standard,23.98,Yearly,2026-01-31
S11993,b8f0a362-c,Premium,4.52,Monthly,2022-07-25
S11994,1264be96-e,Standard,22.18,Yearly,2022-06-12
S11995,f6e8c243-f,Standard,11.5,Yearly,2024-04-13
S11996,592fb054-d,Premium,3.84,Yearly,2024-04-29
S11997,dac3637f-4,Premium,5.75,Monthly,2023-02-22
S11998,4f8a7be4-8,Basic,19.94,Yearly,2021-08-12
S11999,110de650-b,Premium,14.1,Monthly,2023-08-04
S12000,5bffc9dd-6,Basic,19.12,Yearly,2022-10-12
S12001,bcd4d22e-3,Standard,20.7,Yearly,2023-02-12
S12002,70796362-7,Standard,20.25,Yearly,2024-04-16
S12003,edc4b60c-9,Standard,9.94,Monthly,2023-03-25
S12004,c8389631-a,Premium,5.08,Yearly,2024-07-02
S12005,542725e3-a,Premium,11.27,Yearly,2021-07-02
S12006,11573d71-b,Basic,14.21,Yearly,2023-12-12
S12007,ae6dd42e-a,Basic,13.18,Yearly,2022-05-07
S12008,4d1928be-0,Basic,22.56,Yearly,2021-07-13
S12009,bc553942-a,Basic,16.89,Monthly,2022-08-02
S12010,ee523abe-c,Basic,20.05,Monthly,2024-08-27
S12011,b0194dbf-9,Standard,20.67,Yearly,2026-01-12
S12012,b13a85e1-7,Premium,4.68,Yearly,2025-06-14
S12013,aa9140a6-c,Standard,10.9,Monthly,2025-03-15
S12014,1bed3e31-0,Premium,24.38,Yearly,2021-03-03
S12015,dd328f45-9,Basic,16.04,Monthly,2025-01-07
S12016,2f5ac994-1,Basic,3.95,Monthly,2021-09-25
S12017,2385b415-e,Standard,16.42,Yearly,2021-09-23
S12018,3dc1d7b1-6,Standard,23.53,Monthly,2023-04-03
S12019,2a0bf1db-8,Basic,21.88,Yearly,2024-09-06
S12020,cab4ec99-9,Standard,,Yearly,2025-11-02
S12021,a2d7b2bb-4,Basic,15.1,Monthly,2024-05-01
S12022,7a8c1c2b-7,Standard,9.3,Monthly,2021-06-19
S12023,98feb1b7-b,Standard,4.72,Yearly,2021-12-22
S12024,3e96bcc1-c,Premium,12.12,,2025-09-12
S12025,7ebf4285-8,Premium,21.7,Monthly,2021-03-30
S12026,93a677ff-4,Basic,5.07,Monthly,2022-12-11
S12027,5fb90682-9,Basic,3.35,Monthly,2025-04-14
S12028,382bb0b1-6,Basic,14.79,Yearly,2024-01-06
S12029,f7bb4168-0,Premium,5.92,Yearly,2022-03-27
S12030,ad483f8f-4,Basic,5.4,Monthly,2022-11-02
S12031,0d75ea44-7,Basic,8.52,Yearly,2021-12-13
S12032,1b858ebe-c,Premium,11.78,Yearly,2025-10-14
S12033,da1380ab-3,Standard,24.42,Yearly,2025-08-15
S12034,111969b1-e,Premium,12.33,Yearly,2021-10-25
S12035,8a8cf399-b,Basic,12.05,Monthly,2021-10-27
S12036,9fb5d27f-3,Standard,8.63,Monthly,2025-04-08
S12037,a11b19d7-7,Premium,23.1,Yearly,2021-11-12
S12038,4aec8f3a-8,Basic,22.45,Monthly,2022-07-15
S12039,0d939452-e,Standard,15.73,Monthly,2021-12-22
S12040,d8824a8e-b,Basic,15.8,Monthly,2021-09-01
S12041,d32027d9-7,Basic,10.95,Monthly,2023-10-19
S12042,95936250-4,Standard,9.74,Yearly,2025-08-18
S12043,fd20de0b-2,Basic,3.33,Monthly,2026-01-27
S12044,d8573c55-3,Standard,14.03,Monthly,2025-11-23
S12045,c23bec1f-8,Standard,19.42,Yearly,2024-05-19
S12046,7e1086a4-9,Basic,6.55,Yearly,2023-02-23
S12047,2c1d114a-4,Premium,21.77,Monthly,2022-10-03
S12048,83a6cb35-3,Premium,19.67,Monthly,2023-02-05
S12049,cf2fa145-b,Standard,19.89,Yearly,2025-11-17
S12050,b5a514ca-9,Premium,7.96,Monthly,2023-09-15
S12051,c2a437bc-7,Standard,8.45,Monthly,2025-08-05
S12052,aeee2d7d-f,Standard,22.77,Monthly,2024-06-12
S12053,a275e8d2-5,Premium,16.17,Yearly,2025-08-10
S12054,002f0aee-3,Premium,15.9,Yearly,2021-03-27
S12055,a7e17c59-a,Standard,5.72,Yearly,2022-09-28
S12056,455cdc78-2,Basic,4.08,Yearly,2023-06-22
S12057,f3c4c49a-b,Standard,12.05,Yearly,2022-11-10
S12058,cc913691-6,Premium,3.11,Yearly,2023-11-22
S12059,806e3fe7-5,Standard,8.42,Monthly,2022-01-10
S12060,13ce2a6a-7,Premium,15.65,Yearly,2023-03-16
S12061,74d95485-d,Basic,23.4,Yearly,2023-11-19
S12062,2f50ad7a-3,Premium,22.84,Monthly,2023-02-27
S12063,7e9247c4-0,Basic,15.17,Monthly,2022-03-19
S12064,49e68df2-8,Standard,11.59,Yearly,2023-07-13
S12065,cea4ae72-9,Premium,23.33,Yearly,2025-09-29
S12066,ccea13e1-d,Basic,15.86,Yearly,2024-03-30
S12067,346cf4ba-0,Basic,15.16,Yearly,2021-11-15
S12068,d170054e-a,Premium,9.05,Monthly,2021-05-26
S12069,cba76260-e,Premium,23.18,Monthly,2022-03-27
S12070,ebf31ea1-b,Premium,22.09,Monthly,2021-04-03
S12071,37c9b22d-6,Standard,9.56,Yearly,2022-01-26
S12072,99fa62bd-9,Basic,9.33,Yearly,2025-09-05
S12073,302723f6-f,Standard,5.37,Yearly,2023-08-29
S12074,c0172ada-4,Premium,13.99,Monthly,2021-07-10
S12075,dcba1911-5,Standard,20.98,Yearly,2023-09-19
S12076,a9c83be6-3,Standard,17.79,Monthly,2023-12-08
S12077,f168b335-4,Premium,10.83,Yearly,2022-01-30
S12078,84da4bc3-a,Standard,8.85,Yearly,2026-01-30
S12079,4ec10dd4-e,Basic,18.28,Monthly,2025-07-05
S12080,89dc72f9-6,Premium,9.24,Monthly,2023-05-09
S12081,380d92be-f,Basic,11.67,Yearly,2025-05-10
S12082,953f7088-2,Basic,13.04,Yearly,2021-02-15
S12083,7e629074-7,Premium,18.77,Yearly,2022-05-10
S12084,0d05341b-4,Standard,17.08,Monthly,2021-11-23
S12085,0d74525e-0,Standard,9.98,Yearly,2024-03-18
S12086,c0576983-5,Basic,4.43,Yearly,2021-08-09
S12087,dd169ddc-d,Premium,,Monthly,2021-03-22
S12088,c85222be-9,Premium,16.67,Monthly,2022-01-08
S12089,781f30dd-4,Basic,8.56,Yearly,2022-05-12
S12090,be0be314-4,Standard,7.76,Monthly,2024-03-01
S12091,415c9d39-8,Premium,13.69,Yearly,2023-03-09
S12092,efb3be84-3,Standard,3.12,Yearly,
S12093,8a0b5c63-3,Standard,8.74,Monthly,2021-02-14
S12094,0c22c77c-d,Basic,15.27,Monthly,2022-01-03
S12095,6969022a-b,Basic,18.19,Monthly,2025-11-11
S12096,bc6de34e-a,Standard,4.22,Yearly,2023-11-18
S12097,b7f3f9a5-a,Basic,5.79,Yearly,2024-09-13
S12098,6563ec35-a,Premium,16.85,Monthly,2025-05-26
S12099,2eb609f0-d,Basic,16.64,Monthly,2023-07-10
S12100,ccc5a078-e,Basic,8.92,Yearly,2022-11-14
S12101,a80eeb6a-b,Basic,17.52,Yearly,2021-10-23
S12102,ba34f730-4,Standard,22.13,Monthly,2024-09-17
S12103,e65e9055-e,Basic,11.96,Yearly,2023-03-02
S12104,6b21867c-8,Standard,23.9,Monthly,2022-12-13
S12105,8e9ada19-7,Basic,6.19,Yearly,2025-06-12
S12106,92bb1bef-0,Premium,7.78,Monthly,2022-03-03
S12107,3222ea0f-7,Standard,12.62,Yearly,2022-01-18
S12108,05e94797-b,Premium,6.81,Yearly,2021-04-27
S12109,2f896bed-d,Standard,13.71,Monthly,2024-02-07
S12110,b41b5482-9,Premium,16.89,Monthly,2023-12-26
S12111,78886f60-5,Basic,15.55,Monthly,2023-03-13
S12112,3fc2f932-f,Premium,23.3,Yearly,2022-11-23
S12113,95aaf699-f,Standard,22.59,Yearly,2025-10-09
S12114,c6f1f03c-9,Basic,13.12,Yearly,2025-09-21
S12115,8256a29e-1,Premium,4.03,Yearly,2022-04-09
S12116,1734517e-7,Standard,16.96,Monthly,2024-09-03
S12117,9d337dfd-4,Basic,18.87,Yearly,2025-05-21
S12118,35538569-f,Standard,5.33,Yearly,2024-10-05
S12119,9c2588eb-7,Basic,5.51,Yearly,2023-04-19
S12120,d18d3c96-f,Basic,4.48,Yearly,2024-01-14
S12121,0cc2d5c6-5,Standard,12.42,Monthly,2021-04-05
S12122,d0aef71e-4,Standard,12.62,Yearly,2021-05-01
S12123,f2a47d2b-c,Standard,3.72,Monthly,2021-05-27
S12124,46114b23-c,Basic,9.81,monthly,2022-12-01
S12125,c609efa6-2,Premium,8.36,Yearly,2025-09-07
S12126,06c7f013-1,Premium,11.4,Monthly,2023-09-03
S12127,d6266a26-b,Basic,16.74,Monthly,2022-02-03
S12128,28721ecb-f,Premium,12.89,Yearly,2022-03-15
S12129,e81892b2-a,Premium,23.8,Monthly,2021-06-23
S12130,432acd38-7,Basic,7.64,Monthly,2022-04-01
S12131,1270db71-7,Standard,7.45,Yearly,2024-10-26
S12132,79ab79e4-4,Standard,7.59,Monthly,2022-10-19
S12133,64a910a4-c,Premium,15.48,Monthly,2024-01-11
S12134,56a5aad5-7,Basic,6.6,Monthly,2021-07-18
S12135,fc11ff47-f,Premium,12.03,Yearly,2023-01-28
S12136,7b5dc2e5-3,Basic,15.84,Yearly,2024-12-09
S12137,fab7953f-b,Premium,10.6,Monthly,2024-01-19
S12138,505bd1bb-2,Standard,23.54,Yearly,2023-04-04
S12139,d2ff1a5c-7,Basic,11.19,Yearly,2023-10-17
S12140,9cbe7bcf-b,Basic,4.8,Yearly,2022-08-16
S12141,82271026-a,Basic,14.4,Yearly,2022-05-27
S12142,596b45c3-d,Basic,5.07,Yearly,2024-08-18
S12143,cb58bf2e-d,Premium,7.23,Monthly,2024-12-11
S12144,99f595cf-c,Basic,4.11,Monthly,2023-11-14
S12145,a8654f5c-6,Premium,7.81,Monthly,2024-03-16
S12146,c7259045-b,Standard,7.23,Yearly,2021-04-14
S12147,,Standard ,,Yearly,2022-05-28
S12148,8ddc6036-d,Basic,9.48,Monthly,2022-08-25
S12149,e58e18db-7,Premium,10.21,Yearly,2023-08-06
S12150,49436407-b,Standard,7.65,Monthly,2022-02-25
S12151,1fc33f89-6,Premium,,Yearly,2022-04-25
S12152,76e85980-7,Standard,22.54,Monthly,2025-06-04
S12153,2e215902-e,Standard,12.05,Yearly,2024-07-23
S12154,0ef42b44-f,Standard,4.85,Yearly,2024-01-03
S12155,c7bcdf41-a,Premium,7.25,Yearly,2023-02-10
S12156,5f9ed0bf-f,Standard,18.15,Yearly,2021-05-29
S12157,55cc0cd8-6,Premium,22.34,Yearly,2025-01-16
S12158,3edc1e41-e,Basic,9.47,Monthly,2024-12-07
S12159,64715ec4-8,Standard,9.35,Monthly,2024-10-20
S12160,848bcd92-7,Standard,8.45,Yearly,2024-12-28
S12161,afb384c1-5,Premium,3.84,Monthly,2024-07-28
S12162,1b3e5021-9,Standard,23.48,Yearly,2022-12-20
S12163,84ec64e9-c,Standard,,Yearly,2023-12-26
S12164,a43f10c4-6,Premium,3.38,Yearly,2023-10-19
S12165,79aad61e-e,Basic,24.53,Monthly,2024-06-12
S12166,19432626-9,Basic,24.37,Yearly,2023-10-19
S12167,a04569cc-1,Premium,14.21,Monthly,2022-10-16
S12168,008c05a9-0,Standard,15.81,Yearly,2025-03-29
S12169,7913dabe-2,Basic,16.3,Yearly,2024-12-28
S12170,a393826a-8,Premium,3.47,Monthly,2023-12-23
S12171,d8c3d96d-2,Premium,18.24,Yearly,2025-05-01
S12172,daa290f1-d,Basic,8.7,Yearly,2025-01-30
S12173,24a294b9-2,Standard,16.74,Yearly,2021-03-18
S12174,fbabd112-d,Basic,12.63,Yearly,2022-03-29
S12175,08ba87cc-5,Standard,17.8,Monthly,2023-05-29
S12176,c831d585-0,Premium,22.3,Monthly,2021-04-10
S12177,143adc3c-f,Basic,4.87,Monthly,2022-01-29
S12178,647575af-7,Premium,11.49,Monthly,2022-02-22
S12179,daa94cd8-0,Premium,17.35,Yearly,2023-01-19
S12180,0f26fa96-f,Standard,11.74,Yearly,2023-02-22
S12181,63f25b83-0,Premium,8.52,Yearly,2025-08-30
S12182,d29e02f5-6,Basic,19.51,Yearly,2025-05-03
S12183,aa13b3b1-1,Standard,5.4,Monthly,2022-02-13
S12184,5091ffc8-d,Standard,6.79,Yearly,2023-05-04
S12185,34ad8701-6,Premium,15.51,Monthly,2022-10-04
S12186,cff86492-b,Premium,20.72,Monthly,2022-04-17
S12187,ba8c083b-1,Standard,13.48,Yearly,2021-06-16
S12188,77c5781e-8,Basic,11.76,Monthly,2025-10-07
S12189,3f580f64-8,Basic,13.76,Monthly,2025-05-06
S12190,9ca33469-4,Basic,22.9,Yearly,2026-01-14
S12191,749ccf00-7,Standard,22.61,Yearly,2021-07-19
S12192,444f657c-d,Basic,21.28,Yearly,2021-09-28
S12193,8eabd5b8-2,Premium,3.28,Yearly,2024-04-08
S12194,5432a402-d,Premium,9.83,Yearly,2024-12-07
S12195,e4a0db76-9,Basic,3.72,Yearly,2023-01-07
S12196,fbb8317a-9,Basic,17.05,monthly,2022-01-22
S12197,26fdb068-8,Standard,13.86,Monthly,2022-10-07
S12198,4ed796b2-7,Premium,5.94,Monthly,2022-10-18
S12199,6ae2c091-3,Standard,6.36,Yearly,2021-06-17
S12200,25a36fc6-e,Standard,10.6,Yearly,2026-01-03
S12201,261dfe97-4,Premium,8.53,Yearly,2021-08-17
S12202,7a8e2f5f-d,Basic,24.67,Yearly,2023-12-18
S12203,ad03f6b9-5,Premium,13.07,Yearly,2025-01-04
S12204,a930f859-6,Standard,12.24,Yearly,2024-07-03
S12205,d898a5a9-6,Basic,20.26,Yearly,2023-03-14
S12206,39a3c268-2,Premium,11.69,Monthly,2022-03-18
S12207,0c291fa2-e,Standard,8.08,Monthly,2026-01-06
S12208,ac5b4f92-5,Standard,19.14,Monthly,2023-09-26
S12209,c755210a-5,Premium,11.3,,2024-12-27
S12210,02f4d936-5,Standard,,Monthly,2022-10-24
S12211,b1ff14d6-8,Premium,5.56,Monthly,2024-08-10
S12212,ab4373e8-7,Basic,13.87,Monthly,2021-04-10
S12213,e2f84932-a,Standard,6.28,Monthly,2024-04-26
S12214,be419732-a,Basic,12.95,Monthly,2026-02-07
S12215,b12a490f-e,Basic,6.78,Monthly,2022-06-12
S12216,bbc9496e-e,Premium,8.61,Monthly,2021-05-25
S12217,1d3a8ffa-d,Basic,3.01,Monthly,2023-06-09
S12218,72cdffef-6,Standard,23.53,Yearly,2024-06-21
S12219,7fa0ddf6-8,Premium,7.85,Yearly,2021-07-27
S12220,071a97b8-0,Premium,,Yearly,2023-03-28
S12221,eb66e91d-9,Standard,3.41,Monthly,2025-11-01
S12222,dcb46e65-b,Standard,12.21,Yearly,2021-09-17
S12223,85c61b80-9,Basic,22.04,Yearly,2021-04-25
S12224,f81ccb7c-f,Standard,7.89,Yearly,2024-06-06
S12225,68cd92b7-0,Standard,15.59,Monthly,2022-08-07
S12226,7a9dc02e-1,Basic,6.18,Yearly,2022-10-03
S12227,0e42f934-8,Premium,24.04,Yearly,2023-08-04
S12228,6bfc133e-7,Basic,14.31,Monthly,2025-01-02
S12229,502c4aeb-6,Basic,6.85,Monthly,2023-02-21
S12230,150eb2bc-7,Premium,10.39,Yearly,2025-01-02
S12231,82875423-0,Premium,23.52,Yearly,2025-02-18
S12232,8ac12f51-d,Premium,13.6,Monthly,2023-03-14
S12233,c6ac383d-6,Premium,16.72,Yearly,2021-07-25
S12234,8e855d3a-5,Basic,11.74,Yearly,2021-03-30
S12235,1bccee2b-5,Standard,19.36,Yearly,2025-10-28
S12236,cfc0f4ae-4,Premium,14.22,Yearly,2023-10-25
S12237,5d963ad8-4,Standard,4.81,Monthly,2023-04-22
S12238,2871843c-4,Premium,18.52,Yearly,2023-04-03
S12239,110ee74e-d,Standard,24.15,Monthly,2024-01-15
S12240,99a60bd9-5,Standard,18.56,Yearly,2021-12-30
S12241,6f2289b9-e,Basic,22.53,Monthly,2021-04-15
S12242,816eb8f2-0,Premium,15.05,Monthly,2024-08-16
S12243,239d84ba-4,Standard,6.21,Yearly,2021-03-22
S12244,b338e3e0-6,Basic,24.37,Yearly,2023-06-12
S12245,07e53d25-c,Premium,7.68,Monthly,2024-06-10
S12246,52bbe290-b,Premium,12.67,Yearly,2025-09-10
S12247,c603d744-a,Premium,,Monthly,2021-04-09
S12248,90cf8c0e-9,Basic,11.03,monthly,2024-01-04
S12249,2c511487-a,Standard,17.58,Monthly,2024-08-24
S12250,b32f1136-c,Standard,7.09,Monthly,2025-06-22
S12251,a670b4ba-7,Standard,,Monthly,2023-03-27
S12252,e20aea70-6,Standard,15.03,Monthly,2024-10-05
S12253,c3526970-5,Premium,17.86,Yearly,2023-09-16
S12254,f7d4511a-0,,9.69,Monthly,2024-03-28
S12255,31309485-0,Premium,16.61,Yearly,2022-04-02
S12256,8ca263bd-2,Basic,10.49,Yearly,2024-12-10
S12257,ef522585-4,Premium,4.38,Yearly,2025-10-14
S12258,6045fc3b-9,Premium,4.84,Monthly,2024-02-03
S12259,cc6184f7-c,Standard,17.45,Yearly,2021-04-02
S12260,73f09a97-1,Standard,8.14,Monthly,2024-12-11
S12261,d4f8f6ad-4,Standard,6.77,Yearly,2024-11-27
S12262,ae83fb89-e,Basic,17.82,Yearly,2022-03-14
S12263,cc7e053d-f,Premium,6.35,Yearly,2022-09-16
S12264,742d5c13-2,Basic,14.45,Yearly,2023-08-24
S12265,95ddbd2c-0,Basic,23.39,Yearly,2026-01-30
S12266,,Premium,7.69,Yearly,2023-04-01
S12267,550b0629-3,Standard,18.11,Yearly,2022-04-28
S12268,8abe4cbb-5,Standard,15.7,Yearly,2023-04-16
S12269,70ae29fb-2,Basic,23.25,Yearly,2025-11-20
S12270,bae0fda3-2,Standard,20.49,Monthly,2025-12-12
S12271,47f686fa-0,Standard,9.47,Yearly,2025-06-01
S12272,329aa572-e,Premium,5.82,Yearly,2025-10-18
S12273,52afd87b-c,Premium,8.85,Monthly,2023-02-14
S12274,d7f7b903-e,Premium,21.12,Monthly,2022-04-11
S12275,f6bdf367-f,Standard,24.18,Yearly,2025-04-04
S12276,d7e45157-2,Basic,14.58,Yearly,2021-02-22
S12277,288e8d6f-d,Basic,15.75,Monthly,2024-04-11
S12278,05081486-a,Premium,14.46,Yearly,2024-05-23
S12279,31d7686a-b,Standard,5.51,Monthly,2021-03-09
S12280,dda8cbd6-3,Standard,7.9,Yearly,2024-06-23
S12281,cd718f1f-7,Premium,12.3,Monthly,2025-08-09
S12282,41abb92a-9,Standard,12.84,Yearly,2023-07-05
S12283,086aed7c-4,Standard,15.81,Yearly,2023-08-23
S12284,a56f7714-7,Standard,14.34,Yearly,2024-11-08
S12285,dff9e035-c,Basic,8.27,Monthly,2025-03-27
S12286,3706b86c-3,Standard,22.43,Yearly,2024-11-05
S12287,4db9ef78-d,Premium,10.03,Monthly,2024-06-18
S12288,737f959e-7,Standard,4.36,Yearly,2021-07-30
S12289,01a3db2a-c,Standard,5.41,Yearly,2025-03-28
S12290,333a1707-2,Basic,6.79,Monthly,2024-11-29
S12291,b6133dbb-2,Premium,19.15,Monthly,2022-07-31
S12292,e9613cf1-8,Standard,9.6,Monthly,2024-04-01
S12293,4c0fd94e-c,Standard,14.28,Monthly,2023-02-25
S12294,3dd0415b-0,Basic,12.96,Monthly,2026-01-31
S12295,6f693ed6-a,Basic,16.82,Monthly,2021-10-23
S12296,457eab86-3,Premium,3.59,Yearly,2022-08-15
S12297,1f6fd8de-6,Standard,8.62,Monthly,2023-03-03
S12298,e14bc0b4-7,Premium,21.2,Yearly,2024-08-19
S12299,ec737345-4,Basic,24.57,Monthly,2021-06-07
S12300,307dd173-3,Standard,19.12,Yearly,2023-06-15
S12301,b1d012d5-4,Standard,21.38,Monthly,2022-11-11
S12302,9688fe53-a,standard,20.04,Monthly,2024-09-16
S12303,b3882d8d-9,Standard,22.75,Yearly,2024-08-21
S12304,273ca7be-2,Standard,13.55,Monthly,2021-06-04
S12305,4ceca83e-a,Standard,18.48,Monthly,2021-09-10
S12306,f8f77c63-f,Premium,18.05,Yearly,2025-10-27
S12307,c1a292f1-8,Standard,6.22,Monthly,2023-01-24
S12308,b0c45318-1,Standard,13.44,Monthly,2023-04-01
S12309,d458f869-6,Standard,9.42,Monthly,2022-04-26
S12310,dcd66ef4-c,Basic,21.98,Yearly,2024-07-19
S12311,cfed0da3-d,Standard,16.68,Yearly,2025-04-11
S12312,a49ab0bc-5,Basic,3.63,Yearly,2025-06-09
S12313,72e8a281-1,Basic,17.03,Yearly,2024-08-28
S12314,2549c07d-c,Basic,7.33,Yearly,2021-05-19
S12315,99b7127e-7,Premium,18.45,Monthly,2025-12-08
S12316,ee10930d-3,Basic,11.11,Yearly,2021-07-03
S12317,6e3fe728-6,Basic,24.18,Yearly,2022-09-28
S12318,50c78c13-1,Basic,18.71,Monthly,2023-12-06
S12319,d5fb35e0-1,Standard,4.33,Monthly,2023-04-09
S12320,af28c1aa-1,Basic,9.49,Yearly,2023-01-09
S12321,c1c7c986-9,Premium,,monthly,2021-08-22
S12322,5d3c3ce4-7,Standard,13.86,Monthly,2021-06-01
S12323,189f579a-8,Basic,8.22,,2023-03-09
S12324,0e38df7f-d,Premium,6.23,Monthly,2024-07-13
S12325,d18997ab-d,Basic,23.39,Monthly,2024-07-20
S12326,ee5faccd-c,Basic,8.9,Monthly,2021-05-22
S12327,decf8988-f,Standard,,Monthly,2023-10-25
S12328,0d171252-9 ,Standard,16.85,Yearly,2021-07-21
S12329,742b43db-4,Premium,15.46,Yearly,2022-01-25
S12330,c44a9f8f-f,Basic,18.45,Yearly,2022-09-17
S12331,4b8536b6-1,Premium,23.43,Monthly,2024-08-28
S12332,9fa91664-d,Premium,17.44,Yearly,2024-02-09
S12333,3b1b6d02-6,Basic,3.12,Yearly,2021-08-09
S12334,956febf1-9,Premium,11.65,Yearly,2022-06-30
S12335,ec4d6346-6,Standard,12.65,Monthly,2021-04-12
S12336,11b10ddf-5,Basic ,6.08,Yearly,2025-07-28
S12337,86245b73-4,Premium,6.37,Yearly,2025-02-12
S12338,9b6f06d0-0,Basic,22.23,Yearly,2022-09-05
S12339,f0a7bd7a-2,Basic,7.79,Monthly,2023-08-09
S12340,70443ae0-f,Premium,13.79,Yearly,2022-10-13
S12341,33c1a634-4,Premium,11.69,Yearly,2025-09-18
S12342,5e6e7dd7-c,Standard,6.45,Monthly,2024-10-01
S12343,a475d1ae-2,Standard ,5.94,Yearly,2022-03-15
S12344,3680e8dd-1,Premium,4.08,Yearly,2025-04-08
S12345,f07a429f-a,Basic,7.99,Monthly,2023-08-28
S12346,ba5b888e-8,Basic,17.28,Yearly,2022-07-24
S12347,f955af13-8,Basic,23.1,Monthly,2021-03-13
S12348,41faf99b-3,Basic,18.06,Yearly,2023-03-08
S12349,7c6bf292-8,Standard,20.06,Yearly,2023-04-03
S12350,8009ebe6-b,Standard,14.15,Monthly,2024-07-04
S12351,adfc26cd-b,Premium,19.99,Monthly,2021-09-26
S12352,f197ee8e-f,Premium,12.85,Yearly,2022-05-17
S12353,59f08dc3-e,Standard,17.69,Monthly,2023-06-05
S12354,3795514d-2,Premium,18.67,Monthly,2022-03-10
S12355,9bcbd965-3,Premium,15.13,Yearly,2022-06-24
S12356,f8f08d8f-a,Premium,5.16,Yearly,2025-08-03
S12357,ceb9b5e8-5,Premium,10.05,Yearly,2022-04-05
S12358,37719806-0,Standard,7.18,Monthly,2024-02-02
S12359,1f8db968-4,Standard,17.6,Monthly,2025-04-13
S12360,746e1bba-2,Premium,17.46,Monthly,2024-06-25
S12361,e35b5f70-c,Standard,15.09,Monthly,2021-04-21
S12362,aed238a2-a,Basic,4.98,Yearly,2025-07-06
S12363,cb1e861d-c,Premium,9.47,Monthly,2022-02-18
S12364,848cc28a-9,Premium,9.52,Monthly,2021-06-04
S12365,b8eb2b71-4,Basic,19.52,Monthly,2025-07-30
S12366,0d5a1245-b,Premium,8.92,Monthly,2025-07-02
S12367,9dda5e28-d,Basic,20.17,Yearly,2025-08-18
S12368,e116c9cd-8,Basic,5.87,Monthly,2023-06-01
S12369,637b54c8-3,Basic,9.8,Yearly,2021-06-20
S12370,3a6e3823-e,Basic,7.02,Monthly,2024-07-22
S12371,d6bc884b-c,Standard,18.64,Yearly,2022-12-14
S12372,643ca46d-5 ,Basic,7.96,Yearly,2024-10-04
S12373,6d154f74-3,Basic,8.77,Yearly,2021-09-02
S12374,f9bfcb56-b,Standard,4.52,Yearly,2026-02-04
S12375,8921eb15-4,Basic,7.06,Yearly,2025-10-23
S12376,c1698316-e,Basic,21.81,Yearly,2024-03-19
S12377,f4e8695b-c,Premium ,11.74,Yearly,2022-08-02
S12378,e99a5fa5-f,Standard,15.9,Monthly,2025-03-01
S12379,d31b2225-c,Basic,6.32,Yearly,2023-08-15
S12380,b8de39e5-9,Basic,21.61,Yearly,2022-03-31
S12381,29dc5d09-c,Standard,4.16,Yearly,2022-02-13
S12382,758a86d8-7,Basic,6.75,Monthly,2025-08-20
S12383,17e7979e-b,Basic,8.06,Yearly,2021-08-25
S12384,e3066f8b-5,Premium,24.28,Monthly,2022-09-29
S12385,0d300ec8-4,Premium,,Monthly,2025-11-25
S12386,15e2f681-2,Basic,8.34,Yearly,2025-11-23
S12387,78381919-6,Premium,16.75,Monthly,2025-03-06
S12388,901c9323-9,Basic,20.29,Yearly,2025-01-07
S12389,9477ba78-7,Standard,17.34,Monthly,2021-07-16
S12390,c73e3def-f,Premium,22.01,Yearly,2022-04-25
S12391,ebccd757-f,Standard,12.95,Yearly,
S12392,1c44c85e-0,Premium,11.52,Yearly,2025-09-21
S12393,7e670294-0,Standard,8.56,Monthly,2022-02-20
S12394,9692d975-f,Basic,9.66,Monthly,2025-08-29
S12395,6bc853c6-4,Premium,20.88,Yearly,2021-09-27
S12396,9c018b08-6,,15.89,Monthly,2023-09-22
S12397,fb0bed4d-d,Premium,11.6,Yearly,2024-11-03
S12398,69d8b24f-6,Basic,15.88,Monthly,2021-12-19
S12399,3524c24b-9,Premium,23.13,Monthly,2024-08-21
S12400,7b4ba9e0-2,Basic,18.89,Yearly,2021-10-16
S12401,6e965236-9,Premium,6.62,Yearly,2021-12-16
S12402,faa6d591-8,Basic,15.0,Monthly,2022-11-12
S12403,47863d36-7,Basic,10.84,Monthly,2022-01-26
S12404,1d41690c-c,Premium,8.57,Monthly,2025-10-26
S12405,3451e6dc-1,Standard,4.2,Monthly,2026-01-14
S12406,af9c25ca-b,Premium,19.95,Monthly,2023-09-09
S12407,1ce10ac2-1,Premium,9.45,Monthly,2022-05-17
S12408,ae5af999-1,Standard,12.17,Yearly,2023-11-18
S12409,3fe35077-c,Standard,11.9,Monthly,2025-08-15
S12410,05640994-0,Standard,14.45,Monthly,2021-09-02
S12411,c8ddaf59-f,Standard,4.38,Monthly,2023-05-20
S12412,24307661-3,Basic,10.49,Monthly,2024-09-22
S12413,e6488548-c,Basic,16.59,Monthly,2025-05-05
S12414,a96a8983-9,Premium,13.16,Yearly,2022-06-03
S12415,7ceae829-3 ,Premium,14.16,Yearly,2026-01-10
S12416,92f6c999-3,Basic,11.4,Yearly,2024-12-19
S12417,790b03b8-6,Premium,12.64,Monthly,2025-10-16
S12418,74e2a3ee-6,Premium,15.44,Yearly,2025-06-13
S12419,59a39118-a,Standard,8.24,Yearly,2022-02-06
S12420,74e1490e-1,Premium,11.51,Yearly,2022-02-02
S12421,c22692ed-c,Basic,19.7,Monthly,2024-03-15
S12422,4a0a521b-6,Standard,4.08,Monthly,2023-07-03
S12423,f0502746-e,Standard,16.96,Yearly,2023-11-27
S12424,e6b45ed4-7,Premium,17.12,Monthly,2021-08-20
S12425,bae7495f-a,Basic,20.39,Yearly,2021-06-09
S12426,49689016-5,Basic,4.84,Yearly,2022-12-11
S12427,b7bb052b-1,Standard,21.59,Yearly,2024-09-16
S12428,84ebe95d-8,Standard,12.89,Yearly,2022-06-25
S12429,aee827d9-3,Standard,19.53,Yearly,2022-11-10
S12430,96fc6af3-1,Standard,20.43,Yearly,2024-10-31
S12431,38ab421c-9,Standard,22.55,Monthly,2024-05-19
S12432,872f0053-4,Standard,17.94,Monthly,2025-04-14
S12433,f949381f-9,Basic,20.11,Yearly,2023-08-20
S12434,729cab7b-6,Basic,6.87,Yearly,2026-01-21
S12435,a942893d-c,Standard,4.92,Monthly,2022-11-01
S12436,b02c8822-9,Premium,7.94,Monthly,2022-10-17
S12437,8f1b787f-9,Premium,16.99,Yearly,2024-10-31
S12438,3ba6c257-7,Premium,12.3,Yearly,2024-12-30
S12439,fca2c4a9-6,Standard,22.19,Yearly,2021-04-20
S12440,0a4b01f4-6,Standard,14.48,Yearly,2024-12-19
S12441,f90348a0-0,Standard,20.65,Yearly,2023-10-08
S12442,4c71784d-3,Premium,22.07,Monthly,2023-06-12
S12443,1c72aa1b-0,Standard,24.77,Yearly,2022-05-10
S12444,bebd7638-a,Premium,5.54,,2024-12-02
S12445,94a0d736-7,Standard,10.5,Yearly,2024-11-20
S12446,0e555a66-2,Premium,17.64,Monthly,2023-05-28
S12447,631fde2e-a,Standard,22.72,Yearly,2023-08-19
S12448,cccdd27a-d,Premium,20.04,Yearly,2023-12-27
S12449,402b93ad-8,Standard,17.22,Yearly,2024-01-24
S12450,08fd7171-b,Premium,15.41,Monthly,2024-08-20
S12451,6be66cb4-9,Standard,,Monthly,2021-11-03
S12452,fb1015ce-3,Standard,17.44,Monthly,2024-06-06
S12453,416eadb1-2,Premium,11.49,Monthly,2025-05-12
S12454,e3389223-0,Standard,21.1,Monthly,2024-10-27
S12455,8351b960-e,Standard,10.12,Monthly,2022-01-21
S12456,2a2cf202-a,Basic,12.5,Yearly,2024-12-12
S12457,7e1fd304-5,Basic,13.76,Monthly,2025-07-18
S12458,6730d99e-a,Basic,23.01,Yearly,2024-09-14
S12459,24abab87-9,Premium,23.04,Yearly,2023-01-26
S12460,7614aadf-0,Standard,10.96,Yearly,2025-01-08
S12461,01fe3fd2-6,Standard,23.38,Monthly,2023-04-10
S12462,7455e028-c,Premium,3.58,Monthly,2022-01-03
S12463,91700b37-e,Basic,6.42,Monthly,2024-01-18
S12464,a807a78a-5,Premium,13.56,Monthly,2021-04-09
S12465,5e0fe41f-0,Standard,12.67,Monthly,2021-09-05
S12466,59c7bc0f-2,Premium,24.44,Yearly,2021-06-20
S12467,4855a0f1-0,Standard,14.1,Monthly,2023-03-12
S12468,55b2a108-e,Premium,4.51,Monthly,2022-10-09
S12469,3a94ff97-b,Standard,4.3,Yearly,2022-02-04
S12470,86aa2962-0,Basic,21.09,Yearly,2022-08-11
S12471,08d25fa5-b,Standard,9.51,,2022-08-12
S12472,cb19f2a3-e,Basic,12.02,Monthly,2025-06-06
S12473,51f8a2e4-9,Basic,5.98,Monthly,2022-01-23
S12474,8b02606e-a,Premium,11.43,Monthly,2021-08-18
S12475,9a668d48-4,Standard,5.54,Yearly,2024-12-13
S12476,8e0dffb5-0,Basic,22.36,Monthly,2023-04-29
S12477,ee40824c-d,Basic,16.26,Yearly,2025-08-20
S12478,720cdfd3-e,Premium,5.42,Yearly,2024-05-29
S12479,c19dbb28-d,Standard,8.54,Monthly,2025-04-25
S12480,0581f90b-7,Premium,6.63,Monthly,2021-12-30
S12481,4305d380-e,Premium,18.73,Monthly,2024-10-29
S12482,d3772d27-0,Premium,10.9,Yearly,2021-04-29
S12483,906f2703-0,Premium,9.74,Yearly,2021-10-01
S12484,8c186ecc-5,Premium,13.67,Yearly,2024-03-31
S12485,ecb582ef-2,Basic,9.17,Yearly,2022-02-17
S12486,0f95212d-d,Basic,8.71,Monthly,2025-12-12
S12487,c5afab23-7,Standard,11.78,Yearly,2022-09-29
S12488,faeec61a-b,Standard,6.7,Monthly,2022-08-29
S12489,cab09807-9,Standard,5.36,Yearly,2025-11-15
S12490,a468035e-c,Basic,4.74,Monthly,2025-03-02
S12491,25cee8ce-9,Standard,13.95,Yearly,2021-06-10
S12492,b9fbfbc0-a,Standard,5.33,Yearly,2024-10-26
S12493,9a5408a6-4,Premium,5.0,Monthly,2022-04-30
S12494,ba8066fd-2,Basic,14.57,Monthly,2025-10-31
S12495,656b5ec8-b,Standard,14.21,Monthly,2022-11-11
S12496,c9c39008-c,Basic,21.52,Monthly,2022-08-13
S12497,056cef8e-a,Standard,24.14,Monthly,2024-08-08
S12498,67006989-4,Standard,14.5,Monthly,2021-05-20
S12499,2724f941-8,Premium,24.52,Yearly,2024-08-21
S12500,fda3bebb-a,Premium,18.14,Monthly,2021-03-19
S12501,2a862de1-4,Premium,19.28,Yearly,2025-05-09
S12502,7ba4da0f-e,Basic,11.96,Monthly,2021-05-12
S12503,d87bbae0-c,Basic,17.39,Yearly,2025-01-03
S12504,ebbff707-a,Basic,17.59,Yearly,2023-03-16
S12505,71aa7ab1-b,Standard,15.71,Monthly,
S12506,d7fa44e6-e,Premium,9.89,Monthly,2022-12-16
S12507,d6e6dd12-2,Basic,22.74,Yearly,2022-10-05
S12508,b04e3e6a-9,Standard,7.42,Yearly,2021-02-17
S12509,b994de4f-5,Standard,6.35,Monthly,2022-11-17
S12510,86d41fe0-d,Premium,8.71,Monthly,2025-10-25
S12511,1616dd73-d,Basic,23.45,Yearly,2023-11-14
S12512,7585e912-2,Standard,15.57,Yearly,2025-11-08
S12513,992a88d2-c,Premium,13.9,Yearly,2024-11-06
S12514,d5885b0d-b,Standard,9.87,Monthly,2023-11-29
S12515,c233f9e0-8,Premium,19.6,Monthly,2023-04-25
S12516,fe8c5dd4-9,Basic,9.19,Yearly,2022-01-08
S12517,e3597d8f-2,Standard,20.38,Monthly,2021-08-11
S12518,ba6698b5-5,Standard,20.37,Monthly,2025-08-06
S12519,d461837c-0,Standard,13.2,Yearly,2024-05-26
S12520,1474a0ab-9,Premium,16.96,Monthly,2022-03-29
S12521,54cfd7b9-c,Premium,4.83,Yearly,2024-08-28
S12522,3e063e90-7,Standard,4.95,Yearly,2023-05-08
S12523,05b09974-6,Premium,10.61,Monthly,2023-09-01
S12524,516b8d32-1,Standard,15.78,Yearly,2022-06-20
S12525,078642fe-0,Standard,6.3,Monthly,2024-09-03
S12526,0a51f047-6,Basic,20.15,Monthly,2023-10-15
S12527,9df91a0f-9,Standard,15.33,Yearly,2021-06-28
S12528,37d677ac-6,Premium,17.75,Monthly,2021-05-29
S12529,2aadbc89-1,Basic,16.65,Monthly,2024-06-10
S12530,aafb10c8-3,Basic,18.83,Monthly,2024-02-13
S12531,08941a11-6,Standard,12.34,Monthly,2023-09-11
S12532,288971ea-d,Premium,8.6,Monthly,2021-12-16
S12533,f7a43de7-6,Premium,11.25,Monthly,2021-02-23
S12534,6ecc94bc-f,Basic,10.49,Monthly,2022-01-30
S12535,80af849e-f,Basic,13.6,Monthly,2022-08-21
S12536,c0872d0a-7,Premium,14.89,Yearly,2024-08-31
S12537,79f2eac8-b,Standard,11.01,Yearly,2024-03-21
S12538,4683d2a7-6,Standard,8.7,Yearly,2023-08-18
S12539,62b7d018-7,Premium,22.18,Monthly,2024-12-21
S12540,c9cb4ba6-5,Basic,5.81,,2021-04-22
S12541,e143af6f-2,Basic,24.42,Yearly,2025-11-10
S12542,94c1d0f7-3,Basic,24.26,Monthly,2024-06-10
S12543,047217d1-9,Premium,13.79,monthly,2024-11-10
S12544,baaf2961-a,Basic,20.46,Yearly,2024-08-19
S12545,92912836-b,Basic,21.61,Monthly,2024-10-20
S12546,4e667403-4,Standard,13.0,Yearly,2025-03-02
S12547,a27ed78a-a,Standard,16.72,Yearly,2022-06-14
S12548,ac4f5a2c-a,Premium,20.68,Yearly,2021-12-08
S12549,0d669fa1-f,Basic,22.64,Monthly,2021-02-24
S12550,3e9364f6-8,Standard,15.01,Yearly,2025-04-04
S12551,174f6844-5,Standard,12.33,Yearly,2021-08-27
S12552,6e58e1fb-4,Standard,19.92,Yearly,2025-02-16
S12553,60b46df5-b,Premium,8.61,Yearly,2023-02-06
S12554,92ae7afb-d,Premium,23.34,Yearly,2025-11-18
S12555,e425a588-e,Basic,7.45,,2023-04-04
S12556,,Basic,4.46,Yearly,2024-03-07
S12557,2c96fad3-5,Standard,18.87,Monthly,2023-12-20
S12558,cd242224-1,Basic,7.05,Monthly,2023-06-19
S12559,dcad26da-8,Standard,19.75,Yearly,2025-07-03
S12560,4fffd257-f,Premium,8.7,Yearly,2024-02-20
S12561,a1ca0756-b,Standard,14.82,Monthly,2026-01-23
S12562,6f1836d8-4,Standard,5.62,Monthly,2023-12-06
S12563,651c3886-a,Standard,5.39,Monthly,2025-03-29
S12564,707d75b9-2,Standard,7.03,Monthly,2024-09-16
S12565,8a059c83-0,Standard,11.73,Monthly,2025-04-20
S12566,78a14066-3,Premium,16.9,Monthly,2024-12-15
S12567,333fc1b8-4,Basic,7.26,Monthly,2021-05-03
S12568,a6100634-2,Premium,16.61,Monthly,2025-06-28
S12569,dafb2529-8,Premium,23.25,Monthly,2022-12-22
S12570,4fa1032f-f,Standard,22.03,Monthly,2024-06-20
S12571,6f849d80-9,Basic,21.26,Monthly,2021-09-11
S12572,20bbf50e-4,Premium,7.62,Monthly,2022-12-31
S12573,a2d44418-1,Standard,19.29,Yearly,2022-09-11
S12574,950153ce-3,Premium,12.31,Monthly,2023-03-11
S12575,c1e46640-2,Premium,12.21,Yearly,2021-06-12
S12576,a7db9f9b-8,Premium,3.43,Monthly,2021-04-29
S12577,acb05d16-a,Basic,5.49,Monthly,2022-03-13
S12578,1a1fff6f-b,Basic,8.95,Yearly,2022-04-08
S12579,a626f71f-e,Premium,3.45,Yearly,2025-05-22
S12580,7a8e4b81-8,Basic,20.6,Yearly,2022-12-17
S12581,14af55af-4,Standard,3.61,Yearly,2021-11-24
S12582,dde3f974-0,Premium,4.6,Yearly,2024-11-17
S12583,2ae982ae-5,Basic,9.59,Monthly,2023-04-25
S12584,93d28561-9,Premium,14.59,Monthly,2024-05-14
S12585,b3a11b7f-4,Premium,19.83,Monthly,2021-04-28
S12586,76f74ecf-6,Basic,11.34,Monthly,2022-08-20
S12587,75d59e17-c,Premium,15.31,Yearly,2024-02-12
S12588,bd8104ec-1,Premium,5.54,Monthly,2022-10-09
S12589,3143a8a7-0,Standard,24.5,Yearly,2021-08-24
S12590,8b74c7f4-9,Basic,18.71,Yearly,2025-10-20
S12591,31e95f9d-d,Standard,11.52,Yearly,2024-03-30
S12592,9f134dea-1,Premium,4.39,Monthly,2023-04-06
S12593,7a6eeab3-f,Standard,20.38,Yearly,2024-05-03
S12594,aa753fa9-b,Standard,8.13,Yearly,2025-11-10
S12595,7946a207-c,Standard,4.2,Yearly,2025-12-09
S12596,dd29c645-e,Standard,16.55,Yearly,2025-12-17
S12597,cad635b1-f,Basic,7.6,Yearly,2025-06-26
S12598,a725a4d6-7,Basic,16.79,Yearly,2021-08-26
S12599,544e64b7-0,Premium,14.75,Yearly,2022-02-18
S12600,1c1fbb9f-6,Basic,22.27,Monthly,2023-04-02
S12601,7c294184-a,Basic,15.77,Monthly,2025-11-29
S12602,1176c5b1-3,Basic,4.84,Yearly,2022-01-04
S12603,ffeb7466-7 ,Standard,19.5,Monthly,2022-10-21
S12604,008da42e-c,Premium,20.1,Monthly,2021-09-30
S12605,0c439d6a-4,Premium,23.37,Monthly,2025-01-21
S12606,8de448e3-a,Basic,3.75,Monthly,2025-12-25
S12607,9418da84-7,Basic,21.52,Yearly,2025-10-28
S12608,d8d88a52-6,Basic,11.8,Yearly,2022-03-29
S12609,52d65a2e-e,Basic,9.42,Monthly,2025-04-11
S12610,9e5a5e61-9,Standard,16.74,Monthly,2025-09-22
S12611,cebca832-8,Standard,9.37,Monthly,2022-10-06
S12612,23e1c324-e,Premium,15.22,Monthly,2025-01-10
S12613,7494cc48-4,Standard,11.64,Yearly,2025-05-03
S12614,87204193-d,Basic,22.64,Monthly,2024-01-24
S12615,47cbecc8-5,Standard,7.14,Yearly,2024-02-17
S12616,b2e99d37-2,Premium,8.13,Yearly,2021-11-23
S12617,0250810f-b,Standard,20.15,Yearly,2021-09-28
S12618,8e2cddc4-3 ,Premium,10.1,Monthly,2023-12-28
S12619,305fdbe8-6,Standard,7.39,Yearly,2024-12-23
S12620,b1366a45-6,Premium,9.82,Monthly,2025-01-27
S12621,8129f1a0-e,Basic ,6.06,Monthly,2024-10-18
S12622,2c5083ca-1,Premium,19.92,Monthly,2023-04-25
S12623,0a811eb1-f,Basic,19.18,Yearly,2022-03-12
S12624,6e1fc139-3,Standard,5.86,Monthly,2021-03-27
S12625,049fcea0-3,Basic,24.71,Monthly,2021-09-07
S12626,e2831be8-b,Premium,10.68,Monthly,2025-01-14
S12627,c881d9dd-5 ,Premium,21.0,Monthly,2024-08-31
S12628,e5e3a1ac-e,Basic,15.99,Yearly,2022-03-27
S12629,3be2bf37-c,Premium,12.83,Yearly,2025-04-11
S12630,f240ce3d-5,Standard,4.18,Monthly,2025-06-20
S12631,51f30fe0-1,Standard,4.95,Monthly,2025-11-29
S12632,3f6cdacb-e,Premium,19.59,Monthly,2021-08-12
S12633,b59e5b0c-c,Standard,18.88,Yearly,2022-03-27
S12634,3fc62a3c-b,Premium,10.5,Yearly,2026-01-30
S12635,766a7a92-f,Standard,16.62,Monthly,2021-06-25
S12636,2f19a086-7,Premium,22.07,Yearly,2022-03-11
S12637,d359ef3c-7,Premium,23.84,Yearly,2026-01-13
S12638,22a3a348-4,Standard,,Yearly,2021-05-11
S12639,63a274f2-f,Standard,21.47,Monthly,2024-12-03
S12640,61328a98-f,Standard,15.75,Yearly,2024-11-25
S12641,547c193e-c,Basic,22.12,Yearly,2024-02-09
S12642,491931df-6,Basic,13.86,Yearly,2025-06-30
S12643,65773767-0,Standard,8.1,Yearly,2022-07-08
S12644,ea6b1a55-e,Basic,9.59,Yearly,2023-07-02
S12645,85ed37e4-e,Standard,10.76,Yearly,2024-09-30
S12646,26377d26-1,Basic,24.25,Monthly,2025-06-30
S12647,be309c99-2,Premium,24.99,Yearly,2025-07-12
S12648,341223eb-2,Premium,12.69,Monthly,2023-03-07
S12649,d406f64c-6,Premium,5.86,Monthly,2021-08-25
S12650,706ed362-e,Standard,,Yearly,2024-06-16
S12651,02887ccb-b,Basic,24.25,Monthly,2022-06-26
S12652,173d5691-d,Premium,20.51,Monthly,2022-07-24
S12653,ff8a22c3-b,Premium,20.23,Yearly,2023-06-06
S12654,406a39b7-4,Premium,22.01,Yearly,2023-03-20
S12655,3efb5766-c,Standard,19.58,Monthly,2022-10-25
S12656,1ad132e7-a,Standard,20.15,Yearly,2023-08-28
S12657,261b3d3d-6,basic,4.85,Yearly,2024-07-22
S12658,77d37f01-8,Premium,10.78,Monthly,2025-12-06
S12659,aae46658-d,Basic,13.84,Monthly,2021-09-13
S12660,c8abc839-a,Premium,13.87,Monthly,2021-06-29
S12661,36d64feb-3,Basic,16.48,Yearly,2025-04-11
S12662,889bc586-a,Premium,22.33,Monthly,2025-02-07
S12663,e8f932ad-d,Premium,19.06,Yearly,2021-03-14
S12664,d3a4da86-b,Premium,13.37,Monthly,2022-04-01
S12665,c0b86ff8-c,Premium,6.52,Monthly,2022-01-14
S12666,7b1c839f-8,Premium,17.72,Monthly,2023-07-04
S12667,88eab386-2,Basic,22.74,Monthly,2021-11-02
S12668,87af8552-9,Standard,12.1,Monthly,2025-11-01
S12669,8e712d5b-2,Basic,14.4,Yearly,2024-12-09
S12670,d68da292-0,Premium,11.05,Yearly,2022-07-26
S12671,c5664c26-4,Standard,18.57,Yearly,2022-06-15
S12672,8a665462-3,Basic,13.74,Yearly,2024-03-31
S12673,840a27a6-3,Basic,22.28,Yearly,2023-08-08
S12674,66c52f09-6,Standard,4.09,Monthly,2025-10-01
S12675,2d070abd-6,Basic,9.18,Monthly,2023-11-15
S12676,88791260-c,Standard,11.3,Yearly,2024-10-23
S12677,3999a5ee-7,Premium,13.88,,2025-02-27
S12678,40fa9c24-e,Premium,9.64,Yearly,2025-02-06
S12679,c26c8110-0,Basic,20.49,Yearly,
S12680,65446dad-7,Basic,11.25,Monthly,2023-12-11
S12681,dce9d64d-b,Standard,23.87,Yearly,2021-08-28
S12682,27e75401-6,Basic,12.72,Yearly,2021-10-06
S12683,f1cc39c9-0,Basic,5.14,Monthly,2022-10-08
S12684,8693b27c-5,Premium,8.35,Monthly,2023-08-25
S12685,e8a41b4d-7,Standard,7.14,Yearly,2023-09-23
S12686,b9c7abc1-e,Standard,22.05,Monthly,2024-10-03
S12687,da6a4c1d-6,Premium,18.78,Monthly,
S12688,a01ccdb8-e,Standard,15.51,Yearly,2024-04-25
S12689,b1100e0c-a,Premium,9.2,Monthly,2024-04-05
S12690,46a701fd-2,Standard,24.35,Monthly,2021-12-03
S12691,bec71679-f,Premium,5.6,Monthly,2023-03-28
S12692,73e3e210-c,Standard,14.42,Monthly,2021-11-30
S12693,bcce92ca-4,Standard,12.06,Yearly,2021-08-20
S12694,9a9d8762-f,Standard,11.51,Monthly,2024-09-11
S12695,11f46590-a,Basic,11.82,Yearly,2025-02-10
S12696,e35ac476-6,Standard,6.66,Yearly,2024-05-23
S12697,64d00370-8,Standard,5.21,Monthly,2025-07-13
S12698,26eb409f-c,Standard,15.35,Monthly,2023-12-07
S12699,ba969fe4-2,Standard,8.8,Yearly,2021-03-08
S12700,031cdbf0-1,Standard,12.86,Monthly,2021-02-26
S12701,2957e677-9,Standard,5.6,Yearly,2022-06-22
S12702,dfd35713-a,Basic,4.92,Monthly,2023-02-16
S12703,7663b1fc-0,Standard,12.78,Monthly,2023-07-14
S12704,37802478-c,Standard,6.56,Monthly,2021-07-27
S12705,be8d55fa-3,Premium,12.98,Monthly,2025-04-24
S12706,4fd20e88-6,Basic,15.95,,2024-12-21
S12707,f6827a81-3,Premium,22.89,Monthly,2021-09-10
S12708,a8dfcfcc-6,Standard,23.94,Yearly,2023-09-28
S12709,0cb50cb4-b,Premium,18.83,Yearly,2025-08-21
S12710,49cd140b-f,Basic,5.9,Monthly,2022-09-09
S12711,f32e89d8-f,Standard,21.49,Yearly,2022-10-18
S12712,cc3924b1-d,Standard,6.47,Yearly,2024-04-30
S12713,3a0c136d-9,Basic,5.43,Monthly,2024-12-23
S12714,,Premium,4.5,Yearly,2021-10-01
S12715,05959e5b-b,Premium,5.66,Yearly,2024-12-09
S12716,d45351bb-4,Standard,,Monthly,
S12717,2a17c648-1,Premium,10.12,Monthly,2022-08-12
S12718,468d0fea-0,Standard,14.85,Monthly,2022-03-13
S12719,afd030dc-9,Premium,15.38,Yearly,2025-05-26
S12720,8d99cc4c-7,Standard,12.02,Yearly,2022-02-19
S12721,85b111ef-5,Premium,11.43,Yearly,2024-03-04
S12722,537bf88e-b,Premium,16.25,Monthly,2022-05-05
S12723,f13f1005-f,Standard,22.35,Monthly,2022-08-14
S12724,fdd169b9-0,Premium,20.63,Monthly,2025-09-09
S12725,a94054e7-8,Basic,23.13,Monthly,2023-02-03
S12726,a6e92a56-3,Basic,9.12,Yearly,2022-09-03
S12727,5c9aa1c0-8,Standard,13.14,Monthly,2025-05-01
S12728,da71decc-9,Basic,22.56,Yearly,2025-04-26
S12729,c3f9f025-3,,22.82,Yearly,2023-05-24
S12730,c33b94ff-4,Standard,9.76,Yearly,2023-12-29
S12731,267a1a8f-5,Basic,13.05,Monthly,2024-12-05
S12732,2bda3b7d-6,Standard,13.15,Y3arly,2024-10-28
S12733,134542b0-2,Basic,12.07,Yearly,2021-07-12
S12734,de728471-2,Basic,14.56,Yearly,2024-07-13
S12735,b97ef27a-8,,22.8,Monthly,2025-08-07
S12736,71764599-d,Basic,12.68,Monthly,2024-12-22
S12737,17938678-5,Basic,3.21,Monthly,2022-03-22
S12738,a810d4ff-f,Standard,20.69,Monthly,2022-02-04
S12739,b76d8307-6,Premium,5.91,Yearly,2022-01-17
S12740,fe7eeaba-d,Premium,10.95,Monthly,2025-04-03
S12741,0fd85017-7,Standard,12.29,Yearly,2024-09-20
S12742,370326b5-8,Standard,13.82,Monthly,2024-04-25
S12743,279678af-d,Basic,22.12,Yearly,2024-01-02
S12744,5310949f-f,Premium,8.72,Monthly,2022-02-15
S12745,b17b7ddb-7,Standard,20.42,Yearly,2024-08-09
S12746,5b3c1f0e-e,Basic,12.25,Monthly,2025-09-12
S12747,bf430b14-4,Basic,14.44,Yearly,2021-12-02
S12748,dd2e7f5e-b,Premium,20.53,Yearly,2024-11-27
S12749,20dd42f0-1,Basic,21.51,Yearly,2024-12-10
S12750,4e3e02f9-f,Premium,15.3,Monthly,2021-11-15
S12751,e93fac01-1,Premium,22.31,Yearly,2023-12-27
S12752,b46d9a79-9,Premium,21.76,Yearly,2021-06-13
S12753,a3af366c-5,Premium,5.85,Monthly,2021-11-03
S12754,8ea6b408-6,Basic,13.56,Yearly,2025-04-13
S12755,43a71897-4,Premium,5.66,Monthly,2023-12-25
S12756,,Premium,5.56,Monthly,2021-04-22
S12757,bca4a4eb-0,Premium,17.66,Monthly,2023-08-02
S12758,f5c528d1-9,Basic,9.05,Yearly,2021-06-25
S12759,854cd833-3,Standard,5.7,Monthly,2022-01-09
S12760,52e4b402-4,Premium,19.81,Yearly,2024-09-24
S12761,e94981ae-b,Premium,8.15,Monthly,2025-10-18
S12762,0ef01cac-8,Basic,21.21,Monthly,2023-09-11
S12763,9770ba2d-8,Premium,17.06,Monthly,2024-12-15
S12764,625a7454-d,Premium,11.6,Monthly,2025-04-25
S12765,191d6077-6,Standard,23.63,Monthly,2023-10-19
S12766,638ccdc1-7,Basic,23.91,Monthly,2024-09-28
S12767,4ba02cea-9,Basic,18.32,Monthly,2022-11-01
S12768,2a0f5a15-4,Basic,17.09,Monthly,2021-09-11
S12769,2122c8ac-c,Standard,5.58,Monthly,2025-11-25
S12770,73d7aabc-a,Basic,14.83,Monthly,2024-01-15
S12771,40f21b2c-7,Premium,18.91,Monthly,2022-03-13
S12772,62909bc9-8,Basic,8.0,Monthly,2023-02-01
S12773,31fb1212-a,Basic,20.05,Yearly,2024-02-11
S12774,9746a9a3-e,Standard,5.78,Yearly,2023-05-26
S12775,538882fe-c,Basic,20.9,Yearly,2023-06-05
S12776,d7110c66-c,Premium,20.15,Yearly,2022-04-03
S12777,8734e0ae-0,Standard,13.96,Yearly,2025-08-11
S12778,f7040e85-1,Premium,17.57,Yearly,2024-04-11
S12779,f264437b-8,Premium,21.87,Yearly,2025-10-15
S12780,e59bdb18-6,Basic,21.16,Monthly,2025-05-03
S12781,7ee1b4c4-d,Premium,3.25,Monthly,2021-10-27
S12782,37b5e30f-f,Premium,5.21,Monthly,2023-03-31
S12783,2533ce3c-6,Basic,,Monthly,2025-04-04
S12784,55a591a9-f,Standard,21.21,Monthly,2024-05-11
S12785,c2edeaf1-a,Premium,19.67,Monthly,2022-01-04
S12786,3818afad-7,Standard,15.43,Monthly ,2021-06-03
S12787,5dba5231-4,Standard,6.07,Yearly,2023-03-17
S12788,be39e1c1-d,Standard,4.25,Yearly,2022-09-18
S12789,ad902bd6-8,Standard,10.71,Monthly,2021-11-10
S12790,81754421-9,Basic,6.25,Monthly,2024-06-06
S12791,78723903-a,,14.74,Yearly,2026-01-31
S12792,ea8406d6-c,Basic,19.83,Yearly,2025-06-20
S12793,fa5bf639-4,Standard,18.63,Yearly,2021-11-22
S12794,ca045699-4,Standard,4.25,Monthly,2023-05-22
S12795,f1c53099-2,Premium,5.3,Yearly,2022-05-26
S12796,9a733a51-7,Standard,19.12,Monthly,2021-05-24
S12797,c6c315f3-9,Standard,5.21,Monthly,2021-08-02
S12798,44120f31-1,Standard,10.52,Monthly,2022-09-23
S12799,48603d32-4,Basic,23.06,Monthly,2022-03-07
S12800,828c4155-d,Premium,3.36,Yearly,2021-11-25
S12801,0ae71aa6-d,Premium,19.91,Monthly,2024-07-01
S12802,7808acc1-5,Basic,11.15,Yearly,2025-08-27
S12803,cdf71ed3-b,Basic,7.27,Monthly,2021-10-17
S12804,4ca901f0-1,Basic,22.2,Yearly,2023-04-18
S12805,3e5c28da-2,Standard,19.97,Yearly,2022-03-27
S12806,c8fd7ab5-2,Basic,13.17,Monthly,2023-06-07
S12807,c3559f88-e,Premium,10.83,Yearly,2022-02-04
S12808,1c768e8c-f,Basic,12.99,Monthly,2022-08-01
S12809,937fe5bc-a,Pr3mium,18.81,Yearly,2021-08-15
S12810,f3a81356-f,Premium,24.79,Monthly,2021-06-03
S12811,49b9e9d2-9,Basic,18.74,Yearly,2022-08-06
S12812,375ee703-f,Standard,21.77,Yearly,2024-07-04
S12813,b1e3447c-c,Premium,9.18,Monthly,2024-06-11
S12814,4cb01695-2,Standard,23.56,Monthly,2022-03-07
S12815,246fe218-3,Basic,19.18,Monthly,2025-01-12
S12816,f159ee82-a,Standard,24.81,Yearly,
S12817,d39a4270-e,Basic,24.58,Yearly,2023-01-13
S12818,8481844c-e,Standard,20.77,Yearly,2023-10-16
S12819,2e79e65f-8,Basic,6.47,Monthly,2025-12-18
S12820,4d6f279b-f,Premium,,Yearly,2021-05-07
S12821,e6330daf-e,Basic,8.38,Monthly,2024-02-21
S12822,5ad61b56-6,Standard,24.46,Yearly,2022-03-12
S12823,312c985f-8,Premium,16.41,Yearly,2023-08-04
S12824,f923e33b-6,Standard,16.1,Yearly,2024-01-08
S12825,4fce4c6f-f ,Standard,3.23,Monthly,2023-05-10
S12826,408c6e12-b,Basic,21.01,Monthly,2025-05-03
S12827,424ef713-6,Premium,20.25,Yearly,2023-06-26
S12828,b5da89e0-1,Basic,7.97,Yearly,2021-03-04
S12829,09a2e033-e,Standard,11.84,Monthly,2022-12-09
S12830,3b4671b8-1,Basic,16.04,Monthly,2024-02-16
S12831,67d152c6-1,Standard,18.27,Monthly,2023-01-29
S12832,198d3e70-7,Premium,9.03,Yearly,2025-06-15
S12833,cbe80219-3,Premium,12.7,Monthly,2025-06-06
S12834,f1c0b67b-5,Basic,13.68,Yearly,
S12835,b874eb11-7,Premium,5.79,Monthly,2024-07-15
S12836,ac2ef7e0-e,Premium,22.56,Yearly,2023-08-05
S12837,1fd08bee-d,Basic,14.37,Yearly,2025-10-12
S12838,e6b83a94-9,Pr3mium,22.47,Monthly,2022-09-27
S12839,744e8a48-e,Premium,20.14,Yearly,2025-10-14
S12840,73cec17b-2,Standard,19.42,Yearly,2021-11-25
S12841,c5b673f6-c,Standard,5.38,,2021-09-19
S12842,9b3e049a-2,Standard,14.15,Yearly,2021-04-07
S12843,d42eb5fd-f,Standard ,18.17,Monthly,2023-11-06
S12844,c73b6167-d,Premium,,Monthly,2023-09-01
S12845,b2b0259c-3,Basic,20.58,Yearly,2022-09-27
S12846,7533a130-a,Premium,9.26,Yearly,2022-01-16
S12847,b4b00336-9,Basic,22.65,Yearly,2025-07-30
S12848,df43819d-9,Standard,13.76,Monthly,2024-11-16
S12849,8e4d0edc-0,Basic,19.62,Yearly,2024-01-24
S12850,b3d8d716-0,Premium,18.44,Yearly,2022-01-01
S12851,e9d77e12-c,Basic,24.93,,2022-01-10
S12852,eb9bb9ec-e,Standard,8.99,Monthly,2024-07-18
S12853,144afbec-5,Premium,19.9,Monthly,2026-01-08
S12854,9d021ff6-b,Premium,9.44,Yearly,2023-08-30
S12855,4f30f0bf-2,Basic,14.08,Yearly,2022-12-12
S12856,2aea15fb-3,Standard,13.31,Monthly,2022-11-18
S12857,a37c7b7d-9,Premium,3.39,Monthly,2025-03-02
S12858,53995ee2-7,Standard,6.05,Monthly,2025-01-25
S12859,e4677314-1,Basic,5.0,Monthly,2022-04-14
S12860,c6b8305f-8,Basic,19.73,Yearly,2026-02-09
S12861,d738b62d-4,Premium,20.6,Yearly,2024-10-27
S12862,1b759a94-e,Premium,21.26,Yearly,2024-05-21
S12863,4f506664-5,Basic,5.21,Monthly,2021-11-07
S12864,3bd3b423-5,Basic,24.5,Yearly,2024-09-24
S12865,c6c81c86-9,Basic,3.46,Yearly,2022-01-04
S12866,1e7c732c-7,Premium,15.73,Monthly,2021-11-08
S12867,67c17680-c,Standard,16.74,Yearly,2021-06-24
S12868,771482c5-7,Standard,8.52,Yearly,2023-07-22
S12869,9e9a0a20-8,Premium,24.98,Monthly,2022-06-16
S12870,9021a670-7,Premium,18.17,Yearly,2025-08-09
S12871,588444c6-3,Premium,6.29,Yearly,2025-03-12
S12872,5dd78823-3,Basic,18.59,Monthly,2021-06-04
S12873,e66655ac-8,Premium,21.36,Yearly,2022-08-05
S12874,b03f53c6-d,,6.28,Monthly,2025-10-17
S12875,6c2718a5-a,Premium,14.02,Yearly,2024-04-20
S12876,8556b667-9,Premium,3.04,Monthly,2025-06-18
S12877,9516ae6a-c,Basic,15.43,Monthly,2021-03-06
S12878,d5cba426-7,Premium,22.62,Monthly,2023-05-28
S12879,5134c698-6,Premium,14.24,Monthly,2026-01-25
S12880,e25edc0f-a,Basic,15.08,Monthly,2025-08-09
S12881,365d301c-e,Basic,21.03,Monthly,2022-07-15
S12882,672de46d-f,Standard,6.32,Yearly,2023-03-02
S12883,5211f752-c,Premium,20.06,Yearly,2021-09-03
S12884,af9d90e4-a,Standard,15.56,Monthly,2023-06-23
S12885,0d0f0cd2-2,Basic,24.34,Monthly,2024-08-21
S12886,c2d095d9-1,Basic,14.07,Yearly,2023-12-28
S12887,a744f6a0-c,Premium,13.14,Yearly,2023-09-15
S12888,7b87eeae-8,Standard,11.99,Yearly,2024-10-15
S12889,c3d9a5ce-0,Standard,9.62,Yearly,2024-03-09
S12890,d2f1b3e2-9,Basic,4.32,Monthly,2022-10-26
S12891,1aa33e0d-e,Premium,12.71,Yearly,2025-04-18
S12892,044ec33f-8,Basic,24.65,Yearly,2024-04-18
S12893,4b30d8db-f,Basic,10.99,Monthly,2022-08-23
S12894,cb77af19-e,Standard,6.69,Yearly,2024-12-22
S12895,3cfa3905-9,Premium,12.43,Monthly,2025-02-14
S12896,9913fd85-5,Basic,9.47,Monthly,2024-04-25
S12897,903d5c28-6,Premium,9.89,Yearly,2025-06-29
S12898,4c34dbd3-8,Basic,18.36,Yearly,2021-07-26
S12899,ebff3333-7,Premium,9.56,Yearly,2026-01-23
S12900,60f29a1f-c,Standard,16.22,Yearly,2023-10-31
S12901,f54eeeea-c,Premium,11.35,Yearly,2025-09-08
S12902,bc68c2ad-4,Standard,16.64,Yearly,2021-10-26
S12903,,Premium,6.83,Monthly,2025-10-24
S12904,cb3424a9-0,Premium,9.85,Yearly,2022-04-09
S12905,a7844742-3,Standard,16.25,Yearly,2025-05-19
S12906,6365518f-9,Basic,3.37,Yearly,2022-01-01
S12907,5aa879c6-1,Premium,8.64,Yearly,2025-01-03
S12908,74f8412e-5,Basic,22.53,Yearly,2022-11-05
S12909,a23d6891-f,Basic,21.27,Monthly,2023-10-28
S12910,dc911ed9-1,Standard,12.67,Yearly,2023-06-04
S12911,e94e79e1-a,Basic,18.17,Monthly,2025-05-14
S12912,d8c30c71-f,Standard,22.38,Yearly,2024-02-09
S12913,fea85277-4,Standard,23.48,Monthly,2022-02-25
S12914,9b28debd-3,Premium,7.36,Monthly,2024-06-06
S12915,2a32a093-a,Basic,6.01,Yearly,2022-03-07
S12916,f956d6cc-1,Basic,23.39,Monthly,2023-08-04
S12917,0cdadc27-b,Premium,7.3,Yearly,2023-04-03
S12918,7a7bec72-5,Premium,13.38,Yearly,2022-11-05
S12919,346e91c7-6,Premium,6.48,Yearly,2022-01-20
S12920,ecd90211-c,Standard,3.42,Monthly,2023-05-05
S12921,3650ec64-a,Basic,3.27,Yearly,2024-01-27
S12922,2713dc23-2,Standard,11.17,Yearly,2023-05-11
S12923,a982c0de-3,Standard,16.67,Monthly,2021-10-14
S12924,f17d7b70-4,Premium,14.58,Yearly,2024-05-10
S12925,a6c2afde-d,Premium,3.98,Yearly,2024-09-04
S12926,5be7a96b-d,Standard,20.53,Yearly,2023-06-07
S12927,51fa094a-b,Standard,7.66,Yearly,2025-09-24
S12928,072d7473-e,Basic,4.36,Yearly,2023-07-08
S12929,e41276cc-6,Basic,19.42,Yearly,2024-12-11
S12930,bfa7158c-8,Premium,24.05,Yearly,2025-01-14
S12931,19a032f7-9,Premium,22.75,Yearly,2022-06-09
S12932,15a4b123-b,Premium,12.72,Yearly,2022-10-06
S12933,7a523f77-2,Standard,8.18,Yearly,2021-03-18
S12934,5051894b-3,Standard,14.83,Yearly,2025-09-14
S12935,90ed136d-7,Premium,17.88,Monthly,2026-01-27
S12936,db99bba0-1,Basic,6.52,Monthly,2021-10-13
S12937,99ce6a52-c,Basic,7.99,Monthly,2023-03-17
S12938,3f78fe13-6 ,Standard,19.62,Monthly,2025-04-22
S12939,75367cc5-9,Standard,20.85,Monthly,2025-04-19
S12940,23b2c634-1,Basic,7.19,Monthly,2022-08-25
S12941,222672e4-3,Basic,23.71,Monthly,2021-06-16
S12942,b44cb291-5,Standard,14.08,Yearly,2023-03-08
S12943,17454e82-8,Basic,10.01,Monthly,2023-01-05
S12944,81192bc7-d,Standard,9.92,Monthly,2022-05-26
S12945,ba335812-6,Premium,17.91,Monthly,2021-06-03
S12946,9f8166f9-7,Standard,8.28,Monthly,2021-03-12
S12947,61858378-f,Premium,18.43,Monthly,2025-05-08
S12948,87ab23ba-8,Standard,22.92,Monthly,2023-09-07
S12949,4098751b-1,Premium,17.37,Monthly,2024-12-15
S12950,452345e3-6,Basic,8.24,Monthly,2021-04-12
S12951,be112167-e,Standard,5.76,Monthly,2022-08-03
S12952,199647c6-d,Basic,16.35,Yearly,2021-07-01
S12953,a0e3d19e-5,Basic,22.87,Monthly,
S12954,cb78a4aa-9,Basic,24.07,Monthly,2022-11-10
S12955,ca2393e7-b,Premium,15.72,Yearly,2023-10-14
S12956,2f4c2c9f-3,Basic,3.63,Monthly,2021-03-02
S12957,85e0498a-1,Premium,22.8,Monthly,2023-05-15
S12958,90090f0a-5,Standard,24.11,Monthly,2022-06-29
S12959,cb9f33be-c,Basic,6.53,Monthly,2023-05-14
S12960,21a83db2-8,Basic,12.18,Monthly,2021-08-20
S12961,1fdd4483-7,Premium,15.96,Yearly,2023-08-07
S12962,c2f325bd-c,Premium,24.76,Yearly,2023-10-09
S12963,d982e079-a,Premium,6.61,Yearly,2021-08-15
S12964,d14c3495-0,Basic,3.23,Yearly,2023-11-30
S12965,64402c27-4,Premium,19.39,Monthly,2024-10-13
S12966,cfdfd92d-c,Premium,3.49,Monthly,2022-03-10
S12967,da3f586f-f,Premium,21.82,Yearly,2024-01-24
S12968,4342de65-d,Premium,14.06,Yearly,2025-08-29
S12969,8bbc6997-7,standard,13.98,Monthly,2022-05-16
S12970,d776bcd5-4,Basic,6.28,Yearly,2024-03-28
S12971,6a398c84-6,Basic,24.5,Yearly,2021-11-30
S12972,fbc522ed-c,Standard,24.04,Yearly,2024-01-03
S12973,5dd1f7c2-3,Basic,13.02,Yearly,2024-08-05
S12974,070d2e79-6,Standard,15.32,Yearly,2024-03-27
S12975,a105372e-e,Standard,3.6,Monthly,2025-06-28
S12976,8d1ccfdb-0,Basic,21.41,Yearly,2024-04-26
S12977,3e74f26c-b,Standard,16.39,Yearly,2022-06-28
S12978,faf4cca7-a,Standard ,12.74,Monthly,2025-05-15
S12979,7e5c4abf-d,Basic,5.42,Monthly,2023-07-15
S12980,83d39a02-4,,4.28,Monthly,2021-11-13
S12981,39953750-b,Standard,23.94,Monthly,2023-10-20
S12982,9112c0f4-8,Basic,20.43,Monthly,2024-07-15
S12983,f7c556a8-5,Premium,12.75,Monthly,2023-04-19
S12984,b6ff525a-f,Premium,22.2,Yearly,2022-05-18
S12985,eebb7d4b-f,Standard,9.33,Monthly,2025-02-25
S12986,a21c295b-9,Premium,13.88,Monthly,2021-08-03
S12987,a56c63e5-a,Standard,22.08,Monthly,2021-06-22
S12988,4827ddee-d,Premium,18.97,Yearly,2025-11-18
S12989,f0fdd8c6-4,Basic,8.98,Yearly,2022-10-10
S12990,09b8cf01-4,Premium,15.94,Monthly,2022-05-15
S12991,63fc69fc-2,Premium,8.91,Monthly,2025-08-09
S12992,d75a9eec-9,Standard,22.68,Monthly,2026-01-27
S12993,9bf5c20c-c,Premium,18.69,Yearly,2022-02-10
S12994,9dbe551e-4,Basic,13.38,Monthly,2024-09-12
S12995,b45b9e69-e,Basic,11.53,Yearly,2023-12-08
S12996,4154851e-4,Standard,16.6,Yearly,2023-11-10
S12997,e251acb7-8,Premium,13.86,Monthly,2021-03-24
S12998,e93b68c3-c,Premium,13.18,Yearly,2024-10-08
S12999,c7b56229-4,Standard,18.04,Yearly,2025-07-02
S13000,e2e13b7e-e,Standard,24.42,Yearly,2021-11-15
S13001,b0e9e849-b,Premium,12.19,Yearly,2022-08-14
S13002,f5b8d41a-7,Standard,16.26,Yearly,2024-01-06
S13003,6f39e16d-9,Premium,21.91,Yearly,2022-06-03
S13004,ec9daf15-b,Basic,17.3,Monthly,2022-08-14
S13005,afad8390-6,Premium,5.52,Monthly,2023-07-22
S13006,ea51bb1b-b,Standard,7.18,Monthly,2021-04-04
S13007,136f4bbe-4,Standard,24.32,Monthly,2023-07-15
S13008,b68a9460-b,Standard,8.02,Yearly,2026-01-29
S13009,c6477764-5,Premium,21.02,Yearly,2022-06-08
S13010,9208a49d-3,Premium,5.94,Monthly,2025-04-28
S13011,73a16062-1,Basic,24.73,Yearly,2024-08-12
S13012,9769ccab-0,Basic,8.21,Monthly,2022-02-21
S13013,d865ff7e-0,Premium,20.55,Monthly,2024-11-11
S13014,21474e69-0,Standard,24.4,Monthly,2024-11-15
S13015,b17713cd-2,Standard,20.57,Yearly,2023-08-11
S13016,4c282f7f-1,Standard,13.78,Yearly,2022-01-29
S13017,a786ff84-6,Basic,18.87,Monthly,2023-05-23
S13018,bc30c863-6,Premium,6.72,Yearly,2024-07-23
S13019,11a2792e-1,Standard,6.92,Yearly,2022-01-14
S13020,09465151-5,Basic,7.74,Monthly,2023-07-01
S13021,a7080b5c-c,Standard,24.55,Monthly,2021-10-13
S13022,8520d1b2-0,Premium,3.5,Monthly,2023-06-29
S13023,d4189dae-8,Standard,15.49,Monthly,2021-05-06
S13024,3cf31942-5,Basic,24.49,Monthly,2024-06-10
S13025,b9762371-0,Premium,5.47,Monthly,2023-12-08
S13026,72e15192-7,Standard,3.36,Yearly,2023-08-25
S13027,cd83f082-8,Standard,9.09,Monthly,2023-10-22
S13028,f92370db-0,Basic,18.67,Yearly,2022-07-12
S13029,753ff1ab-7,Premium,12.62,Yearly,2021-02-16
S13030,e36b90ee-9,Standard,4.53,Monthly,2024-05-09
S13031,8451ef63-9,Basic,6.62,Yearly,2025-04-26
S13032,9f94a279-a,Premium,3.52,Monthly,2025-07-17
S13033,ae4b2539-c,Basic,4.05,Yearly,2021-02-16
S13034,fe7e6993-4,Premium,17.54,Yearly,2022-09-08
S13035,c27bb768-d,Standard,11.9,Yearly,2023-10-11
S13036,bcda6384-d,Standard,19.75,Yearly,2022-09-12
S13037,3475421f-d,Premium,21.86,Yearly,2023-12-23
S13038,380f67b2-a,Premium,18.91,Yearly,2021-03-05
S13039,427fce03-1,Basic,24.97,Yearly,2025-09-14
S13040,3615c969-4,Basic,22.34,Monthly,2024-07-02
S13041,9cbe49e7-6,Premium,19.5,Monthly,2021-05-15
S13042,75fe1780-9,Premium,22.35,Monthly,2025-10-18
S13043,7a143949-b,Basic,14.14,Yearly,2024-02-12
S13044,47b44fe5-b,Standard,13.87,Monthly,2023-12-10
S13045,9e04987b-4,Standard,18.86,Monthly,2021-03-31
S13046,43b44030-9,Basic,17.04,Yearly,2021-05-05
S13047,28d73b61-c,Basic,24.75,Yearly,2024-10-12
S13048,a46071d6-1,Premium,6.46,Yearly,2024-02-19
S13049,03d28482-6,Premium,21.44,Monthly,2023-09-12
S13050,197d9e3e-7,Standard,3.22,Monthly,2026-02-09
S13051,4270966a-d,Premium,5.01,Yearly,
S13052,5bbe4d9f-b,Premium,7.36,Monthly,2023-12-27
S13053,1093c340-8,Standard,17.45,Yearly,2025-11-03
S13054,fd48f095-8,Standard,8.26,Monthly,2024-09-14
S13055,5644c158-b,Premium,6.52,Yearly,2021-09-24
S13056,f2fc0323-b,Premium,14.21,Monthly,2021-03-08
S13057,4f1b6079-5,Premium,13.66,Yearly,2025-11-14
S13058,99a32f87-7,Premium,7.23,Yearly,2023-07-12
S13059,0a8ebf99-d,Basic,11.18,Yearly,2022-07-08
S13060,6ce403e8-7,Basic,6.49,Monthly,2025-09-10
S13061,21517ac1-b,Basic,21.44,Monthly,2021-10-29
S13062,59a37017-b,Premium,3.47,Monthly,2023-11-01
S13063,99ceae4d-2,Basic,11.93,Monthly,2025-05-17
S13064,53394b34-9,Basic,3.25,Yearly,2021-08-07
S13065,c7ec9403-2,Premium,12.65,Monthly,2021-10-22
S13066,09130194-3,Premium,21.3,Monthly,2025-05-25
S13067,c79c4c5c-1,Premium,23.33,Monthly,2022-05-16
S13068,7b2d1bf2-f,Basic,19.76,Monthly,2022-10-09
S13069,beec9bb1-6,Standard,21.85,Monthly,2024-02-25
S13070,65fe21ec-6,Basic,11.62,Yearly,2023-11-24
S13071,07a8173b-c,,18.72,Monthly,2022-05-27
S13072,11b4dae6-8,Basic,15.47,Monthly,2022-12-22
S13073,51d68f5d-8,Basic,11.82,Yearly,2025-05-30
S13074,cf470e8d-0,Standard,10.4,Monthly,2022-07-24
S13075,507272dc-7,Standard,17.89,Yearly,2024-07-02
S13076,f8d3ea14-7,Standard,17.64,Yearly,2022-02-09
S13077,a99be64c-4,Basic,15.49,Monthly,2022-03-07
S13078,127d6231-7,Standard,22.12,Monthly,2021-10-18
S13079,e98614f1-1,Basic,13.5,Yearly,2024-07-23
S13080,936ebf51-b,Standard,9.17,Yearly,2024-10-14
S13081,0805be7d-9,Basic,24.23,Yearly,2026-01-13
S13082,8feca3e4-b,standard,9.99,Yearly,2025-05-26
S13083,3d02a119-8,Standard,11.44,Monthly,2023-01-17
S13084,e16937eb-6,Basic,16.94,Monthly,2024-06-27
S13085,5600e222-0,Basic,22.64,yearly,2021-07-25
S13086,7832772d-b,Basic,24.0,Yearly,2022-07-12
S13087,4c990a31-5,Basic,7.97,Monthly,2021-06-29
S13088,697c1c07-b,Premium,20.47,Monthly,2022-12-19
S13089,930a0095-4,basic,8.71,Monthly,2023-04-30
S13090,e4e87dd6-e,Premium,3.38,Monthly,2024-06-08
S13091,4a56bd76-0,Premium,15.15,Yearly,2024-03-15
S13092,c6888812-8,Basic,8.53,Yearly,2022-05-04
S13093,d81c237a-9,Premium,24.77,Yearly,2024-08-14
S13094,c546fe00-9,Standard,15.37,Monthly,2025-02-24
S13095,ba3ac004-6,Standard,4.65,Monthly,2022-02-07
S13096,0234a09b-b,Premium,5.45,Monthly,2023-02-22
S13097,891e3b0c-9,Premium,16.08,Yearly,2025-04-27
S13098,0ed9c7ed-4,Standard,8.44,Monthly,2021-09-04
S13099,35f448e8-b,Basic,13.38,Yearly,2023-08-15
S13100,698c998d-4,Basic,10.63,Monthly,2024-04-11
S13101,13fc21ed-d,Premium,19.93,Yearly,2024-06-22
S13102,7c7f81ff-2,Basic,9.09,Yearly,2021-08-28
S13103,e2c61315-3,Premium,16.14,Monthly,2021-05-30
S13104,06abb29f-d,Standard,6.48,Monthly,2025-10-17
S13105,cffb9c3f-8,Standard,18.69,Yearly,2024-02-15
S13106,30e3a552-d,Basic,12.92,Monthly,2021-05-12
S13107,043d5332-d,Standard,9.89,Monthly,2024-02-18
S13108,680a9014-d,Standard,24.77,Monthly,2021-02-14
S13109,1db431d3-b,Basic,9.27,Monthly,2023-01-17
S13110,86f61d94-2,Premium,24.9,Yearly,2021-11-23
S13111,482a09a7-f,Premium,19.29,Yearly,2024-04-24
S13112,f22bdc65-1,Standard,5.37,Monthly,2024-06-27
S13113,690a1f05-9,Premium,8.51,Yearly,2024-02-12
S13114,8ec69eb7-3,Premium,7.97,Monthly,2025-06-07
S13115,8a95a2f0-f,Basic,21.0,Monthly,2026-02-02
S13116,c0406410-0,Standard,11.06,Yearly,2025-07-09
S13117,a253d191-d,Standard,21.54,Monthly,2021-04-02
S13118,fc713e29-1,Premium,16.38,Yearly,2024-02-17
S13119,2874ce53-7,Premium,5.41,Yearly,2023-06-18
S13120,16036f7e-9,Premium,20.38,Yearly,2022-12-28
S13121,b0b11450-0,Standard,4.69,Monthly,2021-10-28
S13122,f190e28c-9,Premium,7.79,Monthly,2024-01-28
S13123,e7b9b510-b,Basic,5.21,Yearly,2026-01-22
S13124,802fc0a9-6,Standard,24.72,Yearly,2021-07-28
S13125,a55de740-b,Premium,13.25,Monthly,2022-08-10
S13126,9cd8face-6,Premium,8.0,Monthly,2021-05-12
S13127,5672824e-6,Basic,19.94,Yearly,2025-12-19
S13128,72a0306e-f,Standard,6.66,Monthly,2025-01-03
S13129,e2daeef8-9,Premium,20.01,Monthly,2021-09-18
S13130,dd19987d-b,Standard,5.54,Yearly,2025-04-18
S13131,5a2ee707-a,Premium,17.17,Yearly,2021-04-25
S13132,7e29edae-1,Standard,11.52,Monthly,2023-06-07
S13133,8dbdc9e6-f,Basic,6.63,Yearly,2024-06-04
S13134,d8600270-3,Basic,16.82,Yearly,2023-07-30
S13135,8a8e37d9-3,Premium,14.61,Yearly,2021-06-14
S13136,a16b3942-a,Standard,22.17,Monthly,2023-03-05
S13137,2cabcd2b-5,Pr3mium,14.38,Monthly,2022-07-29
S13138,8e52bab6-d,Premium,11.98,Yearly,2023-02-03
S13139,5736a86e-a,Standard,7.89,Yearly,2024-12-22
S13140,8f2f1dcb-7,Basic,5.9,Yearly,2025-12-05
S13141,31c0a340-8,Premium,5.63,Yearly,2024-07-18
S13142,fc6bdbd0-0,Basic,17.23,Yearly,2022-06-27
S13143,a25330fc-8,Standard,14.38,Monthly,2024-11-10
S13144,47d9c558-2,Standard,9.12,Monthly,2024-10-08
S13145,fb7b82cc-1,Pr3mium,5.14,Monthly,2024-01-02
S13146,6018fc5d-d,Standard,6.56,Yearly,2025-07-15
S13147,d2d7e98b-0,Basic,18.72,Yearly,2026-01-31
S13148,711602fb-f,Basic,21.48,Yearly,2025-01-30
S13149,c25cb7df-4 ,Premium,10.87,Monthly,2022-07-17
S13150,f716a43d-6,Basic,9.6,Monthly,2022-03-13
S13151,2c1bb8d6-e,Premium,24.58,Monthly,2022-09-14
S13152,d54968d9-c,Premium,8.36,Yearly,2024-11-06
S13153,7efda109-9,Basic,12.67,Monthly,2025-12-10
S13154,c4e72bfb-1,Basic,19.41,Monthly,2022-02-06
S13155,8fba0ac7-a,Basic,17.52,Yearly,2024-10-25
S13156,ad1873b9-5,Premium,24.49,Monthly,2025-12-31
S13157,88891fd3-5,Basic,17.09,Monthly,2023-04-11
S13158,c6eb178f-4,Basic,13.57,Monthly,2025-03-17
S13159,fae0260a-1,Premium,9.11,Monthly,2024-11-03
S13160,7370a46e-a,Standard,24.91,Yearly,2021-06-07
S13161,5f6d342c-a,Basic,20.52,Monthly,2025-12-31
S13162,7fdd8890-f,Basic,19.04,Monthly,2021-05-24
S13163,c263f186-7,Standard,19.8,Monthly,2023-06-14
S13164,2bb29607-4,Basic,14.56,Yearly,2022-02-04
S13165,7e7b94ff-2,Standard,7.22,Monthly,2023-08-05
S13166,ba0b5ca3-9,Standard,4.94,Monthly,2024-02-22
S13167,a1d0c314-b,Basic,7.95,Yearly,2021-02-28
S13168,ba899a38-8,Premium,19.76,Monthly,2022-02-02
S13169,48fa5e44-1,Premium,3.95,Monthly,2025-01-07
S13170,017f318e-6,Basic,20.16,Yearly,2024-06-02
S13171,dc9a67a2-4,,11.01,Monthly,
S13172,524d7327-8,Standard,13.74,Monthly,2024-07-16
S13173,0924818a-b ,Basic,3.44,Yearly,2025-10-13
S13174,8df706c1-1,Basic,21.94,Monthly,2022-03-06
S13175,ea5f5122-8,Standard,19.04,Yearly,2025-09-23
S13176,e839fda5-c,Premium,,Monthly,2023-04-09
S13177,409e2147-a,Premium,24.65,Yearly,2022-07-11
S13178,3c2a653a-1,Standard,9.57,Yearly,2023-08-14
S13179,8d3fb15b-f,Standard,23.11,Yearly,2024-10-18
S13180,1610b973-7,Premium,9.26,Y3arly,2023-12-22
S13181,0fc73081-a,Standard,16.84,Yearly,2022-07-09
S13182,4d016778-5,Standard,9.21,Monthly,2025-07-07
S13183,e2056f98-c,Standard,18.78,Yearly,2024-02-26
S13184,5b467316-f,Standard,6.56,Monthly,2023-01-07
S13185,ad32136f-e,Premium,15.26,Yearly,2021-06-05
S13186,15ed5283-4,Standard,18.31,Yearly,2022-02-06
S13187,d4b86ed6-7,Basic,6.85,Yearly,2024-06-11
S13188,37041f3e-e,Standard,22.2,Monthly,2024-08-26
S13189,41324d26-1,Premium,4.65,Monthly,2023-08-02
S13190,8e609a96-0,Basic,3.6,Yearly,2024-07-31
S13191,98d9d3b6-a,Standard,22.7,Yearly,2024-03-19
S13192,56516c75-5,Premium,20.6,Monthly,2025-07-26
S13193,8ddf28bd-7,Premium,,Monthly,2022-01-26
S13194,eae993ec-c,Premium,,Monthly,2021-07-30
S13195,5668d6f1-b,Basic,7.99,Yearly,2023-05-22
S13196,9b91a098-f,Standard,19.56,Monthly,2021-02-18
S13197,060fdbc3-7,Premium,20.13,Monthly,2024-12-23
S13198,963ea211-9,Basic,21.42,Yearly,
S13199,98425ffc-7,Standard,,Yearly,2022-10-27
S13200,1d7f2412-0,Standard,8.52,Yearly,2024-05-13
S13201,9da79ef1-8,Standard,22.55,Yearly,2022-12-11
S13202,5335a296-e,Basic,23.93,Monthly,2025-06-18
S13203,8dc17987-e,Standard,23.33,Yearly,2025-11-11
S13204,ee5b86f6-0,Basic,14.15,Yearly,2023-12-19
S13205,fc69d173-e,Standard,9.06,Monthly,2023-01-19
S13206,dc02bf95-8,Standard,20.65,Monthly,2024-03-04
S13207,e7257318-f,Standard,15.75,Yearly,2024-09-17
S13208,f2afc39f-6,Standard,8.55,Yearly,2021-06-10
S13209,bbc40d8b-6,Premium,7.56,Monthly,2022-04-07
S13210,d030ef21-f,Basic,8.0,Monthly,2022-07-29
S13211,fd43a952-d,Standard,15.5,Yearly,2024-11-23
S13212,a718ba6c-7,Standard,10.67,Monthly,2025-10-24
S13213,f17e5cf0-a,Premium,7.96,Yearly,2024-12-01
S13214,c07e0aad-6,Premium,7.36,Monthly,2024-05-29
S13215,d5e9ef83-a,Premium,16.95,Monthly,2022-04-24
S13216,0d7f89cd-6,Standard,15.21,Yearly,2024-01-01
S13217,a33f26d2-4,premium,4.43,Monthly,2024-12-11
S13218,db27cde0-8,Standard,7.28,Yearly,
S13219,a776a037-3,Basic,10.78,Yearly,2023-11-19
S13220,07feb567-8,Premium,9.51,Monthly,2021-06-16
S13221,a412553c-2,Premium,14.16,Yearly,2024-02-26
S13222,1143e13c-7,Basic,23.76,Monthly,2022-07-28
S13223,4a4a0e09-b,Standard,18.7,Monthly,2021-06-19
S13224,3ac066ba-f,Basic,17.51,Monthly,2021-09-27
S13225,3835480b-7,Standard,12.09,Monthly,2022-09-22
S13226,64ba57b2-1,Standard,24.45,Monthly,2023-10-26
S13227,7a7cd0a5-d,Basic,22.64,Monthly,2024-11-28
S13228,aa0ce273-3,Premium,20.91,Monthly,2023-11-09
S13229,96b84eb9-0,Premium,9.32,Monthly,2023-04-18
S13230,5f857439-2,Basic,,Monthly,2021-05-05
S13231,4bc42d82-2,Basic,19.99,Yearly,2024-06-05
S13232,2d0b1a20-a,Basic,3.67,Yearly,2025-04-30
S13233,1bd552c8-7,Premium,16.75,Yearly,2025-07-31
S13234,6578c508-7,Standard,3.33,Monthly,2024-09-02
S13235,4284e521-9,Premium,20.56,Monthly,2021-09-15
S13236,00f347c8-4,Premium,15.41,Monthly,2022-10-21
S13237,abf0f591-a,Standard,10.93,Monthly,2024-05-16
S13238,4ea63a3f-b,Premium,11.21,Yearly,2023-10-26
S13239,af757717-7,Premium,19.78,Monthly,2025-01-05
S13240,102a8594-0,Standard,15.73,Yearly,2023-10-03
S13241,04edd552-6,Premium,20.61,Monthly,2024-06-19
S13242,b8b33668-e,Basic,5.34,Yearly,2023-12-14
S13243,a62d6abc-4,Premium,11.05,Yearly,2023-05-30
S13244,d8c9b060-8,Basic,19.0,Yearly,2022-04-16
S13245,3f127817-a,Standard,16.9,Yearly,2025-05-12
S13246,12b1e388-a,Standard,13.62,Monthly,2021-10-11
S13247,3ba6ce99-d,Standard,11.29,,2022-09-26
S13248,0961bc95-8,Standard,18.37,Yearly,2022-11-01
S13249,dd851e61-4,Premium,16.12,Yearly,2022-12-18
S13250,aa79a024-b,Basic,7.12,Monthly,2022-06-23
S13251,0de54d0b-a,Basic,16.56,Yearly,2024-06-15
S13252,10ff6a3c-f,Standard,13.96,Monthly,2024-01-24
S13253,dd50bc17-0,Basic,23.45,Yearly,2021-09-12
S13254,610494ac-1,Basic,17.53,Yearly,2025-02-05
S13255,c44a5bb4-5,Premium,7.8,Yearly,2024-01-15
S13256,98f5d497-3,Premium,20.62,Monthly,
S13257,ec4525e2-b,Standard,13.82,Monthly,2022-08-12
S13258,44455f2e-6,Premium,14.36,Yearly,2023-11-24
S13259,7daaf93f-7,Basic,12.01,Yearly,2024-03-06
S13260,0a84fbbd-0,Basic,13.64,Monthly,2022-07-14
S13261,03562f9a-a,Premium,21.31,Monthly,2025-09-16
S13262,e3826d45-e,Basic,3.2,Yearly,2021-12-08
S13263,08900f17-a,Standard ,23.86,Monthly,2024-05-29
S13264,21274261-8,Premium,14.32,Yearly,2025-02-28
S13265,d80c55ac-d,Basic,9.29,Monthly,2021-03-18
S13266,541f8668-f,Basic,,Yearly,2023-12-12
S13267,ea870a6c-f,Basic,8.58,Yearly,2025-05-09
S13268,5e4e8aa9-0,Standard,23.58,Monthly,2023-11-13
S13269,f8dfa2f4-b,Standard,3.04,Yearly,2025-02-26
S13270,b3c5ce1f-b,Basic,22.65,Yearly,2024-05-31
S13271,f1a62873-0,Standard,21.5,Yearly,2023-12-08
S13272,b0e3fc95-5,Standard,19.55,Yearly,2022-07-01
S13273,f88b20f2-b,Premium,9.9,Yearly,2021-10-13
S13274,ae47e47b-b,Standard,8.35,Monthly,2023-07-08
S13275,2d35c98d-5,Basic,4.84,Yearly,2021-10-20
S13276,852e7b92-5,Standard,8.41,Yearly,2022-01-06
S13277,bd7cdbca-d,Standard,7.37,Monthly,2024-10-25
S13278,0958452c-9,Standard,8.45,Yearly,2022-01-18
S13279,dc118728-3,Standard,9.25,Yearly,2023-10-06
S13280,faee7041-6,Premium,6.93,Monthly,2022-01-26
S13281,54b311c9-4,Basic,4.49,Yearly,2022-11-07
S13282,5673860e-1,Standard,9.22,Monthly,2023-01-30
S13283,b18fcdd5-7,Premium,24.44,Monthly,2025-07-30
S13284,0fdf4023-b,Premium,16.01,Yearly,2022-01-31
S13285,7fe7a91c-5,Standard,19.42,Monthly,2023-07-07
S13286,4a54c267-c,Standard,6.02,Monthly,2025-04-16
S13287,10a92ba7-2,Basic,14.84,Monthly,2022-11-06
S13288,8f039665-6,Standard,5.89,Monthly,2021-12-29
S13289,ba86bcef-8,Basic,13.47,Yearly,2021-03-01
S13290,240f3a55-1,Standard,10.48,Yearly,2022-11-21
S13291,5b02011f-5,Premium,21.76,Monthly,2022-07-23
S13292,a71607b6-f,Basic,5.4,Monthly,2023-04-06
S13293,63f2770f-4,Basic,6.3,Monthly,2022-12-06
S13294,8fa649bf-f,Premium,14.08,Yearly,2024-03-28
S13295,52315fec-c,Basic,16.27,Monthly,2022-08-26
S13296,f9eaa66a-2,Premium,5.03,Monthly,2022-12-20
S13297,d06b7daa-2,Premium,16.12,Yearly,2025-01-13
S13298,db8d2fc3-d,,24.26,Yearly,2022-03-14
S13299,70586ba0-b,Standard,24.4,Monthly,2026-02-02
S13300,d784f1ac-5,Standard,19.11,Monthly,2025-11-15
S13301,44564fbe-b,Standard,9.48,Monthly,2021-09-27
S13302,fcae829c-8,Standard,10.83,Yearly,2022-10-30
S13303,319ae93b-9,Basic,9.88,Monthly,2023-07-12
S13304,9913cf77-8 ,Premium,8.74,Monthly,2023-01-02
S13305,76e7497c-e,Basic,12.7,Yearly,2022-12-05
S13306,6bec2eee-8,Standard,5.48,Yearly,2024-12-21
S13307,cb080484-5,Standard,8.27,Monthly,2023-05-07
S13308,724f069a-b,Basic,17.7,Yearly,2021-10-16
S13309,f447638f-c,Basic,10.65,Yearly,2024-07-14
S13310,eabd7f3c-1,Basic,23.84,Monthly,2021-11-23
S13311,d9ae6eb9-4,Premium,22.11,Monthly,2024-04-22
S13312,2e7f567c-b,Standard,20.49,Yearly,2022-01-07
S13313,367c66b8-8,Basic,8.46,Yearly,2024-08-04
S13314,d385e4ab-9,Standard,12.66,Yearly,2022-05-07
S13315,cbc243ba-c,Premium,20.39,Yearly,2022-01-29
S13316,0f0a00a1-2,Basic,17.51,Monthly,2023-02-17
S13317,cbcd0b54-1,Premium,4.62,Monthly,2025-04-28
S13318,cc1b03b4-f,Standard,21.57,Monthly,2022-04-17
S13319,432d516b-c,Basic,4.75,Monthly,2025-05-18
S13320,41be8971-b,Standard,12.6,Yearly,2022-01-31
S13321,1c7e4290-b,Premium,16.52,Monthly,2025-06-11
S13322,cbb103e8-3,Basic,8.42,Monthly,2023-09-10
S13323,af831d15-7,Standard,16.97,Monthly,2025-03-18
S13324,c4f6b86f-6,Standard,21.71,Monthly,2022-02-19
S13325,07c69467-a,Standard,10.37,,2025-03-07
S13326,8ebd50a6-d,Premium,14.93,Yearly,2023-04-26
S13327,c7ce3619-7,Basic,9.31,Monthly,2023-02-09
S13328,cbc8d904-c,Basic,22.41,Yearly,2024-06-25
S13329,00a40663-a,Premium,24.97,Monthly,2022-08-13
S13330,41abd077-c,Premium,16.76,Yearly,
S13331,101a5d01-6,Basic,21.15,Monthly,2024-08-19
S13332,986de8f4-2,Standard,8.32,Yearly,2023-01-23
S13333,4c4faa38-1,Premium,3.39,Yearly,2021-12-28
S13334,86e8151e-4,Standard,3.55,Monthly,2023-05-07
S13335,6e16315f-e,Premium,17.68,Yearly,2024-09-03
S13336,5faa283c-7,Basic,3.68,Monthly,2021-04-21
S13337,75d62e23-f,Basic,5.92,Yearly,2024-05-19
S13338,6a811261-7,Standard,24.08,Yearly,2024-05-11
S13339,7ad43f61-f,Basic,7.13,Yearly,2025-04-07
S13340,7c44881a-4,Premium,24.82,Yearly,2021-11-21
S13341,d49b3bd1-a,Basic,11.12,Monthly,2021-06-25
S13342,ff59e23a-0,Standard,11.65,Monthly,2025-12-03
S13343,e1f9a6f8-4,Premium,11.97,Monthly,2023-01-06
S13344,5855a718-c,Basic,21.61,Yearly,2025-10-11
S13345,86c03669-1,Standard,24.52,Yearly,2024-05-28
S13346,52b9bc3b-4,Basic,9.39,Yearly,2021-06-06
S13347,5b4c0920-9,Premium,5.11,Monthly,2021-09-22
S13348,57808525-a,Basic,5.43,Monthly,2024-08-30
S13349,04b4f946-9,Standard,17.89,Yearly,2023-05-07
S13350,2e14f48d-4,Standard,8.86,Yearly,2024-10-30
S13351,54a07e20-d,Standard,16.5,Yearly,2026-02-06
S13352,f62974a0-7,Standard,15.53,Monthly,2024-04-10
S13353,88a13a24-8,Premium,15.31,Monthly,2025-06-16
S13354,667bbc3d-5,Basic,19.1,Monthly,2024-08-11
S13355,a816d57a-2,Premium,17.17,Monthly,2024-06-22
S13356,de84f384-f,Basic,19.99,Yearly,2021-08-17
S13357,8e9c11af-c,Standard,7.43,Monthly,2026-02-09
S13358,dec8d4e1-f,Basic,9.64,Monthly,2024-12-19
S13359,59e8de8b-7,Premium,10.68,Yearly,2023-09-24
S13360,79833130-0,Basic,20.02,Yearly,2023-04-13
S13361,3aadf24d-d,Standard,18.42,Monthly,2022-01-05
S13362,39e35460-3,Basic,18.29,Yearly,2022-11-22
S13363,9badbe92-1,Premium,16.84,Monthly,2023-04-16
S13364,74ba824a-4,Premium,10.42,Yearly,2025-12-01
S13365,281356f5-2,Basic,19.16,Monthly,2024-12-04
S13366,7bc9c208-5,Basic,8.25,Monthly,2025-10-17
S13367,4ede58c0-6,Premium,19.71,Monthly,2022-12-19
S13368,36dfe9ab-1,Standard,19.6,Monthly,2025-08-27
S13369,997aff79-1,Premium,24.25,Yearly,2023-08-16
S13370,13f140ac-2,Standard,11.66,Monthly,2025-02-23
S13371,d88fc074-3,Basic,11.42,,2024-05-11
S13372,743258ab-4,Premium,12.54,Monthly,2024-04-27
S13373,70728b07-8,Premium,9.89,Yearly,2025-04-27
S13374,da1ccc5d-b,Basic,4.31,Monthly,2021-05-10
S13375,ec3e49d1-9,Standard,24.49,Yearly,2025-03-03
S13376,70a3813e-7,Standard,6.68,Monthly,2021-07-13
S13377,2cfa4706-1,Basic,24.65,Yearly,2023-10-23
S13378,bcbb6178-4,Basic,11.61,Yearly,2023-02-04
S13379,,Standard,10.65,Monthly,2022-10-15
S13380,3bf770bd-2,Basic,6.14,Yearly,2023-09-09
S13381,7e97b5fe-b,Premium,8.24,Yearly,2022-05-10
S13382,f89cff73-6,Premium,15.15,Yearly,2024-04-21
S13383,cbe376e0-8,Basic,15.85,Monthly,2022-10-16
S13384,f05c651e-d,Standard,3.14,Yearly,2023-08-23
S13385,f6dc75b0-c,Basic,15.03,Monthly,2022-05-19
S13386,3e7edcc0-8,Premium,11.51,Yearly,2021-12-25
S13387,481696eb-b,Premium,17.86,Monthly,2024-09-03
S13388,3dcafd89-f,Standard,15.98,Yearly,2025-03-21
S13389,7bcb3c29-1,Premium,22.88,Yearly,2024-01-08
S13390,7abc60dd-c,Basic,19.6,Monthly,2023-06-07
S13391,50218bba-2,Basic,6.73,Yearly,2021-03-21
S13392,bfd12eb6-d,Premium,6.02,Yearly,2021-04-20
S13393,725a9bf0-a,Premium,24.8,Monthly,2021-06-15
S13394,076a85d9-8,Standard,5.13,Yearly,2026-01-01
S13395,2367bd77-0,Basic,13.09,Monthly,2024-09-19
S13396,23a9596e-c,Premium,3.5,Yearly,2022-11-20
S13397,864f61c4-e,Basic,7.93,Yearly,2021-05-14
S13398,de1ceb1c-6,Premium,4.19,Yearly,2021-08-19
S13399,76f82530-e,Premium,15.77,Monthly,2021-02-22
S13400,2a2f977c-e,Basic,20.95,Monthly,2022-05-30
S13401,ab30897f-e,Basic,12.85,Yearly,2021-05-14
S13402,fe59c59e-c,Basic,16.07,Monthly,2023-11-20
S13403,cbfb6668-1,Standard,20.84,Yearly,2024-06-17
S13404,232bdfd5-7,Premium,12.87,Yearly,2025-11-11
S13405,159b2e53-0,Standard,21.38,Yearly,2021-07-01
S13406,22e28e9f-2,Premium,14.51,Monthly,2025-10-22
S13407,a5441379-9,Basic,11.21,Monthly,2021-03-01
S13408,5081e39f-1,Premium,4.9,Monthly,2021-10-21
S13409,91d26389-0,Premium,15.12,Yearly,2023-11-20
S13410,32d6f2cd-d,Standard,5.78,Yearly,2022-01-06
S13411,433e5d54-0,Premium,16.27,Yearly,2024-12-17
S13412,787533f7-8,Premium,19.16,Monthly,
S13413,0bf733e3-c,Premium,12.37,Yearly,2021-05-28
S13414,fd937d1a-5,Standard,6.19,Yearly,2024-02-06
S13415,0c79acd3-9,Standard,11.43,Monthly,2024-12-24
S13416,e11c641c-3,Premium,20.29,Monthly,2025-07-24
S13417,4ff21abe-1,Premium,7.32,Monthly,2023-08-12
S13418,08d1e031-b,Basic,13.8,Yearly,2025-07-25
S13419,d508ff8c-1,Premium,8.47,Monthly,2022-05-17
S13420,a9074f61-5,Premium,13.18,Monthly,2023-08-11
S13421,bfb49fe0-6,Basic,4.46,Yearly,2024-02-04
S13422,5ad048cf-8,Standard,12.47,Yearly,2023-04-06
S13423,be1705ac-b,Standard,6.07,Monthly,2023-01-05
S13424,ac721750-5,Premium,17.45,Yearly,2021-11-23
S13425,41717862-0,Basic,6.6,Yearly,2023-03-24
S13426,5d569e59-d,Premium,12.67,Monthly,2021-10-15
S13427,c6866daf-f,Standard,22.19,Monthly,
S13428,f3930d95-c,Premium,9.67,Monthly,2022-07-07
S13429,4dea7ee4-f,Basic,21.88,Yearly,2024-04-21
S13430,3e243ab8-0,Standard,18.71,Monthly,2021-12-12
S13431,cfd9030b-a,Premium,3.93,Yearly,2022-11-23
S13432,11f362ba-c,Basic,3.99,Yearly,2024-04-23
S13433,c9e34107-0,Premium,11.35,Monthly,2022-08-31
S13434,ef955b7b-7,Premium,16.77,Yearly,2021-06-28
S13435,e580dae6-d,Basic,23.68,Yearly,2023-10-06
S13436,5769448b-1,Basic,19.45,Monthly,2025-10-06
S13437,903bbe70-7,Premium,10.85,Monthly,2023-09-05
S13438,80b2739f-0,Standard,16.98,Yearly,2024-12-19
S13439,862cef42-4,Basic,4.92,Monthly,2024-02-23
S13440,601d0fd6-5,Basic,22.43,Monthly,2025-09-25
S13441,897da750-4,Premium,22.86,Yearly,2021-09-24
S13442,49c71392-8,Basic,8.59,Monthly,2024-02-07
S13443,c8ebec39-a,Standard,8.12,Monthly,2025-10-04
S13444,d3654701-8,Basic,18.35,Yearly,2022-03-05
S13445,5efc9b0c-4,Premium,9.24,Monthly,2024-10-20
S13446,3e8ed98e-a,Basic,19.56,Monthly,2021-03-18
S13447,e90d1331-2,Standard,22.4,Yearly,2021-04-15
S13448,98b2a7b8-c,Premium,3.5,Yearly,2021-05-26
S13449,197e9b46-d,Premium,14.38,Yearly,2022-07-11
S13450,af182b14-8,Basic,9.61,Monthly,2021-07-20
S13451,2a5157f7-0,Premium,23.3,Monthly,2021-03-31
S13452,6786b11a-a,Standard,3.7,Monthly,2022-10-30
S13453,ec517e01-9,Basic,21.61,Monthly,2022-07-20
S13454,365b246f-9,Standard,9.25,Yearly,2025-02-07
S13455,0a68da76-5,Premium,19.62,Monthly,2024-02-07
S13456,76df5e04-4,Standard,23.4,Yearly,2025-05-25
S13457,397ada19-a,Premium,7.35,Monthly,2022-12-19
S13458,40acdbb7-7,Premium,6.4,Yearly,2023-06-21
S13459,c04c21c6-4,Premium,19.55,Yearly,2024-12-15
S13460,ab9af8fb-d,Standard,15.72,Monthly,2024-06-02
S13461,8be5e2eb-e,Standard,7.51,Monthly,2023-11-13
S13462,71d34c20-7,Standard,12.47,Yearly,2023-04-11
S13463,65f84335-e,Basic,13.43,Monthly,2023-12-07
S13464,d4770727-1,Standard,20.62,Yearly,2022-01-20
S13465,34ffc2f9-8,Basic,23.94,Monthly,2023-12-24
S13466,1e79934e-2,Standard,3.72,Yearly,2022-11-24
S13467,b96629cd-2,Premium,11.02,Monthly,2022-04-06
S13468,0523ccab-6,Basic,6.95,Monthly,2022-09-05
S13469,4ba61a68-f,Pr3mium,14.21,Yearly,2025-02-06
S13470,2a661eba-7,Standard,13.06,Yearly,2026-01-11
S13471,0b2a9c1c-f,Premium,9.65,Monthly,2024-08-31
S13472,fb0f68be-5,Standard,12.79,Monthly,2021-12-31
S13473,2d5225a1-5,Standard,21.96,Yearly,2024-04-08
S13474,25306a80-c,Standard,4.21,Monthly,2025-02-11
S13475,80d046d1-d,Basic,15.29,Monthly,2025-04-06
S13476,8fd05d4f-6,Premium,,Monthly,2022-01-18
S13477,efb280e3-0,Standard,19.48,Yearly,2025-03-19
S13478,5477e8c1-e,Basic,20.52,Monthly,2025-12-20
S13479,77d30c29-7,Basic,20.18,Monthly,2024-11-27
S13480,fe498bef-4,Premium,17.86,Yearly,2023-02-27
S13481,168867d6-f,Standard,20.72,Yearly,2023-10-12
S13482,3ab47df7-8,Premium,11.82,Monthly,2025-05-14
S13483,4492b250-b,Basic,21.38,Monthly,2022-03-24
S13484,8795d511-c,Standard,13.69,,2024-04-07
S13485,d7a84836-d,Basic,20.02,Monthly,2024-08-05
S13486,7bfa95a9-a,Basic,13.91,Monthly,2024-12-27
S13487,5593576e-a,Basic,22.23,Monthly,2025-09-14
S13488,ce272721-7,Standard,23.77,Monthly,2024-10-11
S13489,32e3043e-6,Standard,10.64,Yearly,2025-08-17
S13490,32bee267-9,Basic,6.98,Yearly,2026-01-06
S13491,2a88895d-4,Premium,11.36,Yearly,2025-04-21
S13492,c488253d-a,Basic,9.32,Yearly,2021-06-06
S13493,ce680461-2,Basic,15.93,Yearly,2024-12-22
S13494,8e054658-e,Premium,21.38,Yearly,2025-08-23
S13495,3b024bb4-b,Standard,7.27,Monthly,2023-01-24
S13496,e2fc7892-4,Basic,23.38,Yearly,2023-05-05
S13497,65ea0fbe-e,Standard,15.94,Monthly,2023-05-01
S13498,1734186e-d,Premium,6.87,Monthly,2025-04-20
S13499,157074f9-b,Standard,12.66,Yearly,2021-12-03
S13500,9b4fec98-0,Premium,12.86,Yearly,2023-04-05
S13501,90e25d46-8 ,Basic,24.94,Yearly,2025-10-28
S13502,4f957386-6,Premium,6.46,Monthly,2023-12-20
S13503,de46f6a2-6,Basic,21.29,Monthly,2024-12-23
S13504,3ec35b97-7,Premium,19.22,Monthly,2022-06-14
S13505,59fbd915-3,Basic,14.54,Monthly,2021-10-17
S13506,57f4be7f-5,Premium,16.65,Yearly,2026-01-12
S13507,a14e4412-2,Basic,11.23,Y3arly,2025-06-04
S13508,5a369474-b,Basic,22.9,Monthly,2025-07-09
S13509,fcdd5a0b-6,Basic,11.07,Yearly,2022-12-07
S13510,3019e709-0,Basic,3.23,Yearly,2024-03-30
S13511,601538ea-9,Basic,10.96,Yearly,2022-09-06
S13512,5b914c02-2,Premium,3.49,Monthly,2023-12-18
S13513,8e93cb8b-1,Basic,14.58,Monthly,2025-03-31
S13514,e15feca4-0,Basic,3.01,Yearly,2021-05-29
S13515,820bd700-6,Premium,24.54,Yearly,2024-04-07
S13516,3842215b-d,Basic,14.85,Monthly,2021-11-12
S13517,18c3ecf6-6,Premium,3.04,Monthly,2024-02-29
S13518,c86fb0eb-d,Premium,13.69,Yearly,2023-12-13
S13519,3a68712c-e,Basic,23.18,Monthly,2025-11-16
S13520,54fcc08d-8,Premium,13.48,Yearly,2023-02-21
S13521,7fdeb653-e,Premium,7.07,Yearly,2023-07-10
S13522,4f455fca-e,Standard,6.8,Monthly,2025-06-02
S13523,9cc90fd1-5,Basic,10.65,Monthly,2025-11-03
S13524,b214516a-8,Premium,16.72,Yearly,2025-03-06
S13525,e04f5cf6-5,Standard,21.68,Yearly,2025-03-29
S13526,956c4960-f,Basic,24.15,Monthly,2023-02-16
S13527,8b43d3e2-a,Standard,20.83,Monthly,2021-06-25
S13528,e92ff3f4-8,Premium,13.26,Monthly,2023-08-31
S13529,5fac7495-c,Basic,11.42,Yearly,2022-06-15
S13530,e693adfa-4,Premium,16.46,Yearly,2022-11-29
S13531,8c603e9d-6,Basic,17.51,Monthly,2026-01-14
S13532,7384ca01-a,Standard,19.51,Yearly,2025-11-13
S13533,8e05347d-3,Standard,10.88,Yearly,2021-10-14
S13534,0a961271-0,Standard,22.92,Yearly,2021-12-03
S13535,a36a7f63-a,Premium,6.13,Monthly,2021-02-25
S13536,a5ab5e0e-9,Premium,23.77,Monthly,2026-02-01
S13537,f0146dd7-3,Basic,10.81,Yearly,2021-08-04
S13538,0722c642-f,Basic,14.01,Monthly,2022-10-21
S13539,6208fd0e-9,Premium,8.84,Monthly,2021-06-06
S13540,290dda1e-4,Basic,20.83,Monthly,2022-08-21
S13541,4d1ff2d8-8,Premium,20.89,Yearly,2024-10-22
S13542,d29b16c7-7,Standard,16.88,Monthly,2025-02-21
S13543,88f5cd39-a,Basic,21.65,Monthly,2025-10-09
S13544,42c55018-7,Premium,19.85,Monthly,2025-09-19
S13545,758b18e2-c,Basic,14.49,Monthly,2021-12-18
S13546,a130c11d-e,Premium,23.32,Monthly,2021-04-18
S13547,f8682bff-a,Standard,7.55,Yearly,2025-11-03
S13548,60e9bae9-3,Basic,18.02,Monthly,2024-05-31
S13549,e36e3dc4-c,Standard,18.98,Monthly,2025-10-22
S13550,e866bd95-6,Premium,22.32,Monthly,2023-08-15
S13551,7f0f42aa-c,Basic,19.04,Monthly,
S13552,d5727646-2,Premium,13.5,Yearly,2024-07-31
S13553,d96bfb82-c,Basic,3.2,Yearly,2023-11-30
S13554,df913036-c,Basic,14.74,Monthly,2024-12-24
S13555,30e283a3-0,Premium,6.18,Yearly,2021-05-06
S13556,e1d1f205-8,Standard,9.73,Yearly,2024-09-07
S13557,d31d86d4-f,Basic,3.7,Yearly,2023-06-26
S13558,0875dd87-d,Standard,24.45,Monthly,2023-11-07
S13559,b871d896-1,Basic,5.53,Yearly,2021-11-28
S13560,906ac1b5-c,Basic,21.35,Yearly,2023-03-09
S13561,b3f5178c-8,Standard,21.54,Monthly,2024-03-29
S13562,8f26dae2-d,Premium,8.48,Monthly,2022-03-22
S13563,73bfa18a-8,Premium,14.57,Yearly,2024-05-14
S13564,44f37b38-2,Basic,21.58,Yearly,2022-08-04
S13565,4c80ad7c-2,Basic,23.91,Yearly,2022-07-07
S13566,dfd2b45f-f,Standard,12.0,Yearly,2023-06-16
S13567,fcd164d1-f,Premium,11.81,Monthly,2025-09-27
S13568,a3c75cd7-a,Standard,18.72,Monthly,2025-07-19
S13569,e8ef08a6-3,Standard,11.6,Yearly,2024-05-13
S13570,7f6063be-a,Standard,18.37,Yearly,2021-05-14
S13571,27493bf5-d,Basic,8.35,Monthly,2025-02-14
S13572,8d3b4758-d,Premium,23.4,Yearly,2023-12-05
S13573,68a00e0e-9,Standard,3.33,Yearly,2023-03-09
S13574,8db2950f-5,Basic,12.62,Monthly,
S13575,ba17bef6-4,Basic,12.22,Monthly,2025-11-18
S13576,0c69979c-1,Premium,4.72,Monthly,2021-04-02
S13577,f7073817-b,Basic,5.31,Yearly,2021-11-01
S13578,f2f10d52-2,Standard ,23.78,Yearly,2024-06-25
S13579,79940ac6-b,Basic,3.04,Monthly,2024-12-12
S13580,de18a9dc-1,Basic,,Yearly,2024-03-08
S13581,34cfa982-8,Basic,19.64,Yearly,2023-07-03
S13582,b3f62a3c-e,Standard,11.97,Yearly,2022-10-15
S13583,8cca8dea-5,Standard,24.98,Yearly,2022-09-21
S13584,e42ccc2f-0,Basic,14.42,Yearly,2021-11-03
S13585,cb870ef3-c,Basic,21.62,Yearly,2025-06-24
S13586,920ad3d7-1,Standard,20.13,Yearly,2022-07-03
S13587,a4a09767-1,Basic,21.18,Monthly,2022-08-28
S13588,f5c2b7ca-3,Standard,9.25,Monthly,2025-01-10
S13589,da57bac6-0,Premium,19.15,Monthly,2021-08-14
S13590,da60571e-8,Premium,20.49,Yearly,2025-05-12
S13591,c2ba1fac-7,Standard,5.45,Monthly,2024-08-23
S13592,,Standard,12.9,Yearly,2021-06-19
S13593,47c21920-f,Basic,14.37,Monthly,2021-06-24
S13594,3fb5ea74-1,Basic,16.69,Yearly,
S13595,4371d95b-f,Premium,9.77,Yearly,2023-01-31
S13596,eb51b15a-1,Basic,14.36,Monthly,2023-12-29
S13597,6a3fcef7-c,Premium,24.1,Yearly,2023-09-24
S13598,319d9fa5-0,Basic,13.01,Yearly,2023-02-20
S13599,468480f4-1,Premium,11.04,Monthly,2021-06-17
S13600,9d59c54a-7,Standard,12.75,Monthly,2023-11-19
S13601,b2a9108a-1,Basic,19.63,Yearly,2024-06-14
S13602,e41bd5d2-e,Standard,22.83,Monthly,2023-04-01
S13603,57b13c6f-1,Standard,16.17,Monthly,2022-04-21
S13604,9ad86a08-3,Premium,3.89,Monthly,2025-09-01
S13605,5d88a04a-7,Standard,17.9,Monthly,2022-05-06
S13606,ca88352f-7,Basic,10.18,Yearly,2026-01-04
S13607,43b1b559-2,Basic,10.66,Yearly,2025-08-21
S13608,ad5179b5-0,Premium,21.39,Yearly,2024-03-17
S13609,06376473-5,Standard,20.45,Monthly,2025-05-13
S13610,d2c4b47a-8,Basic,8.67,Yearly,2023-03-05
S13611,6ec665ec-1,Standard,21.69,Monthly,2025-12-22
S13612,a5bd24c0-0,Premium,6.78,Monthly,2021-09-04
S13613,92d15b61-4,Basic,24.75,Monthly,2025-07-06
S13614,fc707692-4,Basic,11.41,Monthly,2024-07-20
S13615,ba94b141-d,Premium,16.83,Monthly,2021-11-18
S13616,e40e780c-6,Standard,15.74,Yearly,2022-01-01
S13617,f9758e59-f,Premium,14.72,Yearly,2025-05-07
S13618,fb239e92-a,Standard,11.05,Yearly,2023-10-30
S13619,3adedec1-4,Standard,9.61,Yearly,2022-09-02
S13620,2ed64b1b-a,Premium,12.95,Yearly,2021-05-12
S13621,7678e50d-3,Premium,13.7,Monthly,2022-10-11
S13622,f4eb651c-0,Basic,22.3,Monthly,2022-10-09
S13623,b5d78e77-5,Standard,19.67,Monthly,2024-03-11
S13624,5fd99cef-9,Standard,4.24,Yearly,2022-09-04
S13625,2cbf02ed-b,Basic,5.04,Monthly,2024-03-30
S13626,42c6d0c3-c,Premium,7.14,Yearly,2023-05-09
S13627,d243437d-7,Premium,7.29,Yearly,2025-12-15
S13628,a928f76d-e,Standard,5.9,Yearly,2025-11-09
S13629,a2b61c04-a,Premium,23.8,Yearly,2025-03-20
S13630,d46fcb44-c,Standard,18.23,Monthly,2023-02-22
S13631,c3944749-a,Basic,23.3,Yearly,2021-07-14
S13632,21742322-1,Basic,13.33,Yearly,2021-04-25
S13633,81c2a015-9,Premium,14.11,Yearly,2023-01-30
S13634,3e9858ba-a,Basic,10.33,Yearly,2023-12-03
S13635,0dd40faf-4,Basic,7.26,Yearly,2025-09-23
S13636,0a7fd206-a,Basic,4.49,Yearly,2024-09-25
S13637,c3cb80ce-d,Basic,9.59,Monthly,2022-12-06
S13638,f1b18d09-f,Basic,21.39,Yearly,2022-07-08
S13639,b0c67cc4-4,Standard,11.7,Yearly ,2024-04-04
S13640,f6683642-7,Premium,15.08,Yearly,2021-03-28
S13641,e8ef997b-b,Standard,22.53,Yearly,2022-10-23
S13642,d6486251-1,Standard,10.82,Yearly,2021-06-16
S13643,d57d2a26-8,Basic,12.43,Yearly,2024-07-04
S13644,afc548f8-f,Basic,4.08,Yearly,2022-07-05
S13645,e686233c-3,Basic,24.97,Yearly,2022-12-10
S13646,d5db9b73-1,Basic,16.25,Monthly,2023-06-07
S13647,be023709-b,Standard,18.93,Yearly,2024-02-25
S13648,d7b85ead-4,Premium,20.35,Yearly,2022-07-10
S13649,7e9f6ed4-2,Basic,15.52,Monthly ,2021-11-21
S13650,bcda7d42-7,Premium,3.45,Yearly,2022-03-18
S13651,a063f505-c,Basic,18.17,Yearly,2022-04-08
S13652,edb0a6e3-1,Basic,9.6,Monthly,2022-07-24
S13653,91f4ec15-c,Standard,4.97,Yearly,2021-12-15
S13654,2263750d-f,Basic,11.84,Yearly,2025-05-09
S13655,aade1570-5,Standard,19.7,Monthly,2022-02-03
S13656,9e975fc2-8,Premium,18.56,Yearly,2022-04-12
S13657,ef3a0b49-1,Standard,11.8,Monthly,2025-05-24
S13658,f7a52294-c,Premium,6.56,Monthly,2022-09-17
S13659,c007cc4c-0,Standard,7.22,Monthly,2021-04-17
S13660,ed96dc69-2,Standard,19.39,Monthly,2024-11-09
S13661,817bc71b-6,Premium,8.87,Yearly,2024-04-10
S13662,6a16c566-1,Basic,15.33,Yearly,2024-12-10
S13663,7cf7b65c-b,Standard,6.82,Monthly,2023-09-06
S13664,07e1f1e8-f,Premium,21.27,Monthly,2023-05-08
S13665,018aa140-8,Premium,12.74,Yearly,2025-04-14
S13666,ee563fa1-9,Premium,24.03,Monthly,2026-02-03
S13667,4e5e4e4b-5,Basic,7.91,Yearly,2022-02-24
S13668,41782601-d,Basic,5.07,Monthly,2023-06-01
S13669,d29dc1d3-a,Premium,9.14,Yearly,2022-11-13
S13670,e251ef59-2,Standard,14.08,Monthly,2024-01-15
S13671,037b28d0-f,Basic,13.5,Yearly,2024-07-15
S13672,89b60e60-9,Premium,21.52,Yearly,2024-10-26
S13673,d8ee0432-e,Standard,8.22,Monthly,2023-05-09
S13674,0a2e8517-5,Premium,10.24,Yearly,2022-11-16
S13675,82f5b9f3-0,Premium,5.06,Yearly,2025-07-12
S13676,2f31fe0f-c,Premium,12.67,Monthly,
S13677,476e001a-a,Basic,21.85,Monthly,2025-06-23
S13678,1482013f-b,Standard,15.51,Yearly,2025-10-18
S13679,38b44940-f,Standard,5.88,Monthly,2024-06-08
S13680,48ab46d6-9,Premium,6.26,Yearly,2022-06-04
S13681,9549c007-b,Standard,24.88,Yearly,2022-01-02
S13682,9f1e6b7c-c,Premium,9.3,Monthly,2022-11-28
S13683,ef497aa8-7,Premium,21.03,Yearly,2025-12-20
S13684,d213a195-e,Standard,17.31,Monthly,2025-12-30
S13685,fbff35ba-7,Basic,23.26,Monthly,2025-11-13
S13686,16102b80-a,Premium,5.55,Monthly,2025-07-23
S13687,53eee3d9-f,Standard,22.02,Monthly,2025-02-07
S13688,6476c22e-7,Premium,10.74,Yearly,2022-05-26
S13689,42e21c92-b,Premium,19.02,Yearly,2022-02-05
S13690,166eb408-2,Standard,23.77,Monthly,2022-02-22
S13691,e80e1e59-f,Premium,22.71,Yearly,2022-01-14
S13692,22443285-f,Basic,20.02,Yearly,2025-09-27
S13693,74bc0314-8,Premium,5.57,Monthly,2025-01-25
S13694,32e8149b-7,Premium,13.4,Yearly,2022-10-04
S13695,18f25d30-5,Standard,15.75,Monthly,2024-08-24
S13696,c25c3416-2,Premium,21.39,Monthly,2024-08-29
S13697,bdcee950-c,Basic,16.73,Yearly,2022-06-27
S13698,6c629d8e-5,Basic,8.13,Monthly,2021-03-03
S13699,4326406d-8,Premium,19.93,Yearly,2021-04-14
S13700,efcd32a7-6,Premium,10.12,Monthly,2023-09-25
S13701,47e2ff6e-f,Premium,19.18,Monthly,2025-11-30
S13702,fe3116b1-4,Basic,16.15,Yearly,2023-04-24
S13703,e6c1cc67-a,Standard,7.89,Yearly,2022-10-08
S13704,880e230e-9,Premium,11.53,Yearly,2022-11-23
S13705,bf8a239d-3,Basic,7.87,Yearly,2022-06-06
S13706,9972c849-6,Premium,20.44,Yearly,2021-04-24
S13707,3863b3c1-2,Premium,15.44,Monthly,2023-01-12
S13708,18204430-5 ,Premium,15.23,Monthly,2025-06-29
S13709,98490d51-e,Premium,11.6,Monthly,2023-03-04
S13710,d8d055d5-a,Standard,23.25,Yearly,2024-08-28
S13711,bb3136d8-3,Standard,4.85,Monthly,2023-05-31
S13712,1b0927e8-9,Premium,8.36,Monthly,2024-10-25
S13713,2d98f849-3,Standard,,Yearly,
S13714,fa2b23f8-b,Basic,20.27,Monthly,2021-05-12
S13715,b1836318-7,Basic,4.14,Monthly,2022-11-14
S13716,903334fd-6,Basic,20.87,Monthly,2022-05-17
S13717,03875ac8-8,Standard,3.92,Monthly,2023-05-27
S13718,bb1e6a01-b,Standard,14.57,Monthly,2025-09-02
S13719,f8931717-9,Premium,10.17,Yearly,2022-08-26
S13720,89917ea0-7,Premium,9.93,monthly,2024-03-16
S13721,a0581278-4,Premium,11.11,Yearly,2021-05-07
S13722,a9a43398-f,Premium,23.87,Monthly,2023-08-03
S13723,07f45ec7-f,Premium,15.95,Monthly,2021-08-27
S13724,8e45ca2f-1,Standard,17.99,Yearly,2022-08-19
S13725,1b624e8c-a,Standard,13.94,Yearly,2024-08-20
S13726,03438168-a,Premium,21.12,Yearly,2022-02-17
S13727,73f97919-7,Standard,14.1,Yearly,2024-05-06
S13728,d6653c72-c,Premium,24.46,Yearly,2022-11-26
S13729,b3abed6b-e,Basic,21.31,Yearly,2022-03-27
S13730,bcdfa807-7,Standard,11.4,Monthly,2023-02-23
S13731,97e7702d-b,Premium,18.54,Monthly,2025-04-12
S13732,6ba924ea-6,Premium,23.86,Monthly,2022-05-05
S13733,e458e7c4-5,Basic,12.62,Monthly,2024-05-06
S13734,47f79a15-4,Basic,8.07,Monthly,2025-08-18
S13735,9f8a4f73-d,Standard,11.46,Monthly,2024-10-09
S13736,1e846f9c-c,Basic,15.52,Yearly,2021-02-10
S13737,11e6f45b-f,Premium,15.97,Yearly,2023-05-21
S13738,de57ff55-7,Premium,4.21,Yearly,2022-03-04
S13739,df39eb7b-7,Standard,10.58,Yearly,2023-07-15
S13740,371d388f-8,Basic,17.04,Monthly,2023-10-20
S13741,901ad6e2-9,Basic,7.18,Yearly,2022-12-09
S13742,6d060477-3,Premium,4.27,Monthly,2022-02-16
S13743,d63f0cb6-a,Basic,8.12,Monthly,2025-12-22
S13744,921c88a0-a,Standard,13.76,Monthly,2022-08-29
S13745,b8d98782-a,Standard,19.37,yearly,2023-11-10
S13746,9419404a-5,Standard,23.58,Monthly,2021-08-02
S13747,333858c9-7,Basic,,Yearly,2024-01-19
S13748,409dcc52-3,Premium,11.38,Yearly,2023-10-12
S13749,352797d6-8,Premium,5.01,Monthly,2023-02-03
S13750,12cdf433-7,Standard,8.41,Yearly,2024-04-18
S13751,c254f04f-8,Standard,15.83,Monthly,2025-05-05
S13752,4639ed35-c,Standard,10.05,Monthly,2021-08-24
S13753,54d50524-5,Standard,16.46,Yearly,2023-05-10
S13754,77643cd6-8,Basic,8.37,Monthly,2021-03-15
S13755,fc3e70ea-6,Premium,6.18,Yearly,2024-10-17
S13756,be831ccb-e,Premium,24.61,Yearly,2024-12-31
S13757,ffc786c2-3,Premium,6.86,Monthly,2021-12-22
S13758,0f60c8c9-0,,10.95,Monthly,2024-03-21
S13759,2343d9f0-8,Basic,18.61,Monthly,2022-10-26
S13760,8493f5ef-c,Premium,17.98,Monthly,2021-03-02
S13761,,Basic,17.64,Yearly,2025-07-25
S13762,baad7012-c,Standard,,Monthly,2022-11-03
S13763,6c96c486-4,Premium,19.32,Monthly,2022-06-04
S13764,40d3ea64-2,Premium,15.24,Yearly,
S13765,0480e8d4-c,Standard,4.11,Yearly,2021-04-23
S13766,ab8ad9ed-5,Standard,7.69,Yearly,2025-12-10
S13767,7ed264d4-6,Basic,8.45,Yearly,2021-11-25
S13768,1fa56177-d,Premium,7.04,Yearly,2022-04-16
S13769,436fe120-c,Basic,11.93,Yearly,2024-01-17
S13770,9662f28a-5,Basic,9.79,Yearly,2024-11-16
S13771,cde33673-f,Standard,23.39,Yearly,2021-11-23
S13772,64bd35d3-b,Premium,6.14,Yearly,2022-01-04
S13773,6758cfde-d,,18.06,Monthly,2025-08-20
S13774,df398a30-9,Basic,6.41,Yearly,2022-10-01
S13775,bffc8cb4-7,Standard,15.29,Monthly,2021-07-18
S13776,aa3ee2db-0,Standard,12.27,Yearly,2024-12-29
S13777,8b21c61c-3,Basic,10.87,Monthly,2023-03-06
S13778,52c10e59-e,Premium,18.98,Yearly,2023-11-18
S13779,1c1656ea-3,Premium,7.09,Yearly,2024-07-19
S13780,9c3e4a1e-a,Premium,20.12,Monthly,2022-07-23
S13781,56bedc90-a,Standard,21.35,Monthly,2022-06-05
S13782,d1f0fc5c-8,Premium,3.78,Yearly,2023-12-07
S13783,e75e3a2f-9,Premium,16.3,Yearly,2025-08-26
S13784,91de313e-8,Basic,18.3,Yearly,2023-01-03
S13785,76fb6652-8,Premium,11.36,Yearly,2023-02-22
S13786,7291834a-5,Premium,4.46,Monthly,2025-12-19
S13787,290ad5a6-7,Standard,20.39,Monthly,2021-09-20
S13788,c30e1b59-c,Premium,23.96,Yearly,2025-11-02
S13789,,Premium,12.72,Monthly,2024-05-10
S13790,4b5b8877-9,Basic,12.78,Yearly,2024-09-18
S13791,b53af54f-d,Premium,4.23,Yearly,2024-05-15
S13792,b9bf507d-b,Premium,21.42,Monthly,2022-08-24
S13793,abca0405-0,Basic,18.67,Yearly,2021-10-27
S13794,b67d7c83-c,Basic,9.13,Monthly,2022-08-23
S13795,9061dd0d-2,Basic,14.96,Monthly,2025-02-09
S13796,6300a81d-8,Premium,11.15,Monthly,2023-08-10
S13797,fb846bb5-e,Standard,6.33,Monthly,2021-11-28
S13798,fbbd2b80-5,Standard,14.07,Monthly,2021-11-26
S13799,ade792e8-f,Standard,6.11,Yearly,2024-03-24
S13800,1fc82ded-7,Premium,12.82,Yearly,2025-01-27
S13801,1b0a2458-6,Premium,12.22,Yearly,2024-12-29
S13802,d5d15f32-4,Premium,5.21,Monthly,2022-08-19
S13803,b0badf2b-7,Basic,19.98,Yearly,2026-01-27
S13804,c30a950d-9,Basic,24.67,Yearly,2022-02-13
S13805,a5b7ab1c-c,Premium,23.94,Monthly,2023-06-20
S13806,644d9969-d,Standard,4.15,Monthly,2022-11-11
S13807,8c417cad-8,Standard,24.47,Monthly,2025-07-22
S13808,1a8e77af-8,Standard,11.44,Yearly,2024-01-12
S13809,f2a42661-c,Basic,7.19,Yearly,2022-07-10
S13810,d90618cc-c,Standard,7.75,Monthly,2023-09-20
S13811,2e06d55c-8,Standard,6.17,Yearly,2025-12-25
S13812,3ecded6f-0,Basic,4.19,Monthly,2023-07-22
S13813,afceba1d-3,Basic,7.28,Monthly,2021-09-25
S13814,ff0b8f80-7,Basic,15.68,Monthly,2022-12-24
S13815,0eb63797-0,Basic,19.97,Monthly,2021-06-24
S13816,dcfe511f-2,Standard,7.05,Monthly,2024-12-09
S13817,1a0b0b10-3,Standard,18.54,Yearly,2021-05-14
S13818,f1b49174-f,Basic,,Yearly,2022-07-25
S13819,3946880d-3,Standard,17.94,Yearly,2024-02-22
S13820,84eab4a9-d,Basic,17.9,Monthly,2021-07-12
S13821,7d96df1b-2,Standard,23.68,Yearly,2021-10-25
S13822,549dca27-2,Premium,3.79,Monthly,2025-09-11
S13823,3edb2d8a-5,Pr3mium,24.45,Yearly,2021-02-28
S13824,c44ac90c-2,Premium,7.83,Yearly,2023-02-17
S13825,aa60f1e7-e,Premium,18.51,Yearly,2024-10-07
S13826,a544e0b7-e,Standard,22.07,Monthly,2023-02-15
S13827,bf809cd1-7,Premium,22.45,Yearly,2025-03-03
S13828,d4d1fdb3-c,Standard,21.98,Monthly,2024-08-16
S13829,3ee8b410-6,Premium,24.62,Monthly,2024-07-22
S13830,d97c7d61-e,Premium,18.41,Yearly,2024-03-03
S13831,7c2bd693-2,Premium,8.53,Monthly,2023-11-23
S13832,a736a236-e,Premium,3.97,Yearly,2021-09-10
S13833,b9047402-8,Premium,19.85,Monthly,2024-07-22
S13834,61b6b7f3-5,Standard,,Monthly,2025-05-02
S13835,d56afe43-0,Premium,14.67,Yearly,2022-09-29
S13836,b6e9e15f-5,Standard,11.01,Yearly,2024-12-13
S13837,a93e4347-8,Standard,24.0,Yearly,2021-04-14
S13838,b8aaef42-b,Premium,5.9,Monthly,2025-11-07
S13839,0b207c91-6,Standard,22.41,Yearly,2026-02-07
S13840,e392ef8f-4,Premium,12.21,Monthly,2022-11-16
S13841,e670dd36-1,Basic,3.38,Monthly,2021-03-16
S13842,656b5267-7,Basic,3.92,Yearly,2024-05-26
S13843,1b62802a-d,Standard,13.23,Monthly,2025-07-06
S13844,54c6f0ee-d,Premium,24.95,Yearly,2023-04-30
S13845,6cd822ba-3,Premium,17.79,Monthly,2023-04-06
S13846,fd03a880-9,Basic,6.77,Monthly,2026-01-25
S13847,70fa82bb-3,Standard,23.59,Yearly,2023-12-28
S13848,1dfc0225-9,Standard,9.23,Yearly,2024-10-03
S13849,45c4bc22-4,Basic,14.44,Yearly,2022-11-11
S13850,7b05a9bb-c,Premium,5.48,Yearly,2025-07-22
S13851,08eb2bcd-f,Basic,3.01,Yearly,2022-08-05
S13852,1852cc27-4,Standard,17.4,Monthly,2023-12-26
S13853,8971cbaf-7,Standard,10.42,Yearly,2025-07-02
S13854,629992d5-1,Standard,9.35,monthly,2024-08-11
S13855,be360a9b-b,Basic,6.18,Monthly,2025-10-24
S13856,74a0675f-0,Basic,5.32,Monthly,2023-04-14
S13857,67c57595-8,Basic,9.49,Monthly,2023-12-25
S13858,0d420941-4,Standard,8.07,Monthly,2022-10-14
S13859,aca6cc69-3,Premium,4.39,Monthly,2025-11-04
S13860,eafef420-b,Basic,18.42,Yearly,2023-02-25
S13861,da9fa1dc-5,Standard,5.97,Yearly,2022-05-22
S13862,74394f95-2,Standard,11.07,Yearly,2021-03-22
S13863,d8ca2e03-f,Basic,7.07,Monthly,2024-08-04
S13864,5ef62906-b,Standard,23.12,Monthly,2021-10-29
S13865,29b1e830-4,Premium,7.52,Yearly,2023-09-06
S13866,f7b91807-1,Premium,5.46,Monthly,2023-01-15
S13867,d7fd5ce4-9,Premium,17.21,Yearly,2021-07-04
S13868,cf42e17c-7,Premium,19.77,Monthly,2024-01-22
S13869,c4a46a27-1,Premium,13.48,Yearly,2021-03-16
S13870,a418cc6b-8,Standard,13.09,Yearly,2023-05-01
S13871,d88b51f1-b,Standard,17.92,Yearly,2025-05-22
S13872,23601327-d,Basic,24.88,Yearly,2024-02-02
S13873,45c100ab-7,Standard,9.41,Monthly,2025-05-10
S13874,8b95b943-3,Standard,10.9,Yearly,2023-04-09
S13875,cda9f4e7-b,Standard,4.15,Yearly,2025-01-14
S13876,c2c78d15-4,Basic,11.43,Yearly,2024-08-06
S13877,3ab10bb0-0,Basic,21.79,Monthly,2024-02-03
S13878,729d1771-e,Basic,15.53,Yearly,2021-10-09
S13879,3fb080b2-8,Premium,19.39,Yearly,2025-05-23
S13880,2b5f36db-f,Standard,23.94,Yearly,2024-01-23
S13881,ed62796c-f,,8.85,Yearly,2024-08-09
S13882,d1f8f705-4,Premium,22.7,Yearly,2024-06-10
S13883,c0bdb8c9-f,Premium,6.56,Monthly,2024-12-25
S13884,d265dc35-8,Basic,7.97,Monthly,2024-01-14
S13885,478c8e63-9,Basic,4.67,Yearly,2025-04-26
S13886,80c43d6e-3,Premium,19.35,Yearly,2022-07-19
S13887,c5c83ad6-a,Basic,23.23,Yearly,2023-07-21
S13888,4ff15e1f-f,Basic,22.23,Monthly,2025-09-17
S13889,07b42797-e,Standard,24.13,Yearly ,2024-05-03
S13890,ab378e68-5,Basic,8.69,Yearly,2024-04-27
S13891,ad778069-f,Standard,3.82,Yearly,2025-05-23
S13892,117392e2-b,Standard,11.76,Monthly,2024-05-07
S13893,67eda95e-c,Premium,,Yearly,2022-04-23
S13894,44d421ae-3,premium,12.95,Monthly,2023-04-30
S13895,8e49bbe3-6,Basic,20.87,Monthly,2025-04-08
S13896,85ff140d-b,Standard,20.83,Monthly,2021-07-18
S13897,5a77074c-2,Basic,5.16,Yearly,2024-01-05
S13898,547085d4-8,Standard,10.03,Monthly,2024-09-29
S13899,18fb70c7-4,Premium,7.13,Yearly,2021-07-30
S13900,b58391ec-d,Standard,5.3,Yearly,2021-07-08
S13901,36ee5de0-0,Basic,13.08,Monthly,2023-05-12
S13902,052ece21-e,Standard,23.59,Monthly,2023-05-21
S13903,1bf01f70-1,Basic,4.98,Yearly,2025-04-17
S13904,748b6ce9-a,Basic,22.81,Monthly,2021-09-29
S13905,2c6a10e3-b,Basic,10.12,Monthly,2025-05-26
S13906,a20163a6-6,Basic,19.82,Yearly,2023-06-08
S13907,eb1e09c1-c,Premium,9.84,Yearly,2021-04-13
S13908,7b2462ba-f,Standard,15.67,Yearly,2021-09-11
S13909,ba4ea688-5,Basic,14.28,Yearly,2023-10-13
S13910,d5da2b17-9,Basic,23.03,Monthly,2026-01-06
S13911,496bd617-1,Standard,11.94,Monthly,2024-09-20
S13912,0d1d659f-8,Standard,3.02,Yearly,2024-05-09
S13913,d1777f4c-1,Premium,,Monthly,2021-10-23
S13914,39e4bee9-1,Standard,19.79,Yearly,
S13915,a7c0528f-d,Standard,17.73,Yearly,2022-12-13
S13916,639418b6-7,Premium,21.95,Monthly,2022-09-08
S13917,594ab7a4-1,Basic,21.03,Monthly,2023-10-22
S13918,d95ec3fa-c,Standard,17.23,Monthly,2023-08-25
S13919,e537cae2-1,Basic,17.5,Yearly,2023-02-02
S13920,cd25cb8e-2,Premium,21.42,Monthly,2024-06-13
S13921,caad00f9-0,Premium,7.21,Monthly,2025-07-03
S13922,b1b198c0-4,Basic,3.44,Monthly,2022-10-05
S13923,8d4e7626-b,Standard,18.87,Monthly,2022-02-07
S13924,e7864c4e-d,Basic,16.46,Yearly,2025-10-01
S13925,095d7c1f-c,Premium,16.53,Yearly,2024-06-16
S13926,5ae7663a-d,Premium,16.74,Monthly,2024-08-04
S13927,870d2660-a,Basic,20.91,Monthly,2025-10-05
S13928,1193cd86-6,Premium,7.26,Monthly,2022-04-04
S13929,240a99d1-5,Standard,17.93,Yearly,2024-08-01
S13930,98549b21-4,Basic,18.46,Yearly,2022-12-28
S13931,c9e8f587-b,Premium,12.62,Monthly,2021-11-30
S13932,2d9cc543-7,Premium,7.97,Monthly,2022-08-23
S13933,a854d6e6-3,Premium,24.75,Yearly,2024-08-24
S13934,1c34817d-3,Standard,9.89,Monthly,2024-08-12
S13935,e1a2420d-e,Basic,8.47,Monthly,2023-04-09
S13936,1c52d714-b,Basic,4.98,Monthly,2024-05-09
S13937,61d73d5d-9,Premium,16.53,Monthly,2023-07-02
S13938,ec2229fd-c,Standard,11.98,Yearly,2022-03-01
S13939,859a5f26-f,Standard,5.18,Yearly,2021-04-29
S13940,66c1ddee-2,Basic,5.94,Yearly,2024-11-04
S13941,68ca3977-6,Standard,22.43,Yearly,2021-09-07
S13942,a653ae32-7,Standard,8.0,Yearly,2022-11-29
S13943,6df2b1bd-c,Premium,16.33,Monthly,2025-10-01
S13944,5f4144f1-f,Basic,3.25,Yearly,2025-03-04
S13945,f0fd7326-c,Standard,18.85,Yearly,2023-04-03
S13946,224e0b79-e,Basic,7.15,Monthly,2025-09-18
S13947,41a5853c-c,Premium,8.54,Yearly,2021-12-09
S13948,94442081-e,Basic,22.28,Monthly,2025-08-17
S13949,bc67e1ce-2,Standard,10.96,Yearly,2025-09-03
S13950,735718e5-0,Basic,12.22,Yearly,
S13951,7b1a45b1-5,Premium,11.95,Monthly,2023-08-24
S13952,93773678-e,Standard,14.93,Yearly,2021-04-24
S13953,21655c35-c,Standard,16.25,Yearly,2025-06-04
S13954,02d76864-e,Basic,3.58,Monthly,2022-06-23
S13955,da1e5650-4,Basic,9.66,Monthly,2022-05-18
S13956,3e87bcce-3,Premium,16.42,Yearly,2024-12-04
S13957,9a6b312e-f,Premium,3.17,Monthly,2024-08-22
S13958,124cf99f-e,Basic,18.53,Yearly,2022-10-09
S13959,3bf1a961-b,Standard,13.34,Monthly,2023-08-22
S13960,103fcc9c-e,Premium,6.22,Yearly,2025-02-18
S13961,31ee97f5-7,Premium,5.52,Monthly,2025-03-03
S13962,6cbed3d9-f,Basic,15.57,Monthly,2024-01-08
S13963,97ed1859-4,Premium,19.65,Monthly,2025-09-19
S13964,613076ec-6,Basic,4.73,Yearly,2025-01-24
S13965,55f8d5e5-a,Premium,14.08,Monthly,2024-10-15
S13966,dc594fa9-a,Premium,21.61,Yearly,2022-11-18
S13967,a9003a90-5,Basic,8.98,Monthly,2024-08-17
S13968,6ba4d205-a,Basic,22.01,Monthly,2023-02-01
S13969,3a8accb0-9,Standard,5.99,Yearly,2021-08-09
S13970,15f3779b-7,Basic,14.62,Yearly,2021-05-12
S13971,b45f15c6-1,Standard,4.6,Yearly,2025-03-01
S13972,e6a37d5f-6,Basic,20.67,Yearly,2024-02-19
S13973,6aa2b4d7-2,Basic,9.8,Monthly,2024-10-16
S13974,2bd7bab6-9,Premium,8.63,Yearly,2022-01-12
S13975,c4054edc-b,Standard,8.26,Yearly,2024-10-07
S13976,f923d320-8,Premium,3.76,Yearly,2024-07-23
S13977,be65994c-2,Basic,22.32,Yearly,2024-12-17
S13978,92e39975-5,Basic,9.09,Monthly,2025-10-25
S13979,baa638a3-7,Standard,9.15,Yearly,2025-08-02
S13980,e104967f-e,Premium,23.88,Monthly,2022-03-28
S13981,38761f70-5,Basic,22.54,Yearly,2025-03-10
S13982,55ea36b7-a,Basic,13.77,Yearly,2023-05-12
S13983,18cf000a-2,Basic,24.94,Monthly,2025-09-02
S13984,8c246290-5,Basic,22.53,Monthly,2022-12-30
S13985,6a52afde-8,Basic,14.88,Yearly,2023-09-06
S13986,0205b65a-7,Basic,20.54,Yearly,2022-07-17
S13987,21f39a0a-e,Standard,7.53,Yearly,2023-07-26
S13988,ebabf0a8-d,Premium,23.14,Monthly,2025-11-12
S13989,ef1fe50a-c,Standard,16.24,,2023-01-16
S13990,59a52e4e-8,Premium,6.25,Yearly,2025-10-11
S13991,0b46c671-d,Basic,7.96,Yearly,2021-06-28
S13992,a78ef7ad-c,Standard,16.4,Yearly,2024-01-25
S13993,b5dc6cdb-2,Standard,23.22,Monthly,2021-08-04
S13994,cdd3d4ec-d,Basic,18.89,Yearly,2025-08-31
S13995,4f748273-0,Basic,22.35,Yearly,2024-06-01
S13996,4107518f-3,Basic,18.87,Monthly,2022-10-08
S13997,f36f23c1-7,Standard,9.39,Monthly,2025-10-20
S13998,287d6e33-1,Standard,,Yearly,2022-07-08
S13999,c8c9fd9a-c,Standard,19.11,Yearly,2022-10-02
S14000,e0a99f57-b,Standard,5.19,Monthly,2021-10-20
S14001,de3197b8-c,Premium,12.95,Yearly,2023-10-18
S14002,50c79973-e,Premium,8.25,Yearly,2023-06-12
S14003,69dc69ae-e,Basic,22.67,Monthly,2025-07-31
S14004,caefd9b3-9,Basic,8.54,Monthly,2022-09-27
S14005,10cd2e42-8,Basic,22.64,Yearly,2022-07-20
S14006,a4a34452-c,Premium,22.55,Yearly,2024-12-22
S14007,e9c1926b-f,Premium,23.66,Yearly,2024-09-21
S14008,f2e9f5f9-d,Standard,8.0,Yearly,2025-11-14
S14009,1edc3304-f,Premium,24.92,Monthly,2023-02-14
S14010,e0b06349-5,Basic,18.71,Monthly,2024-09-11
S14011,706d8a7e-7,Standard,13.83,Yearly,2022-07-17
S14012,5513b111-b,Basic,17.5,Yearly,2021-06-30
S14013,d313ab2d-1,Premium,4.81,Monthly,2023-02-28
S14014,1dc40693-8,Standard,3.34,Yearly,2025-01-04
S14015,b0f48c61-a,Standard,16.33,Monthly,2022-09-10
S14016,1d572b59-b,Premium,7.24,Monthly,2022-03-07
S14017,22c331a7-0,Standard,9.61,Monthly,2021-12-22
S14018,4ab0c56f-4,Standard,16.18,Yearly,2025-06-02
S14019,3cc76929-8,Basic,14.99,Yearly,2022-07-31
S14020,11194f75-5,Premium,21.79,Monthly,2025-08-29
S14021,da13e5c9-3,Basic,22.7,Yearly,2023-12-18
S14022,fc829c6c-0,Premium,11.68,Monthly,2025-07-13
S14023,7bd725b0-3,Standard ,18.22,Monthly,2022-10-25
S14024,2568ccec-6,Standard,16.8,Monthly,2023-03-04
S14025,12b4e8e4-8,Basic,8.36,Yearly,2025-02-01
S14026,9a347c2f-8,Standard,8.94,Monthly,2024-05-30
S14027,b303d201-b,Standard,5.77,Yearly,2024-02-28
S14028,4573582f-2,Standard,5.09,Yearly,2022-09-18
S14029,155b3100-a,Premium,11.72,Monthly,2021-05-03
S14030,6e7ca5ae-a,Premium,4.78,Yearly,2024-05-03
S14031,00290195-8,Standard,20.49,Monthly,2023-06-01
S14032,0267f5db-5,Basic,19.97,Monthly,2025-11-17
S14033,ba796c0e-9,Premium,6.9,Monthly,2022-07-16
S14034,a19a3919-c,Basic,11.55,Monthly,2023-04-18
S14035,08290201-8,Premium,18.16,Yearly,2021-12-03
S14036,3e6fc45a-1,Premium,23.41,,2024-05-08
S14037,ed31697b-2,Standard,21.77,Yearly,2024-11-18
S14038,aa6a8fe6-e,Basic,10.19,Monthly,2023-02-21
S14039,561cf96d-e,Basic,,Yearly,2021-09-19
S14040,c30ee82c-d,Standard,20.85,Monthly,2025-07-04
S14041,d0c3e653-5,Basic,17.63,Monthly,2025-02-11
S14042,5d0d5ecd-5,Basic,4.8,Yearly,2025-08-19
S14043,f89e0bb3-4,Basic,21.99,Yearly,2021-12-02
S14044,6b8c454d-a,Standard,13.13,Yearly,2025-08-18
S14045,c827692d-9,Standard,24.38,Yearly,2021-10-19
S14046,d55b515c-6,Basic,14.55,Yearly,2025-02-22
S14047,408aa9f4-5,Premium,9.14,Yearly,2021-07-20
S14048,29cf7170-0,Premium,9.98,Monthly,2024-01-17
S14049,e2bdf3ce-f,Standard,6.38,Yearly,2022-12-13
S14050,41c8877b-9,Basic,16.48,Yearly,2024-12-20
S14051,854a70d2-b,Premium,24.02,Yearly,2025-12-04
S14052,2d355a62-5,Standard,4.67,Yearly,2025-06-11
S14053,05334c2d-4,Standard,9.05,Yearly,2023-06-27
S14054,49efa554-a,Premium,21.64,Monthly,2024-09-04
S14055,af703cf6-7,Premium,19.23,Yearly,2024-09-25
S14056,bd1ad6f9-6,Standard,15.18,Monthly,2026-01-12
S14057,b614ddc5-e,Premium,18.71,Monthly,2023-09-27
S14058,a3f93ba3-5,Standard,9.23,Monthly,2025-10-13
S14059,d6b4de08-7,Basic,24.96,Yearly,2025-04-13
S14060,5215b38e-8,Standard,12.01,Yearly,2025-08-30
S14061,0dd5eafb-b,Standard,14.17,Yearly,2023-01-22
S14062,e9907331-c,Basic,23.46,Yearly,2021-06-07
S14063,cb591fab-7,Basic,5.89,Monthly,2022-12-23
S14064,9db7f3b5-8,Basic,7.92,Yearly,2022-06-27
S14065,7576198e-8,Basic,14.28,Monthly,2022-12-10
S14066,7eacdaa0-c,Standard,23.41,Monthly,2024-02-01
S14067,bee04cff-a,Standard,22.93,Monthly,2023-12-16
S14068,7e18959d-5,Basic,5.56,Monthly,2023-02-01
S14069,1f93c5e9-c,Standard,14.43,Yearly,2024-12-16
S14070,ba85ca09-3,Premium,8.95,Yearly,2021-11-07
S14071,a6f101b5-9,Premium,5.93,Yearly,2022-03-25
S14072,c320564d-0,Premium,16.52,Monthly,2022-04-28
S14073,4be97249-5,Premium,8.04,Yearly,2024-03-16
S14074,791845f1-1,Basic,6.27,Monthly,2021-06-25
S14075,be13abf9-4,Premium,23.2,Yearly,2021-05-04
S14076,427d241f-7,Standard,5.63,Monthly,2021-11-20
S14077,65a38662-3,Premium,8.35,Monthly,2023-12-04
S14078,171aa050-6,Basic,4.8,Monthly,2025-02-08
S14079,a1955ffa-a,Standard,19.29,Yearly,2024-03-15
S14080,ea04a2d6-2,Standard,22.14,Yearly,2022-07-11
S14081,9d31d29a-7,Premium,16.9,Monthly,2024-02-26
S14082,570a0ac0-2,Standard,19.83,Monthly,2021-09-13
S14083,2eeee4f9-4,Premium,13.38,Yearly,2021-05-02
S14084,21de0035-6,Premium,24.13,Monthly,2025-03-27
S14085,7ad4c1bf-e,Standard,7.56,Monthly,2023-06-27
S14086,15a25aee-e,Basic,15.24,Monthly,2024-02-27
S14087,82e4a21a-9,Premium,20.73,Monthly,2025-02-04
S14088,05615c63-4,Premium,23.01,Yearly,2023-10-30
S14089,c1b3d4ac-a,Premium,22.51,Yearly,2024-05-23
S14090,b7741e60-7,Basic,16.66,Yearly,2023-11-09
S14091,5853bdea-3,Premium,20.14,Yearly,2025-04-20
S14092,2fe382a4-6,Premium,13.31,Yearly,2022-08-17
S14093,b5ab0844-e,Premium,6.5,Monthly,2021-03-10
S14094,a384b703-f,Basic,3.35,Monthly,2023-11-25
S14095,3324edba-d,Basic,5.13,Monthly,2023-03-15
S14096,dda64e49-0,Basic,6.06,Yearly,2024-04-03
S14097,704b7cac-c,Premium,24.9,Yearly,2023-10-09
S14098,c623c991-a,Premium,20.39,Monthly,2024-06-22
S14099,c1f6a555-7,Premium,7.74,Monthly,2023-01-07
S14100,28c2ec76-1,Basic,18.45,Yearly,2024-11-25
S14101,bf575fd9-5,Standard,10.59,Yearly ,
S14102,bc1007b5-b,Premium,10.58,Monthly,2021-05-19
S14103,f7889426-6,Premium,15.39,Yearly,2023-01-21
S14104,8f6bfe8d-1,Basic,23.67,Yearly,2024-12-10
S14105,0b94ebd5-c,Premium,,Monthly,2024-12-23
S14106,20739dff-c,Basic,22.67,Monthly,2025-06-04
S14107,db90f93e-b,Basic,4.49,Monthly,2022-10-03
S14108,91637685-8,Premium,15.67,Monthly,2022-12-19
S14109,bdeec3c4-9,Basic,15.56,Yearly,2022-04-19
S14110,c07607c5-0,Standard,11.27,Yearly,
S14111,1c079c40-1,Basic,16.0,Monthly,2025-02-11
S14112,620b7f94-6,Standard,12.32,Monthly,2021-12-16
S14113,3952d771-1,Basic,14.13,Monthly,2023-03-28
S14114,,Standard,15.4,Monthly,2025-12-09
S14115,a0572a3f-f,Standard,15.08,Yearly,2025-04-20
S14116,4da235fc-5,Basic,6.06,Yearly,2025-06-01
S14117,56917367-6,Standard,23.37,Monthly,2025-01-30
S14118,e90e6e2c-2,,9.53,Yearly,2022-12-03
S14119,f515c79c-3,Premium,8.89,Monthly,2022-12-15
S14120,9beb72e9-a,Premium,3.72,Yearly,2022-02-08
S14121,0a3e0c9a-b,Premium,16.2,Monthly,2025-08-30
S14122,9b504965-8,Standard,23.19,Monthly,2025-07-03
S14123,8d824a9e-d,Standard,22.99,Monthly,2021-11-11
S14124,0ae996e8-1,Premium,17.41,Monthly,2023-02-11
S14125,1b3155b6-f,Basic,12.83,Monthly,2025-10-02
S14126,05ee22e6-9,Basic,24.89,Monthly,2024-12-30
S14127,1c6a7f57-2,Standard,10.32,Yearly,2023-09-06
S14128,a923ff6c-0,Standard,9.23,Monthly,2025-11-09
S14129,74e23574-f,Premium,12.86,Yearly,2025-10-27
S14130,163c53ec-a,Premium,5.25,Yearly,2024-04-13
S14131,a69fad88-4,Standard,23.4,Monthly,2023-05-26
S14132,ea4b9fbb-b,Basic,22.84,Monthly,2025-04-13
S14133,564f54cf-d,Premium,8.7,Monthly,2021-10-06
S14134,236ce97b-d,Basic,24.52,Yearly,2021-03-19
S14135,3d9ad5a1-8,Basic,15.64,Yearly,2021-06-06
S14136,14405134-b,Standard,23.26,Monthly,2023-08-19
S14137,627cbd1e-2,Basic,16.91,Yearly,2021-10-26
S14138,888ae7c0-0,Basic,8.59,Yearly,2023-03-22
S14139,7e3378c6-e,Premium,,Yearly,2025-05-29
S14140,982e92b0-d,Premium,23.88,Monthly,2021-06-30
S14141,fea8ea74-b,Basic,13.95,Yearly,2022-12-16
S14142,0f624c38-d,Standard,8.05,Yearly,2022-11-05
S14143,47e67a10-9,Basic,21.85,Yearly,2023-12-17
S14144,9e58b568-5,Premium,11.0,Monthly,2023-02-14
S14145,3ccf5a43-d,Basic,24.16,Yearly,2022-08-30
S14146,6af59977-3,Basic,23.73,Monthly,2021-10-01
S14147,501bcd9a-b,Standard,17.55,Monthly,2023-06-16
S14148,4890644f-8,Standard,19.15,Monthly,2022-05-31
S14149,54e63709-2,Premium,5.85,,2024-01-17
S14150,902db626-c,Basic,8.97,Monthly,2021-03-09
S14151,c83b77f5-b,Basic,5.18,Monthly,2025-09-03
S14152,345da73d-0,Basic,16.2,Monthly,2025-12-30
S14153,f0d49078-2,Premium,22.21,Monthly,2024-02-28
S14154,6a18be05-a,Standard,4.49,Yearly,2025-07-08
S14155,f8caadeb-d,Standard,21.14,Monthly,2022-09-23
S14156,268b2f78-0,Standard,22.68,Monthly,2025-01-19
S14157,8e4e0826-3,Basic,12.15,Yearly,2021-05-22
S14158,69693a8a-7,Basic,13.49,Yearly,2023-09-19
S14159,07f6fd17-9,Premium,15.88,Monthly,2025-10-27
S14160,3a600886-6,Basic,14.15,Monthly,2023-10-24
S14161,608fa8eb-f,Basic,7.93,Monthly,2024-02-11
S14162,fbd29b12-b,Premium,10.03,Yearly,2025-03-01
S14163,3296deb0-0,Premium,16.05,Yearly,2022-10-25
S14164,98ae93d0-1,Premium,19.76,Monthly,2026-01-20
S14165,af8dce40-5,Standard,4.85,Yearly,2022-01-05
S14166,ae4e7e66-2,Pr3mium,19.48,Yearly,2024-10-11
S14167,ea86a5b9-6,Premium,6.64,Yearly,2022-11-01
S14168,f4336e43-8,Basic,7.68,Yearly,2021-05-07
S14169,10a958b3-3,Premium,20.05,Yearly,2022-10-28
S14170,2f68a006-3,Standard,15.62,Monthly,2024-10-14
S14171,5737d244-1,Basic,23.38,monthly,2024-03-01
S14172,fb0abd43-c,Premium,13.01,Monthly,2021-12-04
S14173,5d5f9d17-7,Basic,5.31,Monthly,2023-08-30
S14174,cf380f7c-c,Standard,7.75,Monthly,2021-03-02
S14175,0ba43edb-8,Premium,17.76,Yearly,2025-06-28
S14176,f8612819-4,Standard,19.24,monthly,2024-12-05
S14177,44885df4-c,Basic,18.9,Yearly,2021-09-01
S14178,cc503b0c-0,Premium,10.22,Yearly,2021-10-03
S14179,5277f8ac-1,Standard,5.0,Yearly,2024-05-19
S14180,6320df1a-5,Basic,3.35,Monthly,2023-04-06
S14181,5330a002-9,Basic,18.34,Monthly,2024-04-06
S14182,8ca6abfe-2,Standard,19.54,Monthly,2022-10-26
S14183,9c37ce04-5,Standard,20.39,Yearly,2023-12-29
S14184,862b74f5-0,Premium,19.74,Yearly,2024-03-17
S14185,1b161c27-7,Standard,14.69,Monthly,2025-02-02
S14186,f4910cfd-7,Standard,14.05,Monthly,2024-05-29
S14187,0f646da7-a,Standard,15.3,Yearly,2021-04-15
S14188,e050e364-0,Premium,18.49,Monthly,2024-02-07
S14189,d2976fb8-e,Basic,3.98,Monthly,2025-06-28
S14190,1a20ac2d-d,Basic,4.3,Monthly,2024-09-22
S14191,3a6eb7cb-d,Standard,24.72,Monthly,2025-12-26
S14192,791d95d7-2,Premium,11.03,Yearly,2025-05-12
S14193,dd358489-1,Standard,12.56,Monthly,2024-02-23
S14194,76bcb43a-0,Premium,11.37,Monthly,2022-01-20
S14195,862f23ae-e,Standard,21.85,Monthly,2023-05-05
S14196,0d20845b-1,Basic,12.12,Yearly,2024-06-10
S14197,22c205aa-f,Premium,11.82,Monthly,2025-05-28
S14198,89979408-2,Basic,7.82,Yearly,2024-05-31
S14199,dd2c7336-1,Basic,8.2,Yearly,2024-04-14
S14200,a0d57d24-7,Basic,12.3,Monthly,2025-05-13
S14201,e4b3a14a-5,Premium,18.72,Yearly,2021-10-21
S14202,5a051a61-4,Premium,5.4,Monthly,2021-03-25
S14203,507bdd78-5,Basic,14.35,Monthly,2021-06-24
S14204,2596c820-6,Premium,14.58,Yearly,2023-12-20
S14205,eb9879bd-9,Premium,4.79,Monthly,2023-07-27
S14206,14f9888e-e,Basic,4.05,Yearly,2024-08-21
S14207,147ae08a-e,Basic,15.79,Monthly,2023-04-21
S14208,192c00db-a,Standard,9.83,Monthly,2025-09-20
S14209,7dd6290e-b,Standard,7.56,Monthly,2021-10-17
S14210,a87f44e2-0,Premium,6.41,Yearly,2024-11-15
S14211,1d160344-c,Premium,14.5,Monthly,2025-03-29
S14212,11764b36-8,Premium,13.11,Monthly,2025-11-30
S14213,9a1a5eda-1,Basic,12.71,Monthly,2025-09-25
S14214,19a12a26-a,Standard,10.52,Yearly,2024-10-17
S14215,da9f6eb2-f,Premium,11.79,Yearly,2026-01-08
S14216,02868daa-f,Premium,16.16,Yearly,2022-12-29
S14217,d3bdb87e-d,Premium,18.28,Yearly,2024-06-11
S14218,bd19f769-d,Standard,13.68,Monthly,2024-12-11
S14219,d29218f5-1,Basic,5.36,Yearly,2024-07-14
S14220,fa86fab9-a,Basic,16.1,Monthly,2021-06-25
S14221,b7f7f492-c,Standard,16.82,Monthly,2024-03-21
S14222,00f801fb-d ,Basic,17.58,Yearly,2023-07-08
S14223,2b8149d5-1,Basic,21.79,Yearly,2023-05-07
S14224,cbe37d22-e,Premium,17.28,Yearly,2022-07-04
S14225,81df679a-6,Basic,15.95,Monthly,2021-07-06
S14226,438abf7c-7,Basic,20.19,Yearly,2024-09-19
S14227,4159a234-f,Premium,,Yearly,2022-11-11
S14228,5af8ae25-4,Standard,9.1,Yearly,2024-04-13
S14229,92ec4bde-8,Basic,4.13,Yearly,2023-04-29
S14230,c029bc9c-f,Standard,12.29,Yearly,2025-05-16
S14231,de7195b3-2,Basic,10.82,Yearly,2022-08-26
S14232,57fe0418-a,Standard,17.18,Yearly,2022-08-23
S14233,dbc066f0-3,Premium,8.86,Yearly,2021-05-05
S14234,1be1f089-0,Premium,19.07,Monthly,2024-03-21
S14235,bc7db71d-e,Standard,4.58,Monthly,2024-11-29
S14236,92969aa4-2,Standard,20.79,Monthly,2022-11-04
S14237,1f053227-f,Standard,21.62,Monthly,2022-01-02
S14238,ff222b0e-2,Premium,22.07,Yearly,2025-03-22
S14239,57b5799b-f,Basic,4.12,Monthly,2021-10-30
S14240,fb79a3bd-f,Basic,22.9,Monthly,2021-03-28
S14241,1585b01f-0,Standard,5.55,Yearly,2025-11-22
S14242,5dde2ca9-e,Standard,5.27,Monthly,2024-10-15
S14243,9149c31e-f,Basic,12.31,Monthly,2026-01-15
S14244,96759cf1-b,Standard,13.82,Yearly,2021-12-09
S14245,fed9618f-1,Premium,18.38,Yearly,2023-03-15
S14246,239bee2f-c,Premium,4.88,Monthly,2023-06-23
S14247,16fa7407-1,Standard,22.42,Yearly,2024-10-17
S14248,1ddd9c2e-f,Basic,18.67,Monthly,2025-08-13
S14249,7c6e8104-a,Premium,23.7,Monthly,2023-09-17
S14250,0504e178-9,Standard,8.28,Monthly,2025-04-16
S14251,532c90f2-4,Standard,15.27,Monthly,2023-12-12
S14252,cece7fef-c,Basic,19.82,Yearly,2021-11-07
S14253,a2158425-6,Basic,3.07,Yearly,2023-09-09
S14254,d76a5124-6,Basic,3.63,Yearly,2022-05-29
S14255,24b871f9-f,,3.46,Yearly,2025-03-12
S14256,58410d15-4,Premium,16.83,Monthly,2022-01-19
S14257,a92bfef5-6,Premium,22.49,Monthly,2021-03-02
S14258,a02b9d4e-9,Premium,7.39,Monthly,2021-09-25
S14259,b9371a0b-c,Premium,19.91,Yearly,2022-01-29
S14260,a1d200f7-4,Premium,8.53,monthly,2023-05-23
S14261,4d607457-6,Basic,16.31,Yearly,2022-02-01
S14262,2d1c45e7-7,Basic,4.33,Yearly,
S14263,b2e191d2-b,Standard,22.25,Yearly,2021-04-09
S14264,dd911bc4-1,Standard,23.05,Yearly,2021-02-28
S14265,1addc13c-8,Standard,20.12,Monthly,2024-06-13
S14266,0657c626-2,Premium,4.15,Monthly,2024-09-19
S14267,1e199928-f,Standard,23.33,Yearly,2024-03-22
S14268,22cbe1f9-9,Standard,14.85,Monthly,2022-06-01
S14269,1442309f-d,Premium,11.13,Monthly,2024-11-25
S14270,03330d5e-1,Standard,10.88,Yearly,2021-12-30
S14271,f51b5ac6-d,Standard,15.96,Monthly,2023-06-03
S14272,58bec9ff-8,Basic,14.29,Yearly,2024-06-16
S14273,7037dd44-8,Premium,15.75,Yearly,2025-06-22
S14274,16284f83-1,Standard,12.64,Monthly,2025-02-04
S14275,e33260b6-7,Premium,14.07,Yearly,2024-06-02
S14276,49cdaf10-3,Basic,7.43,Monthly,2025-09-19
S14277,577a1797-6,Standard,14.34,Yearly,2022-10-09
S14278,93ba1f10-3,Standard,19.24,Monthly,2021-11-14
S14279,,Standard,16.81,Yearly,2025-12-19
S14280,7bed5259-8,Basic,18.26,Yearly,2025-02-25
S14281,389b1556-7,Standard,19.04,Yearly,2021-06-02
S14282,2265439c-b,Premium,16.76,Yearly,2023-06-16
S14283,aee19b4e-c,Standard,20.17,Yearly,2022-01-01
S14284,d13f4d10-5,Basic,23.74,Yearly,2024-07-13
S14285,a846d97d-1,Basic,6.86,Monthly,2023-06-08
S14286,9c3cb7c3-6,Basic,24.56,Monthly,2024-04-30
S14287,cb086c68-3,Standard,18.83,Monthly,2023-11-21
S14288,92d79192-e,Premium,16.16,Monthly,2025-08-27
S14289,ca0bfcd8-a,Basic,10.28,Yearly,2022-07-31
S14290,b5acac71-e,Premium,10.14,Monthly,2021-11-12
S14291,50836513-6,Standard,3.52,Monthly,2025-11-22
S14292,bdf5c5e9-a,Basic,5.84,Monthly,2021-08-15
S14293,f345bc38-3,Standard,10.02,Yearly,2022-05-11
S14294,9d5fd186-e,Premium,11.43,Monthly,2023-12-10
S14295,a494778a-c,Premium,15.17,Monthly,2025-08-09
S14296,0189b13f-f,Standard,20.43,Monthly,2022-01-29
S14297,093334cd-8,Premium,10.06,Yearly,2025-12-25
S14298,fc6bd712-f,Standard,8.32,Yearly,2025-01-04
S14299,866caf51-6,Basic,22.58,Yearly,2024-04-18
S14300,823d321d-3,Basic,11.48,Yearly,2025-12-14
S14301,8c24b788-3,Basic,24.91,Monthly,2021-05-26
S14302,979147b1-0,Basic,22.63,Monthly,2025-04-22
S14303,85839767-b,Basic,7.09,Monthly,2025-03-14
S14304,2bfaa6f2-c,Basic,9.35,Yearly,2024-01-16
S14305,1e363728-f,Premium,11.99,yearly,2025-07-22
S14306,f4208aed-c,Premium,24.22,Monthly,2022-04-19
S14307,14688f28-b,Standard,14.92,Monthly,2021-07-01
S14308,966ebed5-d,Premium,21.57,Monthly,
S14309,5f09edfc-b,Standard,14.38,Monthly,2022-09-27
S14310,2d0b2de2-9,Basic,23.72,yearly,2021-12-29
S14311,25a5ba2f-0,Premium,3.91,Yearly,2025-12-06
S14312,be7b9f9c-3,Premium,23.94,Yearly,2026-01-23
S14313,98378e7e-a,Premium,16.04,Monthly,2025-01-05
S14314,2c020d2d-b,Basic,8.06,Monthly,2024-06-28
S14315,edf9d2da-d,Standard,12.52,Monthly,2024-04-26
S14316,63e6200a-8,Basic,11.3,Yearly,2021-11-06
S14317,93319e02-1,Basic,18.16,Monthly,2024-04-23
S14318,ee6ca445-6,Standard,12.47,Monthly,2022-04-27
S14319,96567b57-8,Premium,6.76,Yearly,2022-04-02
S14320,1f1e7659-0,Basic,15.08,Yearly,2023-06-14
S14321,6d06761e-6,Premium,11.32,Yearly,2023-04-15
S14322,fc822adf-f,Standard,8.68,Monthly,2025-06-19
S14323,19302257-8,Standard,7.73,Yearly,2021-04-20
S14324,d71fe39d-9,Basic,15.06,Yearly,2022-05-05
S14325,2c40c01f-7,Premium,11.44,Yearly,2025-07-25
S14326,719d4d67-b,Standard,18.45,Monthly,2021-04-04
S14327,84831410-5,Basic,9.98,Yearly,2021-08-25
S14328,dc71e981-e,Standard,15.79,Yearly,2023-12-24
S14329,5d5ad0cd-d,Standard,6.96,Monthly,2023-08-26
S14330,29cf9729-4,Premium,12.28,Monthly,2024-05-01
S14331,f4d08940-d,Premium,7.3,Monthly,2021-05-02
S14332,17856b14-c,Basic,10.21,Monthly,2024-11-08
S14333,8943000f-7,Standard,12.14,Yearly,2023-11-22
S14334,561fb86f-3,Basic,22.03,Monthly,2023-05-03
S14335,2f5074d1-b,basic,20.51,Yearly,2023-11-23
S14336,e4ec9620-9,Premium,9.55,Yearly,2023-08-11
S14337,79af84f1-9,Premium,9.27,Monthly,2023-04-12
S14338,08db2e3c-b,Standard,16.24,Monthly,2025-08-29
S14339,5502e4bf-4,Standard,18.69,Yearly,2025-08-18
S14340,762d96dd-1,Basic,11.54,Monthly,2025-09-19
S14341,7d60dc07-e,Premium,5.6,Monthly,2021-10-10
S14342,8c0fe53a-7,Basic,24.25,Yearly,2025-10-03
S14343,c4b2fbcc-8,Basic,7.49,Yearly,2024-10-20
S14344,774b4a6e-3,Premium,20.98,Yearly,2025-10-02
S14345,3da864b4-c,Basic,21.64,Monthly,2023-10-22
S14346,13743bb4-9,Standard,9.37,Yearly,2021-08-22
S14347,2982557b-7,Premium,15.34,Yearly,2022-05-25
S14348,d452e49b-d,Standard,3.53,Monthly,2021-09-10
S14349,161c565f-0,Premium,15.5,Monthly,2022-10-28
S14350,bc9685a4-b,Basic,21.17,Monthly,2022-05-05
S14351,d6e82259-d,Standard,,Monthly,2023-06-26
S14352,45150467-9,Standard,18.44,Monthly,2021-11-03
S14353,0235c2ad-9,Premium,15.52,Monthly,2025-03-27
S14354,65c44b52-0,Standard,19.54,Monthly,2025-09-24
S14355,19ce9299-5,Standard,23.22,Monthly,2024-12-20
S14356,617f64bb-a,standard,23.68,Monthly,2025-03-17
S14357,f0a85042-2,Premium,15.47,Monthly,2021-10-31
S14358,4e89e141-f,Standard,9.79,Monthly,2021-10-04
S14359,c12ad66a-c,Basic,19.86,Monthly,2023-09-04
S14360,c91bddc5-c,Basic,14.05,Monthly,2023-11-03
S14361,bdb06d93-7,Basic,12.29,Yearly,2024-11-20
S14362,c56a3fdd-b,Standard,10.09,Monthly,2023-09-18
S14363,a5fdc653-8,,18.86,Yearly,2024-01-14
S14364,11bda383-3,Basic,23.84,Yearly,2024-05-06
S14365,f166c0a4-0,Basic,,Yearly,2023-08-30
S14366,8a8834a2-e,Standard,6.65,Monthly,2022-07-19
S14367,5fbf7a97-0,Premium,8.24,Monthly,2023-07-19
S14368,d8eb8ccc-e,Premium,10.86,Yearly,2021-09-23
S14369,3c17be6a-5,Basic,23.89,Yearly,2024-12-31
S14370,cb4caad7-1,Basic,6.26,Yearly,2023-07-14
S14371,d153e7f5-0,Premium,3.87,Yearly,2025-04-23
S14372,a0dba2e9-2,Basic,10.49,Monthly,2023-03-12
S14373,26285d13-1,Basic,13.78,Monthly,2025-06-13
S14374,c77e8b9e-6,Premium,22.59,Yearly,2025-09-25
S14375,73a30b97-2,Basic,23.99,Yearly,2022-08-09
S14376,4414f83c-a,Standard,11.51,Yearly,2023-04-26
S14377,f39c391f-1,Basic,10.74,Monthly,2022-01-01
S14378,b59a32b7-5,Standard,15.68,Yearly,2021-10-05
S14379,95367237-3,Basic,5.97,Yearly,2021-06-30
S14380,75fad292-4,Standard,4.33,Yearly,2024-07-15
S14381,b03350b0-7,Basic,17.36,Monthly,
S14382,b09fb10e-b,Premium,9.37,Yearly,2025-05-27
S14383,b602f1e8-a,Basic,3.58,Monthly,2024-02-15
S14384,f894c5f1-5,Basic,11.64,Yearly,2021-11-21
S14385,f03fd036-8,Premium,18.72,Monthly,2025-03-08
S14386,ef67f71d-e,Premium,14.75,Yearly,2025-11-09
S14387,cbdaee7d-1,Premium,15.11,Yearly,2025-06-07
S14388,6e4df827-0,Premium,9.54,Yearly,2023-05-28
S14389,4279fda8-1,Basic,3.56,Monthly,2025-09-27
S14390,9a073f29-d,Premium,20.35,Monthly,2025-05-23
S14391,78f4b413-9,Premium,20.91,Monthly,2021-09-08
S14392,7f0fbe6b-0,Premium,5.47,Yearly,2025-12-25
S14393,1d9e00fe-5,Standard,21.92,Monthly,2023-04-04
S14394,83a09d1b-5,Basic,6.15,Monthly,2025-06-17
S14395,d83c012f-8,Premium,9.09,Monthly,2024-06-30
S14396,d75bb31d-c,Premium,4.58,Monthly,2025-06-29
S14397,f6e591c6-0,Basic,15.13,Yearly,2023-04-19
S14398,fe967d5e-3,Basic,6.69,Y3arly,2025-02-12
S14399,2bc1a3b2-a,Standard,21.41,Yearly,2021-06-03
S14400,7cfe349e-7,Premium,15.23,Yearly,2025-04-08
S14401,82005673-d,Premium,15.6,Yearly,2025-12-22
S14402,01027121-b,Basic,11.04,Yearly,2022-09-02
S14403,cb2a3ce7-b,Premium,16.53,Monthly,2022-05-12
S14404,a2016c31-b,Standard,5.7,Yearly,2021-11-10
S14405,9ff5ed8f-7,Basic,22.79,Monthly,2023-01-03
S14406,204c023e-c,Standard,8.99,Monthly,2021-10-27
S14407,2b54e7ec-0,Basic,8.35,Yearly,2022-09-24
S14408,f7b94ef8-0,Basic,8.2,Monthly,2023-12-16
S14409,04e9bb2d-0,Premium,22.33,,2026-01-14
S14410,62da4968-6,Premium,4.67,Yearly,2024-07-23
S14411,ef5c13d9-b,Premium,7.35,Monthly,2022-12-03
S14412,c361cfcd-5,Premium,11.45,Yearly,2023-07-05
S14413,de33f13c-8,Basic,13.76,Yearly,2025-09-06
S14414,1c0fe0f0-7,Premium,24.61,Monthly,2025-05-12
S14415,0da39728-2,Premium,16.41,Yearly,2024-04-20
S14416,4f54c683-d,Premium,14.14,Monthly,2021-09-16
S14417,464fd72b-4,Premium,17.7,Yearly,2022-10-12
S14418,cf416eae-0,Premium,8.91,Yearly,2023-12-05
S14419,3c916677-4,Standard,13.12,Yearly,2023-01-04
S14420,da4c1c9a-0,Basic,20.28,Monthly,2023-04-06
S14421,759a87b9-e,Basic,18.44,Monthly,2023-11-16
S14422,bec642cd-a,Basic,23.86,Yearly,2022-07-26
S14423,1ec9bd9b-f,Standard,18.32,Yearly,2025-11-21
S14424,60405775-4,Premium,13.31,Yearly,2023-06-23
S14425,2731d79e-a,Standard,7.38,Yearly,2021-08-07
S14426,d8c6cb01-d,Standard,10.58,Yearly,2023-04-14
S14427,7a20102d-b ,Premium,14.36,Yearly,2021-06-08
S14428,0dbeb0b9-9,Standard,17.39,Yearly,2024-11-25
S14429,157bceb8-a,Premium,,Yearly,2023-02-17
S14430,1792bc05-e,Basic,15.26,Yearly,2022-11-16
S14431,29550091-7,Premium,5.93,Yearly,2021-04-02
S14432,e60b2c01-3,Standard,16.6,Monthly,2021-08-07
S14433,1401d2da-8,Standard,17.7,Yearly,2023-07-23
S14434,909aaef8-2,Standard,15.93,Yearly,2025-01-28
S14435,ee086a6a-e,Premium,20.42,Monthly,2024-08-23
S14436,af5ae1f5-b,Basic,3.82,Monthly,2022-06-18
S14437,0fb7ab36-1,Standard,19.47,Monthly,2024-08-14
S14438,c15bd035-5,Basic,23.42,Yearly,2022-12-23
S14439,7148b6a3-d,Basic,3.96,Yearly,2022-07-12
S14440,6312e78e-a,Standard,22.17,Monthly,2022-03-03
S14441,6b6ced9d-6,Basic,12.85,Monthly,2022-03-12
S14442,1c19f3d3-5,Basic,24.48,Yearly,2023-07-06
S14443,cb416610-f,Basic,9.56,Yearly,2021-06-23
S14444,97583f3e-2,Basic,5.75,Monthly,2023-08-16
S14445,a82baf0e-7,Premium,9.38,Yearly,2024-06-26
S14446,5a05d32e-d,Premium,13.67,Monthly,2023-01-19
S14447,a90fa44f-8,Basic,9.81,Monthly,2022-10-31
S14448,b54842ab-c,Basic,14.14,Monthly,2024-12-12
S14449,9efed482-3,Standard,17.92,Monthly,2024-08-30
S14450,e4fd337a-e,Basic,20.75,Monthly,2022-05-09
S14451,2ab9e4ce-e,Basic,23.2,Yearly,2025-06-24
S14452,74a9abb5-b,Basic,21.73,Monthly,2021-08-02
S14453,9aae09be-3,Premium,20.16,Yearly,2025-09-27
S14454,659e2de9-a,Standard,12.83,Monthly,2023-07-09
S14455,7080bc5a-4,Basic,12.99,Monthly,2024-05-05
S14456,765a0ffd-b,Standard,8.71,Yearly,2024-06-14
S14457,0f1ba266-5,Premium,6.1,Yearly,2022-03-05
S14458,5d15fe92-9,Standard,21.28,Yearly,2024-07-30
S14459,e35a240d-4,Standard,15.3,Yearly,2022-03-20
S14460,62db32df-f,Standard,17.1,Yearly,2022-11-12
S14461,4060e3f4-f,Basic,12.67,Yearly,2025-01-19
S14462,901d18b9-8,Standard,21.38,Monthly,2022-04-07
S14463,6e621dd4-0,Basic,21.78,Monthly,2022-12-16
S14464,20774b42-f,Standard,22.52,Monthly,2022-04-02
S14465,38d4c210-9,Standard,12.61,Monthly,2022-01-11
S14466,48e5b543-f,Standard,7.44,Yearly,2023-11-20
S14467,2a0294f2-f,premium,19.07,Monthly,2022-02-01
S14468,3af99ff7-5,Standard,10.67,Yearly,2025-10-22
S14469,d187719b-e,Premium,3.47,Monthly,2021-08-03
S14470,3e05c14a-d,Premium,5.52,Monthly,2025-11-17
S14471,ac53149e-f,Premium,11.13,Yearly,2025-01-13
S14472,0cc91daf-4,Basic,23.36,Monthly,2024-03-08
S14473,4643723b-2,Premium,17.64,Monthly,2024-01-03
S14474,b258979f-0,Basic,14.95,Yearly,2023-06-18
S14475,806de2f9-7,Premium,22.39,Yearly,2024-03-07
S14476,03faf0fb-0,Premium,20.79,Yearly,2023-06-06
S14477,d21e4f37-f,Standard,,Yearly,2022-04-15
S14478,7a9fb36a-6,Premium,15.01,Yearly,2022-08-02
S14479,23f875bb-b,Standard,4.15,Monthly,2023-06-02
S14480,93175101-e,Standard,23.7,Monthly,2024-10-26
S14481,923cd954-5,Standard,22.84,Yearly,2021-06-25
S14482,0d6e8a4b-c,Premium,18.51,Monthly,2024-02-18
S14483,64a8fa9c-4,Premium,17.92,Yearly,2023-11-06
S14484,57c67b60-f,Standard,24.13,Yearly,2023-12-09
S14485,42193bc9-a,Standard,23.85,Yearly,2025-04-17
S14486,,Standard,19.92,Monthly,2021-03-26
S14487,bed0737c-4,Premium,5.86,Monthly,2024-10-05
S14488,d43b7381-6,Premium,22.81,Yearly,2024-08-14
S14489,b08ff001-2,Premium,9.98,Yearly,2024-06-30
S14490,8ad3fe22-d,Basic,6.13,Yearly,2025-04-10
S14491,5c12cf08-0,Premium,21.72,Yearly,2021-03-26
S14492,07987273-7,Basic,8.37,Monthly,2023-11-11
S14493,44e68a90-d,Basic,13.09,Monthly,2026-01-06
S14494,cd5a4f62-1,Standard,19.48,Yearly ,2026-02-08
S14495,d62b2c62-c,Premium,7.19,Yearly,2023-11-22
S14496,d60467e3-4,Standard,11.81,Yearly,2022-06-06
S14497,b8500813-6,Standard,16.56,Yearly,2021-05-07
S14498,092df179-9,Basic,11.08,Yearly,2022-12-16
S14499,6e8908cb-9,Premium,17.37,Yearly,2025-02-20
S14500,152e3634-d,Premium,19.72,Yearly,2025-07-14
S14501,1e2db848-a,Premium,14.46,Monthly,2025-02-05
S14502,f9cafc5c-9,Standard,12.76,Monthly,2025-03-29
S14503,9b8ee27e-f,Basic,13.05,Monthly,2021-08-17
S14504,10e97df9-c,Basic,16.37,Monthly,2025-12-14
S14505,d58141b1-e,Standard,13.74,Yearly,2023-08-12
S14506,c245ac6f-b,Standard,18.96,Monthly,2025-05-16
S14507,bc082558-b,Premium,17.1,Monthly,2021-03-03
S14508,fde8e4f7-3,Standard,4.51,Monthly,2024-05-07
S14509,26a56e1f-5,Standard,14.9,Yearly,2024-09-14
S14510,ddddad40-b,Standard,6.01,Monthly,2022-12-01
S14511,9a91d148-3,Standard,16.43,Yearly,
S14512,e3dcda55-4,Premium,5.81,Monthly,2021-02-27
S14513,32acff19-c,Premium,13.64,Monthly,2023-08-15
S14514,b61f4474-5,Basic,16.4,Monthly,2025-05-19
S14515,e5261f56-f,Basic,23.04,Monthly,2025-12-24
S14516,04c74492-b,Premium,7.14,Monthly,2025-02-02
S14517,3857f762-b,Basic,15.58,Yearly,2023-03-24
S14518,63b006ed-2,Premium,17.2,Monthly,2024-08-02
S14519,e34eaa23-0,Premium,22.72,Yearly,2021-05-26
S14520,e6a201b4-1,Premium,4.17,Monthly,2022-10-11
S14521,f4f55406-1,Premium,15.97,Monthly,2023-06-25
S14522,2485bdc1-9,Premium,5.23,Monthly,2024-08-10
S14523,af2a9244-9,Premium,5.58,,2022-09-27
S14524,05873900-9,Premium,16.52,Yearly,2023-07-06
S14525,7e3771c2-1,Premium,18.19,Monthly,2021-03-30
S14526,47448912-f,Standard,15.85,Yearly,2025-12-19
S14527,af77cbfa-0,Basic,19.14,Monthly,2024-08-07
S14528,e7433b43-b,Basic,11.98,Yearly,2023-03-19
S14529,9ec76d2c-f,Standard,14.63,Yearly,2021-12-10
S14530,9d6e6b1e-b,Standard,17.53,Monthly,2024-10-05
S14531,5d390c2e-7,Standard,6.49,Monthly,2025-06-14
S14532,1f65abde-e,Premium,4.39,Yearly,2023-02-15
S14533,a273a91c-5,Basic,24.52,Yearly,2023-03-06
S14534,626693b1-4,Premium,9.05,Monthly,2022-06-05
S14535,ac41c2b3-1,Basic,20.97,Monthly,2023-03-29
S14536,dbbeac10-0,Premium,13.82,Monthly,2025-02-19
S14537,0c265b93-e,Premium,17.43,Yearly,2025-01-20
S14538,d1568349-b,Premium,16.55,Yearly,2025-07-08
S14539,109df40a-1,Premium,7.38,Yearly,2022-07-11
S14540,3552a283-a,Basic,7.65,Yearly,2023-04-11
S14541,630b23c8-c,Basic,,Yearly,2021-12-01
S14542,366ca3f6-1,Premium,15.73,Monthly,2024-08-19
S14543,04ac866e-0,Standard,20.47,Yearly,2024-05-06
S14544,446848a9-5,Premium,24.94,Monthly,2022-01-21
S14545,a691ca6e-e,Basic,23.08,Monthly,2024-04-27
S14546,5b87b8b2-1,Premium,18.41,Monthly,2023-01-29
S14547,e1741a74-0,Standard,19.21,Yearly,2024-09-14
S14548,860f624e-6,Basic,19.16,Yearly,2025-11-28
S14549,46ae4843-e,Basic,21.39,Monthly,2025-10-27
S14550,4f21a6e9-a,Premium,7.88,monthly,2024-03-13
S14551,73c8cc59-6,Basic,17.19,Monthly,2022-02-25
S14552,5dd7d18b-1,Standard,24.67,Monthly,2022-08-15
S14553,85b7fa40-e,Standard,8.74,Yearly,2025-02-15
S14554,7c904950-2,Basic,23.54,Yearly,2025-07-16
S14555,e9fc1e9e-5,Standard,16.73,Monthly,2025-12-26
S14556,3c21670d-9,Basic,6.41,Monthly,2024-04-04
S14557,3a74a313-0,Standard,15.96,Monthly,2022-07-30
S14558,b6f1d7bb-8,Premium,15.07,Monthly,2022-02-02
S14559,1f19b5f2-8,Standard,4.6,Monthly,2021-11-04
S14560,15dc259d-7,Standard,18.29,Monthly,2021-03-20
S14561,8df61a5e-b,Basic,23.8,Yearly,2023-01-12
S14562,82fdd33b-9,Basic,5.0,Yearly,2021-12-05
S14563,63500f10-f,Basic,21.93,Monthly,2021-06-30
S14564,90821086-e,Basic,21.73,Monthly,2021-04-19
S14565,f2a987cf-5,Premium,8.58,yearly,2022-05-19
S14566,9275d5fd-4,Basic,21.53,Yearly,2024-02-12
S14567,0ca36d39-3,Standard,12.96,,2021-06-12
S14568,50b6b38d-8,Basic,21.66,Monthly,2024-04-22
S14569,dc93ce70-b,Standard,5.09,Yearly,2025-08-24
S14570,334ae64a-8,Premium,18.08,Yearly,2021-08-18
S14571,c4db2a33-e,Basic,9.41,Yearly,2024-01-09
S14572,b64dd3e2-f,Standard,19.72,Monthly,2021-06-14
S14573,6b49f494-5,Standard,16.18,Yearly,2021-11-23
S14574,012ac864-b,Standard,20.39,Yearly,2025-04-27
S14575,02f4a9cb-7,Basic,12.63,Monthly,2021-07-03
S14576,5472ca81-b,Standard,9.89,monthly,2021-03-24
S14577,2b903d65-8,Standard,17.12,Yearly,2021-04-04
S14578,5db00ad2-2,Standard,20.95,Yearly,2024-09-26
S14579,465f0333-a,Premium,21.86,Monthly,2024-03-02
S14580,2ce4f829-3,Standard,10.06,Yearly,2024-05-06
S14581,a1264768-7,Premium,15.28,Yearly,2021-12-18
S14582,f73547cc-4,Standard,20.23,Monthly,2022-10-17
S14583,15615da9-6,Basic,15.29,Yearly,2025-02-06
S14584,e947c06b-d,Standard,14.84,Yearly,2025-08-19
S14585,96434d7a-2,Standard,7.01,Monthly,2022-07-25
S14586,03cd9704-d,Basic,3.24,Yearly,2022-06-20
S14587,d289a74d-e,Premium,9.94,Monthly,2025-05-03
S14588,dc64a6de-7,Premium,13.57,Yearly,2023-10-13
S14589,2f21cf30-5,Premium,5.19,Yearly,2025-07-15
S14590,5d0c3dc2-e,Premium,17.24,Monthly,2025-05-17
S14591,354be812-3,Basic,21.01,Yearly,2021-05-30
S14592,dfa2ee88-c,Basic,4.74,Monthly,2023-07-15
S14593,db5e7d1d-1,Basic,15.81,Monthly,2023-09-13
S14594,755f5ef1-d,Basic,21.95,Yearly,2021-04-26
S14595,387afe26-5,Premium,8.2,Monthly,2021-12-09
S14596,,Premium,4.01,Yearly,2024-12-30
S14597,5a98e2bf-d,Basic,12.94,Yearly,2024-01-08
S14598,acc45793-a,Premium,15.56,Yearly,2023-02-11
S14599,1a4befc9-8,Basic,7.51,Yearly,
S14600,a6e8b76d-d,Basic,14.08,Monthly,2023-08-30
S14601,460051af-5,Standard,14.0,Monthly,2025-02-04
S14602,a55aabb1-a,Premium,13.39,Monthly,2024-06-01
S14603,aec9bde3-7,Premium,5.03,Monthly,2025-08-02
S14604,94cd32d5-4,Basic,7.26,Yearly,2021-12-09
S14605,e3aa9841-5,Standard,14.21,Yearly,2025-09-06
S14606,979ee010-9,Basic,3.02,Yearly,2021-04-30
S14607,072b6464-e,Basic,16.06,Yearly,2025-09-06
S14608,7b5da286-b,Basic,3.67,Monthly,2023-04-23
S14609,053ac558-6 ,Standard,3.81,Monthly,2024-12-31
S14610,d141c7b3-4,Basic,18.2,Yearly,2021-08-25
S14611,25e685b4-3,Premium,5.71,Yearly,2022-06-23
S14612,36711576-6,Standard,11.2,Yearly,2022-10-13
S14613,93b7ed75-5,Basic,24.26,Yearly,2023-12-15
S14614,50915763-8,Standard,17.21,Yearly,2022-10-04
S14615,e30b793a-3,Premium,21.16,Yearly,2024-12-27
S14616,3450b42b-c,Basic,14.75,Monthly,2022-07-05
S14617,027968cc-9,Premium,15.5,Monthly,2024-04-07
S14618,dfbb8830-3,Standard,16.32,Monthly,2025-03-03
S14619,1dd53d9f-7,Standard,18.2,Yearly,2025-02-16
S14620,c202f049-3,Standard,6.8,Monthly,2025-06-28
S14621,2c1ee680-c,Basic,13.01,Yearly,2024-07-31
S14622,f35a1a2d-a,Basic,15.57,Yearly,2025-02-18
S14623,08dad041-5,Premium,10.53,Yearly,2024-09-26
S14624,4fbbb589-2,Premium,3.41,Yearly,2022-11-06
S14625,0c55d131-c,Premium,7.73,Yearly,2024-01-03
S14626,29de8d12-5,Basic,20.0,Monthly,2025-01-27
S14627,34c98b22-5,Standard,18.33,Monthly,2023-08-22
S14628,8a44b5ed-8,Standard,6.02,Yearly,2024-07-10
S14629,8c8d8ec9-0,Standard,8.13,Monthly,2022-02-25
S14630,9d348c52-1,Premium,10.03,Yearly,2021-09-24
S14631,5a5210d1-8,Basic,10.27,Yearly,2022-12-20
S14632,305e9d18-e,Standard,5.05,Yearly,2022-09-30
S14633,4edb6358-6,,18.76,Monthly,2023-06-13
S14634,b4a2fbd8-6,Premium,16.69,Monthly,2025-07-27
S14635,1cca7204-2,Standard,7.75,Yearly,2023-09-01
S14636,0d6bf66c-4,Premium,10.68,Monthly,2022-12-06
S14637,2e57837f-d,Premium,6.98,Yearly,2022-08-05
S14638,c65f93a4-7,Premium,17.44,Monthly,2023-02-08
S14639,39345749-b,Premium,17.09,Yearly,2024-10-25
S14640,1e2863f6-d,Premium,22.64,Monthly,2021-08-06
S14641,68d1884e-f,Premium,6.59,Monthly,2024-05-20
S14642,69258375-d,Standard,18.54,Monthly,2023-03-08
S14643,e75e961b-8,Standard,15.43,Monthly,2021-08-16
S14644,3143d346-0,Standard,22.73,Yearly,2023-08-18
S14645,bf95c634-f,Basic,10.97,Yearly,2025-05-07
S14646,7c36ba20-b,Premium,20.92,Yearly,2025-08-04
S14647,834ef517-a,Standard,3.6,Monthly,2021-10-06
S14648,91c5ac5c-4,Standard,3.57,Monthly,2025-12-27
S14649,d0c90a80-2,Premium,20.43,Monthly,2024-12-21
S14650,3af8e2c3-e,Premium,20.42,Yearly,2022-03-01
S14651,5796fa4b-9,Standard,9.36,Monthly,2025-06-14
S14652,e10c02e4-9,Standard,24.96,Monthly,2023-04-30
S14653,27c3f395-9,Premium,12.62,Yearly,2021-05-26
S14654,68601569-2,Standard,12.81,Yearly,2024-09-10
S14655,ad1c9403-a,Standard,14.17,Monthly,2023-06-29
S14656,8b769ef6-9,Premium,10.14,Monthly,2021-12-07
S14657,8e0e792a-9,Basic,23.19,Monthly,2023-11-23
S14658,d7018021-9,Basic,23.95,Yearly,2025-11-03
S14659,ed1b3b13-5,Premium,7.56,Yearly,2021-10-28
S14660,b7856724-6,Standard,14.65,Monthly,2022-07-25
S14661,a10720e7-b,basic,9.75,Monthly,2022-08-10
S14662,e374395f-8,Premium,16.66,Yearly,2025-06-22
S14663,75e7cfcb-3,Basic,19.85,Yearly,2021-10-21
S14664,5b5e0e09-4,Premium,24.21,Yearly,2023-04-16
S14665,ecd80b63-a,Basic,13.68,Monthly,2025-05-29
S14666,07d629f9-9,Standard,10.02,Yearly,2022-05-31
S14667,d2b09bbe-9,Basic,19.88,Monthly,2023-01-19
S14668,0301c307-0 ,Standard,13.59,Monthly,2024-01-26
S14669,14060f0f-0,Standard,8.82,Monthly,2021-06-03
S14670,b7d219de-e,Premium,19.18,Yearly ,2022-03-15
S14671,491851c3-6,Standard,18.96,Yearly,2021-08-02
S14672,c83fad40-7,Premium,16.67,Yearly,2023-03-21
S14673,047ccc57-d,Basic,4.92,Yearly,2023-03-17
S14674,,Basic,8.55,Yearly ,2025-10-08
S14675,4476b410-1,Standard,11.73,Monthly,2023-02-15
S14676,da4b726c-9,Standard,17.09,Yearly,2023-03-04
S14677,812b9c47-d,Basic,16.92,Monthly,2025-11-04
S14678,9acdcbd9-b,Premium,20.6,Monthly,2024-10-10
S14679,fd17d28d-0,Premium,9.94,Yearly,2022-11-20
S14680,b6738205-5,Basic,19.29,Monthly,2021-05-31
S14681,b040f3d1-1,Premium,14.98,Monthly,2022-07-09
S14682,6ac546a7-1,Standard,8.33,Monthly,2024-06-07
S14683,a8c34866-3,Basic,17.58,Monthly,2025-02-03
S14684,20bb6a0f-2,Premium,17.45,Monthly,2025-02-19
S14685,5786fed5-3,Premium,6.58,Monthly,2022-04-06
S14686,6279be1b-b,Basic,21.97,Monthly,2021-03-31
S14687,2333eca7-0,Basic,3.19,Yearly,2023-01-04
S14688,d75f9905-f,Premium,9.98,Monthly,2021-11-06
S14689,226c7f88-f,Basic,15.75,Monthly,2021-02-09
S14690,a2b065fb-1,Standard,24.1,Monthly,2023-08-19
S14691,1bb46b64-c,Premium,13.81,Monthly,2022-05-05
S14692,5efa57c7-a,Standard,10.57,Yearly,2025-08-25
S14693,730b4c2f-6,Standard,5.62,Monthly,2023-02-08
S14694,64c59759-2,Standard,8.73,Monthly,2024-04-09
S14695,a866732d-f,Basic,10.14,Yearly,2024-07-05
S14696,32457c7c-a,Standard,16.17,Yearly,2025-06-19
S14697,d39bb815-1,Premium,24.07,Yearly,2025-01-21
S14698,948c62d1-1,Standard,3.26,Yearly,2026-02-03
S14699,31d6b406-7,Standard,5.42,Monthly,2024-11-21
S14700,146ba46a-6,Basic,17.01,Yearly,2022-05-18
S14701,ee7dad43-0,Standard,13.98,yearly,2021-08-19
S14702,59e13eb8-d,Premium,23.11,Monthly,2022-02-28
S14703,3c66c134-d,Premium,7.87,Yearly,2023-07-27
S14704,23515a65-b,Basic,22.57,Monthly,2024-06-23
S14705,609cf9b3-8,Premium,23.3,Monthly,2024-02-23
S14706,71bbf07a-c,Basic,20.03,Monthly,2023-02-28
S14707,164e90a6-f,Basic,7.03,Yearly,2022-01-31
S14708,ba896d75-c,Basic,12.5,Monthly,2024-11-12
S14709,63a0e28b-b,Standard,20.69,Yearly,2021-11-04
S14710,802c75ca-8,Basic,18.31,Yearly,2024-11-27
S14711,5fdade19-6,Basic,19.67,Monthly,2022-02-01
S14712,1e6a23fa-4,Basic,16.9,Yearly,2022-10-10
S14713,be8e6e74-a,Basic,5.97,Monthly,2024-10-02
S14714,0467e2ae-d,Standard,5.09,Yearly,2021-02-27
S14715,acbd7f55-f,Premium,8.0,Yearly,2023-09-30
S14716,007c2643-c,Basic,13.15,Yearly,2022-08-16
S14717,43a69892-2,Premium,11.63,Yearly,2025-03-01
S14718,bf0bae63-d,Premium,10.41,Yearly,2025-10-13
S14719,dec8dcb1-7,Premium,3.32,Monthly,2021-03-25
S14720,fc62e0e8-8,Standard,15.64,Monthly,2025-04-24
S14721,9271b7c6-7,Basic,19.24,Yearly,2024-05-22
S14722,9a74b361-5,Premium,24.41,Monthly,2025-07-02
S14723,be609d56-9,Premium,16.9,Monthly,2024-12-31
S14724,74b369a8-7,Basic,19.91,Yearly,2022-10-16
S14725,dd4a552e-5,Premium,4.49,Yearly,2023-04-01
S14726,43c3e232-d,Basic,6.88,Yearly,2021-03-01
S14727,413ba981-6,Standard,5.02,Monthly,2022-06-28
S14728,de4e2af7-8,Basic,8.06,Monthly,2025-03-07
S14729,fee2127f-6,Basic,6.97,Yearly,2023-09-29
S14730,6105c232-3,Basic,4.63,Yearly,2022-01-09
S14731,d4bbebdf-1,Basic,22.39,Monthly,2021-11-13
S14732,f3a67e51-c,Premium,5.05,Monthly,2021-08-01
S14733,,Premium,14.84,Yearly,2021-10-10
S14734,0af64fd0-f,Premium,5.74,Yearly,2024-03-30
S14735,9ce1cb26-0,Basic,5.32,Yearly,2022-11-18
S14736,db90746a-f,Premium,9.58,Monthly ,2022-08-25
S14737,70f0f053-7,Basic,20.61,Monthly,2023-07-06
S14738,ec56d7b0-1,Basic,18.77,Yearly,2024-11-03
S14739,f9bd9e17-4,Basic,9.88,Yearly,2023-09-23
S14740,54b7e1e5-5,Standard,24.65,Monthly,2025-01-25
S14741,68fcab7c-0,Basic,15.33,Yearly,2023-06-08
S14742,93695e7f-a,Premium,4.33,Yearly,2021-03-15
S14743,34b94871-6,Basic,13.94,Yearly,2024-06-15
S14744,3ddc418e-a,Premium,15.11,Monthly,2024-10-01
S14745,5e520df9-c,Standard,8.2,Yearly,2023-12-11
S14746,91398f74-c,Premium,16.48,Monthly,2024-06-18
S14747,c308e222-1,Premium,12.95,Monthly,2025-12-16
S14748,c80fddf2-f,Standard,11.05,Monthly,2025-08-19
S14749,9c2e1e47-6,Premium,22.93,Monthly,2024-11-09
S14750,25977038-9,Basic,17.88,Yearly,2024-07-27
S14751,d2bf0690-a,Basic,14.85,Monthly,2022-01-26
S14752,6c32b7cb-2,Standard,15.58,Monthly,2024-04-21
S14753,5c53c426-c,Premium,13.25,Monthly,2025-04-14
S14754,76c1508e-7,Basic,9.18,Monthly,2023-03-05
S14755,0c97e2ae-f,Basic,19.31,Monthly,2024-06-27
S14756,c395f6ba-4,Standard,18.46,Monthly,2025-12-29
S14757,,Premium,22.13,Yearly,2024-06-19
S14758,341479d4-6,Basic,8.64,Yearly,2024-01-29
S14759,5d5eec1c-7,Standard,5.79,Monthly,2025-12-25
S14760,cfbe74a1-e,Basic,15.23,Yearly,2021-09-24
S14761,5b9afaf2-a,Premium,23.35,Yearly,2023-06-07
S14762,58e9d5da-7,Premium,4.16,Yearly,2025-06-19
S14763,405b21f9-2,Standard,12.49,Monthly,2024-06-07
S14764,7ecedf5d-a,premium,19.58,Monthly,2025-05-11
S14765,2b576e6c-c,Basic,23.1,Monthly,2025-07-05
S14766,ddc9d620-0,Premium,4.12,Yearly,2025-01-22
S14767,cfc66b2b-6,Basic,14.18,Monthly,2021-10-01
S14768,6193edc4-2,Basic,15.88,Monthly,2025-01-22
S14769,7f76c9af-0,Premium,5.61,Yearly,2025-02-23
S14770,cf4816d4-b,Basic,12.67,Monthly,2022-10-29
S14771,6bcc1eeb-1,Basic,3.03,Monthly,2024-03-26
S14772,be76fe54-0,Basic,4.56,Yearly,2024-04-06
S14773,b1364f47-c,Standard,24.96,Monthly,2025-07-14
S14774,2e965af1-d,Standard,5.87,Yearly,2025-08-27
S14775,e9fbfb2b-1,Standard,6.44,Monthly,2025-08-19
S14776,cec63cd3-8,Basic,24.52,Yearly,2024-10-08
S14777,c831855e-3,Standard,23.71,Monthly,2023-04-01
S14778,a9c231a5-c,Basic,7.5,Monthly,2022-09-22
S14779,d5027c55-c,Premium,3.37,Yearly,2024-04-23
S14780,eb183941-e,Standard,11.32,Monthly,2022-01-12
S14781,9bb028cf-d,Standard,13.23,Monthly,2024-08-25
S14782,d892dd85-9,Premium,17.75,Monthly,2021-12-23
S14783,557b63aa-6,Premium,11.29,Yearly,2023-02-26
S14784,b3a54f10-7,Premium,9.05,Yearly,2021-07-02
S14785,c97b012e-3,Standard,20.62,Yearly,2022-07-11
S14786,aee6f5f5-e,Basic,17.65,Monthly,2024-08-04
S14787,85c900df-d,Premium,8.32,Monthly,2021-07-08
S14788,eac980dd-f,Premium,9.78,Yearly,2022-09-09
S14789,4150cfb5-b,Basic,20.19,Yearly,2023-01-14
S14790,f54d9825-9,Standard,16.08,Yearly,2022-05-03
S14791,c6e4aa40-7,Basic,3.21,Yearly,2025-05-19
S14792,385bdaaa-a,Standard,12.76,Monthly,2025-08-12
S14793,10c601b9-0,Standard,18.52,Monthly,2024-06-26
S14794,7cea83ab-c,Basic,5.27,Yearly,2022-04-02
S14795,675a2093-8,Standard,15.72,Monthly,2022-02-17
S14796,7eb11fd0-e,Premium,13.68,Yearly,2023-12-28
S14797,3d70f77a-a,Basic,18.67,Yearly,2021-06-15
S14798,2b656f07-4,Standard,16.52,Yearly,2023-07-26
S14799,905cf8dc-e,Basic,6.42,Monthly,2022-03-11
S14800,2695320d-c,Premium,12.87,Monthly,2022-01-03
S14801,e042ab24-f,Standard,9.97,Monthly,2022-11-21
S14802,164f732e-d,Standard,4.51,Monthly,2024-01-18
S14803,b8068de9-b,Standard,18.4,Yearly,2024-08-07
S14804,2a425003-3,Basic,10.88,Yearly,2021-12-31
S14805,f4a69322-a,Basic,14.09,Yearly,2022-09-12
S14806,ad275cb1-8,Basic,5.91,Monthly,2021-11-27
S14807,bfb72c4d-1,Basic,17.65,Monthly,2025-06-26
S14808,0f9507a2-3,Premium,5.39,Monthly,2021-07-08
S14809,6be262fc-3,Basic,11.88,Yearly,
S14810,8dc84665-e,Basic,13.83,Yearly,2025-08-04
S14811,e6176cd2-d,Premium,16.2,Yearly,2024-11-04
S14812,2863437f-8,Premium,9.05,Monthly,2022-04-24
S14813,5efc4984-5,Premium,24.27,Monthly,2025-03-06
S14814,c85a9477-d,Basic,19.7,Monthly,2021-11-08
S14815,edf1dc14-8,Basic,11.94,Yearly,2025-02-08
S14816,40294b94-d,Standard,3.38,Yearly,2025-06-30
S14817,d453f87f-3,Premium,20.51,Yearly,2023-04-27
S14818,c3c99236-7,Premium,7.81,Monthly,2022-02-20
S14819,45f4f509-8,Premium,20.87,Monthly,2023-05-21
S14820,4a4f6e68-8,Standard,19.28,Monthly,2024-04-29
S14821,4d8868e6-7,Premium,6.37,Monthly,2023-10-17
S14822,be630d57-b,Standard,12.55,Yearly,2025-10-03
S14823,6b69ccb1-7,Standard,20.85,Monthly,2024-02-01
S14824,f41c9fa2-9,Basic,17.08,Monthly,2024-05-14
S14825,70f73288-1,Basic,4.02,Yearly,2023-12-07
S14826,1b58892e-8,Standard,21.06,Yearly,2023-07-01
S14827,440d6efb-6,Basic,6.06,Monthly,2022-12-08
S14828,20e592cf-0,Premium,12.4,Monthly,2025-01-09
S14829,51219c70-2,Basic,10.23,Yearly,2022-05-26
S14830,87363379-a,Premium,13.26,Monthly,2025-07-28
S14831,9d1c5923-0,Standard,8.06,Monthly,2022-04-01
S14832,4a698bd2-3,Premium,24.37,Yearly,2025-11-12
S14833,c550811e-e,Premium,14.28,Yearly,2021-08-03
S14834,e5a42533-8,Premium,16.72,Monthly,2025-11-26
S14835,f11f7b08-5,Standard,3.91,Yearly,2022-05-06
S14836,027ff9dc-4,Standard,8.51,Monthly,2022-06-15
S14837,154bd7f2-a,Premium,11.66,Monthly,2023-03-02
S14838,b23b12f9-c,Premium,21.06,Yearly,2022-07-26
S14839,a8b53e15-5,Premium,20.89,Monthly,
S14840,2769e734-e,Basic,19.46,Yearly,2021-03-02
S14841,83c6a08f-1,Premium,8.51,Yearly,2024-03-31
S14842,5d4d9224-4,Premium,14.04,Monthly,2022-03-06
S14843,033bc5b1-8,Premium,22.5,,2023-10-07
S14844,63f76a88-8,Premium,19.29,Monthly,2021-04-23
S14845,d766d32d-5,Premium,21.86,Yearly,2025-03-20
S14846,4fbe2fc8-8,Premium,23.49,Yearly,2023-12-01
S14847,ab1c7785-d,Standard,14.83,Yearly,2024-12-27
S14848,82fb7c68-7,Basic,12.11,Yearly,2026-01-11
S14849,9b269235-2,Premium,24.31,Yearly,
S14850,54d18d45-c,Basic,12.25,Yearly,2022-03-24
S14851,b12ddcee-2,Standard,14.27,Yearly,2021-07-22
S14852,604197a3-a,Standard,15.07,Monthly,2023-07-20
S14853,5e2efe1e-3,Basic,19.86,Monthly,2023-11-09
S14854,15daa3f2-6,Standard,18.33,Monthly,2022-08-14
S14855,7fa3f4d8-5,Standard,5.58,Yearly,2021-10-11
S14856,c78e54a0-2,Standard,24.67,Yearly,2023-10-14
S14857,bbf1953c-f,Standard,13.47,Yearly,2023-02-02
S14858,9ae38ed1-3,Basic,14.3,Monthly,2021-09-29
S14859,f14b249e-f,Basic,7.35,Yearly,2021-09-04
S14860,a79b6d68-7,Premium,9.74,Monthly,2024-07-04
S14861,45eb28ff-1,Basic,16.02,Monthly,2023-06-10
S14862,6fa22c3f-a,Premium,10.17,Monthly,2023-08-11
S14863,c1140013-d,Standard,7.6,Yearly,2025-01-30
S14864,81c0e2c5-7,Standard,6.85,Yearly,2022-06-10
S14865,a81a4e8b-6,,22.06,Yearly,2022-10-08
S14866,b23460df-0,Standard,22.85,Monthly,2024-04-22
S14867,5b4478de-6,Basic,22.05,Yearly,2021-08-18
S14868,a012d887-c,Premium,24.78,Monthly,2021-02-16
S14869,bd8d895e-0,Standard,8.26,Yearly,2024-12-08
S14870,5f98b867-a,Standard,6.34,Yearly,2026-02-03
S14871,65a6fe51-7,Premium,10.99,Monthly,2021-03-11
S14872,1db08030-e,Premium,14.66,Yearly,2021-09-22
S14873,df90ca44-9,Standard,14.15,Monthly,2026-01-30
S14874,e8379afe-c,Basic,15.92,Yearly,2022-05-14
S14875,3418bab8-9,Standard,20.26,Monthly,2024-04-22
S14876,c9142754-4,Premium,12.75,Yearly,2025-03-24
S14877,b096fad2-2,Standard,6.8,Monthly,2025-08-08
S14878,519c74e0-7,Basic,11.72,Monthly,2021-09-08
S14879,0b88c165-2,Basic,14.85,Monthly,2022-05-21
S14880,1b397e19-c,,21.73,Yearly,2024-04-23
S14881,8421745c-9,Standard,6.48,Yearly,2022-01-23
S14882,f95c9905-c,Basic,4.69,Yearly,2022-01-12
S14883,e7c26b3a-3,Premium,12.6,yearly,2023-12-23
S14884,be1d681b-f,Basic,14.49,Yearly,2024-05-06
S14885,66a94bc2-f,Basic,7.69,Monthly,2021-09-08
S14886,d9bba5cf-8,Standard,4.65,Yearly,2026-02-02
S14887,b4d7585b-6,Basic,4.06,Monthly,2022-04-18
S14888,472aed0b-0,Basic,17.47,Monthly,2025-06-05
S14889,0f2913fc-5,Premium,18.33,Monthly,2022-02-01
S14890,d7c0e5fb-e,Basic,15.32,Yearly,2021-06-21
S14891,1205ac90-8,Premium,10.0,Monthly,2022-11-17
S14892,b1554a17-e,Premium,10.58,Monthly,2022-02-05
S14893,dc9a01e5-f,Standard,23.72,Monthly,2022-01-17
S14894,24205a9d-6,Standard,3.97,Monthly,2025-02-02
S14895,0b56beda-8,Premium,3.23,Monthly,2021-07-23
S14896,8d07912b-2,Standard,16.8,Yearly,2024-02-15
S14897,304a3464-1,Standard,3.11,Yearly,2025-09-23
S14898,1051276e-a,Standard,7.78,Yearly,2022-04-30
S14899,410ff2b9-c,Premium,12.02,Monthly,2026-01-01
S14900,2eb6af92-7,Basic,17.56,Yearly,2022-01-04
S14901,dde0eb08-3,Basic,11.76,Yearly,2024-08-01
S14902,60ee0398-7,Basic,18.71,Monthly,2023-04-24
S14903,1b264ddd-e,Standard,24.89,Yearly,2025-02-23
S14904,038fe473-1,Standard,4.4,Yearly,2022-09-25
S14905,a2dc6597-c,Standard,20.44,Monthly,2025-02-13
S14906,a96a058b-0,Basic,21.83,Monthly,2021-12-04
S14907,4bd0f49e-6,Standard,14.55,Yearly,2023-02-26
S14908,f8b94291-a,Standard,14.63,Yearly,2024-03-29
S14909,71dbbd7b-a,Premium,14.03,Yearly,2025-08-05
S14910,f1bdd059-8,Standard,22.69,Yearly,2022-08-15
S14911,03e15a6a-0,Premium,23.78,Yearly,2022-10-27
S14912,5145dccb-7,Basic,7.26,Yearly,2025-03-16
S14913,3e75f78f-7,Basic,7.81,Yearly,2024-03-24
S14914,a5248816-1,Standard,23.87,Monthly,2021-02-12
S14915,5f6e52ce-a,Basic,11.16,Yearly,2022-05-07
S14916,02c74410-8,Premium,8.55,Monthly,2024-08-13
S14917,9a39d972-5,Premium,11.59,Monthly,2023-03-24
S14918,02e2d228-8,Premium,10.37,Yearly,2023-01-16
S14919,6784c601-1,Basic,8.72,Yearly,2024-04-07
S14920,f1022572-5,Basic,14.35,Monthly,2025-06-07
S14921,fa05dfd4-c,Standard,5.72,Yearly,2024-04-07
S14922,3d50c3fa-f,Standard,12.2,Yearly,2025-03-15
S14923,f0e393d6-a,Basic,15.27,Monthly,2021-09-01
S14924,c03baebd-c,Premium,5.51,Yearly,2022-09-28
S14925,e1777c1d-7,Premium,17.69,Yearly,2024-09-01
S14926,a154aa16-8,Standard,8.91,Yearly,2022-01-31
S14927,8a8522db-4,Basic,22.93,Yearly,2022-03-31
S14928,3a5139cb-6,Basic,19.55,Yearly,2025-01-20
S14929,12a22083-c,Premium,7.46,Yearly,2024-07-29
S14930,d67af3ee-3,Premium,13.32,Yearly,2024-10-01
S14931,6f85d1eb-0,Premium,20.97,Yearly,2025-09-11
S14932,36cc8028-e,Premium,15.37,Yearly,2021-05-28
S14933,8c04dd93-1,Premium,23.93,Yearly,2025-07-30
S14934,7a89062f-7,Basic,6.57,Monthly,2023-01-17
S14935,d6436adb-7,Premium,10.56,Yearly,2023-11-28
S14936,2e49816c-2,Premium,8.11,Monthly,2021-12-30
S14937,84f0e8ef-6,Basic,23.42,Monthly,2021-06-19
S14938,4b0e6f68-9,Standard,14.3,Monthly,2022-10-26
S14939,a596d88c-7,Basic,12.04,Yearly,2025-10-18
S14940,e3581540-3,Basic,3.71,Monthly,2025-04-27
S14941,2a709e41-3,Premium,20.32,Yearly,2023-03-21
S14942,d2bc01aa-1,Premium,24.94,Yearly,2022-02-09
S14943,87f7dd76-4,Standard,16.62,Monthly,2024-05-17
S14944,e1fca5a5-2,,21.46,Monthly,2024-05-07
S14945,c87756c1-b,Standard,14.67,Monthly,2022-01-03
S14946,49ddfb12-9,Basic,17.44,Yearly,2022-04-20
S14947,243cb7ff-f,Standard,14.98,Monthly,2023-01-29
S14948,68de418a-1,Basic,,Yearly,2021-07-20
S14949,8981961e-e,Premium,24.7,Monthly,2025-06-18
S14950,372cee8e-9,Standard,18.46,Yearly,2024-12-07
S14951,b2fdf5ce-c,Standard,24.55,Monthly,2025-09-11
S14952,ee36d1c2-f,Premium,22.43,Yearly,2025-11-17
S14953,d94807fd-d,Premium,7.69,Monthly,2022-06-15
S14954,b21bea33-e,Basic,5.4,Monthly,2023-12-07
S14955,ef704d32-f,Standard,17.33,,2023-09-15
S14956,10ca03bf-1,Premium,6.41,Yearly,2025-01-26
S14957,46a9be0f-1,Basic,7.54,Monthly,2021-09-10
S14958,838466fa-0,Basic,12.3,Yearly,2025-05-17
S14959,0489427a-6,Premium,17.1,Yearly,2023-11-16
S14960,8d293f34-7,Basic,5.35,Yearly,2025-05-13
S14961,bd01ebbb-5,Premium,5.89,Yearly,2021-08-04
S14962,033f647a-7,Basic,4.69,Monthly,2025-12-14
S14963,4b1926d4-d,Standard,21.21,Yearly,2025-07-17
S14964,c12f01b3-8,Basic,20.55,Monthly,2021-07-28
S14965,c71fd3fe-f,Premium,3.59,Yearly,2023-01-17
S14966,79a673c2-3,Standard,24.74,Yearly,2024-01-29
S14967,2eacaf48-a,Standard,8.42,Monthly,2024-05-29
S14968,5c8591a8-5,Basic,24.47,Monthly,2024-03-06
S14969,b108480f-5,Standard,8.68,Yearly,2024-12-31
S14970,f1b26acd-c,Basic,15.41,Monthly,2021-08-20
S14971,1266b9f4-a,Standard,16.67,Monthly,2024-01-27
S14972,012f0e41-4,Standard,19.76,Yearly,2022-11-02
S14973,79041eed-6,Premium,24.95,Monthly,2024-08-15
S14974,b2f13aba-8,Standard,6.68,Yearly,2022-09-20
S14975,9f239792-a,Basic,6.06,Yearly,2023-02-04
S14976,c27bfbec-5,Basic,9.43,Yearly,2022-02-18
S14977,1e532f62-0,Standard,24.14,Yearly,2023-11-01
S14978,b565fa13-7,Premium,20.97,Monthly,2026-02-06
S14979,7b924b0c-b,Standard,21.69,Yearly,2025-04-17
S14980,86322113-1,Basic,13.76,Monthly,2026-01-18
S14981,176cef82-7,Standard,19.35,Yearly,2022-10-13
S14982,f1e9370b-e,Premium,10.97,Yearly,2022-01-07
S14983,fafa09d9-9,Premium,17.83,Monthly,2022-02-03
S14984,20c714ad-4,Standard,16.68,Yearly,2022-04-28
S14985,7e594d17-f,Standard,24.41,Yearly,2024-05-28
S14986,d35080b8-7,Premium,7.95,Monthly,2024-08-25
S14987,4f43a895-3,Standard,24.33,Yearly,2024-06-12
S14988,a4872d76-a,Premium,3.37,Yearly,2025-02-08
S14989,1a258758-7,,3.48,Yearly,2023-03-20
S14990,0f720dc5-d,Basic,17.7,Monthly,2026-01-18
S14991,c96d8e94-0,Premium,5.41,Yearly,2022-08-12
S14992,3789be3c-e,Basic,11.87,Monthly,2021-04-15
S14993,ffac0754-9,Basic,20.52,Monthly,2024-03-01
S14994,c64281b9-9,Basic,6.79,Yearly,2024-02-27
S14995,53213741-9,Standard,24.51,Yearly,2024-07-23
S14996,b8d2c4b0-e,Standard,8.07,Monthly,2021-02-10
S14997,61ea1fe6-e,Basic,18.73,Monthly,2025-04-02
S14998,34541533-f,Basic,14.11,Yearly,2022-04-28
S14999,5272aef0-1,Standard,10.42,Monthly,2024-05-22
S15000,a595c880-a,Premium,14.26,Monthly,2021-03-27
S15001,9225b6bd-b,Basic,23.23,Yearly,2022-08-17
S15002,d6e91fe8-0,Basic,15.21,Monthly,2022-05-14
S15003,79eb2beb-d,Standard,6.39,Yearly,2022-11-29
S15004,22960c46-9,Premium,7.26,Yearly,2023-09-25
S15005,f48747ec-8,Basic,11.1,Yearly,2024-03-30
S15006,85062ba7-5,Standard,21.51,Yearly,2024-08-13
S15007,25c79329-b,Basic,6.97,Yearly,2021-09-14
S15008,0fab1737-a,Basic,22.35,Yearly,2024-02-07
S15009,84bd3ae5-3,Premium,19.47,Monthly,2023-09-24
S15010,5fb890a7-d,Premium,11.34,Monthly,2022-01-29
S15011,86b25393-1,Basic,9.39,Yearly,2024-06-06
S15012,c743bc49-5,Standard,18.19,Monthly,2022-02-20
S15013,9bda84ea-9,Premium,12.48,Monthly,2021-06-24
S15014,f7faba46-0,Premium,24.02,Yearly,2022-12-27
S15015,8e8d79d4-c,Basic,9.64,Monthly,2023-09-24
S15016,ca687715-4,Basic,19.56,Yearly,2022-05-29
S15017,8948641f-a,Standard,24.32,Monthly,2024-09-21
S15018,807f94eb-0,Premium,4.25,Yearly,2021-11-13
S15019,3518af62-b,Basic,14.57,Yearly,2023-04-28
S15020,c308fd09-e,Premium,23.56,Yearly,2024-03-24
S15021,745695e7-e,Basic,,Yearly,2021-05-21
S15022,2e1ec973-5,Standard,21.55,Monthly,2022-06-18
S15023,95e38e12-d,Premium,22.94,Yearly,2021-08-25
S15024,dcdedd0f-9,Basic,21.42,Yearly,2023-05-20
S15025,d3a2c77c-d,Basic,6.57,Monthly,2023-09-21
S15026,79126bc5-3,Basic,5.26,Yearly,2023-11-03
S15027,1407c0d6-4,Premium,16.09,Yearly,2025-12-10
S15028,b792ed13-4,Premium,11.87,Monthly,2022-04-08
S15029,8795eddd-b,Basic,5.81,Yearly,2026-01-10
S15030,13b99344-e,Standard,22.92,Monthly,2021-06-13
S15031,7dfd6a16-d,Standard,4.36,Monthly,2024-11-25
S15032,9c98d5c5-1,Standard,19.01,Yearly,2023-02-06
S15033,b4907f9b-f,Premium,11.76,Yearly,2024-07-22
S15034,4c21876b-6,Basic,4.91,Monthly,2022-05-12
S15035,0ad9f7b5-3,Premium,9.21,Monthly,2022-12-01
S15036,8d6be543-9,Basic,24.1,Monthly,2024-12-26
S15037,b957f870-e,Standard,18.09,Monthly,2024-03-07
S15038,077c8a93-d,Basic,7.78,Yearly ,2023-09-10
S15039,7f617e48-9,Premium,18.15,monthly,2022-07-06
S15040,07402759-4,Basic,9.92,Yearly,2023-01-19
S15041,aaf485f8-b,Basic,8.28,Monthly,2023-07-22
S15042,7597fb9b-3,Basic,24.75,Yearly,2023-04-03
S15043,48adebbc-7,Standard,10.97,Yearly,2021-05-29
S15044,dfe820d1-2,Standard,23.92,Yearly,2024-03-24
S15045,7202db3a-f,Premium,13.65,Monthly,2025-05-14
S15046,fb24a480-6,Standard,8.13,Yearly,
S15047,7fd212e9-8,Standard,14.81,Yearly,2023-07-17
S15048,50bb31c5-7,Premium,12.2,Monthly,2022-10-08
S15049,3cf04986-4,Premium,18.16,Yearly,2023-06-22
S15050,239972ce-5,Premium,21.98,Yearly,2024-08-24
S15051,562e94f1-9,Basic,12.6,Yearly,2023-12-18
S15052,8fc9e5ee-9,Premium,23.72,Yearly,2024-09-15
S15053,645fcf52-0,Premium,5.02,Monthly,2023-07-12
S15054,2ab82647-b,Premium,14.16,Monthly,2021-08-19
S15055,7961d04c-e,Basic,23.82,Monthly,2024-02-19
S15056,695c25e8-3,Basic,12.75,Yearly,2022-07-29
S15057,25b5ef54-5,Premium,12.72,Yearly,2022-02-01
S15058,66b59331-7,Standard,7.47,Monthly,2025-03-06
S15059,8387f37d-3,Premium,8.98,Monthly,2024-05-25
S15060,4668512d-a,Basic,4.24,Monthly,2023-02-26
S15061,a9da7e31-2,,13.6,Yearly,
S15062,d8205e28-2,Basic,6.88,Yearly,2021-05-15
S15063,c7e2f343-5,Standard,15.16,Monthly,2025-05-15
S15064,6a15950e-a,Premium,12.36,Yearly,2025-08-26
S15065,a7f06583-8,Standard,7.74,Yearly,2023-06-05
S15066,35b8c151-d,basic,17.46,Yearly,2026-02-03
S15067,bf1a77bb-7,Basic,18.79,Monthly,2023-09-12
S15068,3a518462-e,Basic,3.43,Monthly,2024-04-22
S15069,f5dbd2ed-d,Basic,24.72,Monthly,2025-04-27
S15070,1644af9d-e,Premium,3.23,Monthly,2022-08-13
S15071,662f2c49-6,,24.3,Monthly,2022-11-04
S15072,bbe6370c-7,Standard,11.19,Monthly,2022-04-19
S15073,aa80d579-f,Standard,,Yearly,2022-04-26
S15074,3120d9bb-6,Standard,10.22,Monthly,2025-06-10
S15075,fdec6b71-0,Standard,13.9,Yearly,2025-12-08
S15076,803487b4-a,Standard,12.63,Yearly,2022-10-07
S15077,ac1061e8-b,Standard,4.1,Yearly,2022-11-12
S15078,2f8af6d9-2,Basic,19.8,Monthly,2024-12-15
S15079,d4e86ff3-3,Premium,21.78,Yearly,2024-11-06
S15080,e1b3e386-8,Premium,17.41,Monthly,2025-02-01
S15081,9db493bf-a,Standard,20.67,Monthly,2022-01-18
S15082,3344e682-d,Premium,14.92,Yearly,2022-12-14
S15083,1d55fa59-6,Basic,21.33,Monthly,2022-07-27
S15084,9064fcc1-c,Premium,12.19,Yearly,2022-08-08
S15085,73b01ece-7,Standard,12.21,Yearly,2023-02-20
S15086,fb616afe-4,Basic,24.28,Monthly,2024-06-08
S15087,6779a485-d,Standard,11.63,Yearly,2023-07-30
S15088,8e22f174-4,Basic,6.18,Monthly,2025-08-22
S15089,734e517f-3,Premium,10.4,Monthly,2021-05-26
S15090,da4e6cfe-8,Basic,19.19,,2022-03-23
S15091,5e6dfc96-f ,Standard,10.59,Yearly,2024-06-09
S15092,e2eeb357-9,Basic,16.81,Yearly,
S15093,4daf7eac-5,Basic,22.55,Yearly,2025-01-25
S15094,3aa4045f-b,Basic,5.33,Monthly,2026-02-05
S15095,199fd2d9-5,Basic,5.49,Monthly,2022-04-21
S15096,a3f2da5d-b,Basic,9.91,Monthly,2023-04-05
S15097,710f5c31-d,Standard,14.14,Monthly,2021-06-09
S15098,0e66f628-4,Standard,6.08,Yearly,2025-03-21
S15099,b712794e-7,Premium,7.24,Yearly,2024-10-21
S15100,40bcc1bf-7,Premium,9.72,Yearly,2021-02-24
S15101,d65a0bcf-4,Premium,16.36,monthly,2022-05-13
S15102,be2a13c9-a,Premium,15.65,Monthly,2022-01-05
S15103,a5ab8bd7-3,Premium,9.77,Monthly,2026-01-22
S15104,db674a33-5,Premium,17.14,Monthly,2025-09-08
S15105,110d65d9-0,Basic,3.78,Monthly,2023-10-23
S15106,9b802fa4-a,Premium,15.57,Yearly,2021-10-04
S15107,3535541e-6,Standard,11.27,,2021-04-12
S15108,11b69fde-9,Premium,24.0,Yearly,2021-03-17
S15109,ef7b05b9-a,Premium,6.82,Monthly,2021-06-21
S15110,f63fa696-7,Basic,14.32,Monthly,2021-05-25
S15111,6970528f-8,Premium,19.11,Yearly,2023-03-11
S15112,938662e7-f,Premium,18.86,Yearly,2025-11-16
S15113,ff7e5813-1,Basic,12.25,Monthly,2022-03-01
S15114,671eaf86-2,Standard,11.34,Monthly,2024-06-11
S15115,16f5f4a7-0,Basic,15.28,Yearly,2025-08-03
S15116,59740e9b-7,Premium,16.4,Yearly,2023-08-28
S15117,9bd44506-7,Basic,13.94,Monthly,2023-07-13
S15118,83c6decc-1,Basic,13.7,Monthly,2025-03-07
S15119,d750854f-a,Premium,14.96,Yearly,2024-01-26
S15120,42b8fb83-c,Premium,22.84,Monthly,2022-01-24
S15121,16c26ee3-b,Standard,15.1,Monthly,2024-08-01
S15122,058daa77-8,Premium,5.09,Yearly,2025-02-24
S15123,0e122954-c,Standard,18.78,Yearly,2022-03-04
S15124,b90e4a83-2,Standard,13.09,Monthly,2022-12-07
S15125,3675b836-c,Standard,24.76,Yearly,2024-07-25
S15126,b9b28f34-7,Standard,8.17,Monthly,2025-05-17
S15127,0819fcb4-e,Basic,7.82,Monthly,2025-10-05
S15128,03f3a010-5,Standard,19.92,Yearly,2023-07-31
S15129,9e5585a6-7,Standard,16.36,Monthly,2021-03-23
S15130,d06af3a3-d,Basic,19.71,Monthly,2022-12-04
S15131,f4f939f9-0,Basic,20.54,Monthly,2022-11-06
S15132,aaf75040-7,Standard,16.85,Monthly,2024-02-25
S15133,f5cee509-6,Premium,3.44,Yearly,2022-11-06
S15134,550ed9cf-3,Premium,16.73,Monthly,2022-04-19
S15135,3575153c-7,Basic,9.24,Yearly,2023-11-28
S15136,fa880f9a-3,Basic,4.68,Yearly,2024-02-28
S15137,bf20ac53-d,Premium,24.56,Yearly,2023-06-14
S15138,31dfc636-6,Basic,24.81,Yearly,2022-09-01
S15139,d9c5a1f5-a,Basic,22.25,Yearly,2021-07-04
S15140,af7fefd0-1,Basic,11.1,Monthly,2025-08-14
S15141,caaebafd-8,Basic,4.39,Monthly,2025-03-25
S15142,ebdf98be-9,Premium,10.95,Monthly,2022-10-12
S15143,f4de636f-1,Standard,7.05,Monthly,2023-04-12
S15144,41ac8b8c-0,Premium,10.61,Yearly,2024-06-02
S15145,a29af5d9-d,Standard,24.94,Yearly,2025-12-10
S15146,845ad722-2,Standard,14.96,Monthly,2025-10-10
S15147,7ba6aa5e-0,Premium,14.63,Monthly,2024-02-08
S15148,79d73bb1-c,Standard,22.95,Yearly,2023-08-12
S15149,c32c4742-2,Basic,6.91,Yearly,2023-06-13
S15150,452f1380-8,Premium,3.6,Yearly,2023-08-23
S15151,cebbe382-2,Premium,20.04,Yearly,2022-03-16
S15152,0f04344d-1,Premium,22.73,Yearly,2023-05-28
S15153,9d4bcc04-6,Premium,23.04,Yearly,2026-01-08
S15154,4b27f288-f,Standard,14.86,Yearly,2025-01-23
S15155,a0ff0880-8,Standard,11.11,Monthly,2023-09-30
S15156,a7f90448-4,Premium,20.36,Yearly,2022-12-18
S15157,dd5cdc38-7,Premium,12.34,Monthly,2023-08-20
S15158,66bb4976-4,Premium,6.46,Yearly,2024-10-21
S15159,5fdbfeef-6,Basic,11.2,Monthly,2024-06-25
S15160,e866fceb-1,Basic,3.67,Yearly,2022-12-14
S15161,9df86c39-a,Premium,13.6,Yearly,2023-08-04
S15162,78041912-1,Premium,8.49,Monthly,2021-11-04
S15163,4ad52a6e-1,Standard,12.47,Yearly,2023-07-09
S15164,ab661de6-8,Basic,24.13,Monthly,2022-05-09
S15165,79a34263-b,Basic,20.84,Monthly,2026-02-05
S15166,4122c61f-1,Standard,11.03,Monthly,2024-08-20
S15167,0e1344bc-e,Premium,8.4,Yearly,2024-09-27
S15168,60789106-7,Standard,23.84,Monthly,2023-11-19
S15169,2e98fd96-b,Premium,24.37,Monthly,2021-09-19
S15170,320a8ba3-1,Standard,17.42,Monthly,2024-12-03
S15171,1558a9a4-d,Standard,7.6,Yearly,2025-12-19
S15172,b370fa5b-9,Standard,22.09,Monthly,2021-04-07
S15173,1fa1acbf-e,Standard,4.07,Yearly,2022-02-24
S15174,a624d4f6-e,Standard,13.02,Monthly,
S15175,1d1239b3-d,Standard,20.32,Yearly,2026-01-26
S15176,70f03d8a-b,Standard,12.96,Yearly,2022-02-16
S15177,de1d4512-6,Premium,17.08,Yearly,2023-06-27
S15178,7d4d85b6-6,Premium,24.29,Yearly,2025-12-16
S15179,5aa8105e-6,Standard,6.79,Monthly,2025-08-14
S15180,826940ff-3,Basic,21.37,Monthly ,2025-05-26
S15181,a09bc4e6-d,Premium,18.25,Monthly,2025-02-02
S15182,a7148c3d-1,Premium,8.8,Yearly,2021-09-12
S15183,6f91577f-7,Basic,22.0,Monthly,2023-04-02
S15184,2ec68fae-7,Basic,18.6,Monthly,2022-10-17
S15185,7aae3a0f-2,Standard,13.18,Monthly,2022-11-24
S15186,50196871-4,Basic,21.03,Yearly,2022-01-28
S15187,a17224b2-6,Basic,3.0,Monthly,2025-07-20
S15188,623054e2-0,Basic,15.01,Monthly,2025-06-19
S15189,841f14ae-1,Standard,22.14,Monthly,2024-11-29
S15190,c7bc90dd-0,Premium,15.19,Monthly,2024-08-20
S15191,db8c4ca0-e,Premium,3.44,Yearly,2023-04-11
S15192,9e76e637-4,Premium,17.14,Monthly,2023-07-02
S15193,40ddd4e3-c,Basic,15.4,Monthly,2022-08-19
S15194,a1dabbc8-1,Standard,4.64,Yearly,2021-04-06
S15195,686dbc3b-4,Standard,5.88,Monthly,2024-08-14
S15196,45463418-2,Premium,11.3,Monthly,2023-12-05
S15197,6738e994-d,Basic,15.68,Yearly,2022-05-12
S15198,8ad23b4e-7,Basic,9.58,Yearly,2025-08-02
S15199,74317b80-f,Premium,5.08,Monthly,2022-08-15
S15200,dd9222d4-8,Basic,10.61,Monthly,2024-03-25
S15201,f5141438-f,Standard,18.04,Yearly,2022-12-15
S15202,00ad6793-c,Premium,21.73,Yearly,2021-10-06
S15203,31f742f0-5,Premium,4.87,Yearly,2025-07-23
S15204,20c83037-2,Standard,21.4,Monthly,2021-12-21
S15205,a0e6c8ea-b,Premium,8.36,Monthly,2022-04-06
S15206,f9cb9ffa-7,Standard,17.96,Yearly,2022-04-08
S15207,dee35103-8,Premium,8.67,Yearly,2024-10-20
S15208,ebe86150-7,Standard,22.46,Monthly,2021-06-10
S15209,684f0c18-b,Basic,7.57,Yearly,2021-05-27
S15210,ef471457-1,Premium,14.57,Yearly,2022-09-30
S15211,3321d3e2-3,Basic,17.91,Monthly,2022-04-08
S15212,735d01e1-1,Premium,21.16,Yearly,2022-11-24
S15213,81ac9c5d-e,Basic,8.72,Yearly,2022-04-06
S15214,05c0028d-9,Basic,21.85,Monthly,2025-01-28
S15215,5bb87b04-f,Standard,4.04,Monthly,2021-07-28
S15216,e54af72a-9,Premium,20.16,Yearly,2023-04-09
S15217,d52c1efc-4,Premium,23.51,Monthly,2022-09-02
S15218,53913cec-5,Premium,21.12,Monthly,2023-10-01
S15219,a2dedb7e-d,Standard,4.75,Monthly,2024-02-27
S15220,aa7487a0-1,Premium,10.54,Yearly,2025-02-06
S15221,7a80922e-a,Basic,3.49,Yearly,2024-05-23
S15222,5603b3d0-f,Premium,9.01,Monthly,2024-01-03
S15223,171e6be1-5,Standard,18.48,Yearly,2022-11-27
S15224,ca222e54-0,Premium,16.04,Monthly,2021-12-21
S15225,559ae8a3-5,Basic,22.25,Monthly,2023-07-20
S15226,764536ae-e,Premium,8.72,Monthly,2023-10-26
S15227,1a433699-6,Premium,7.12,Monthly,2024-12-28
S15228,43cf698d-6,Premium,8.44,Monthly,2023-02-07
S15229,cecb42e4-3,Basic,3.3,Monthly,2024-11-04
S15230,c144cbcb-4,Standard,15.39,Yearly,2023-06-25
S15231,a872c0c3-c,Standard,3.17,Yearly,2021-03-24
S15232,57f6633b-d,Basic,23.19,Yearly,2024-07-10
S15233,8e57b9b7-0,Basic,5.72,Yearly,2021-12-14
S15234,64ea59c1-0,Premium,21.94,Monthly,2022-09-08
S15235,a668fa1f-a,Standard,8.63,Monthly,2024-03-10
S15236,85615e9f-1,Standard,21.67,Yearly,2022-02-01
S15237,3e661be0-5,Premium,4.06,Yearly,2024-04-16
S15238,4f0deea4-1,Premium,4.37,Yearly,2024-10-17
S15239,91c29f9b-8,Basic,23.47,Monthly,2024-08-08
S15240,19a2e621-f,Standard,3.84,Monthly,2022-06-16
S15241,98d73bce-5,Standard,16.45,Yearly,2025-09-03
S15242,98ee9ac2-d,Premium,11.64,Yearly,2024-01-09
S15243,cc631ea7-b,Basic,22.84,Monthly,2024-01-05
S15244,b8095f87-c,Standard,15.24,Monthly,2024-05-11
S15245,ce008379-8,Basic,19.36,Yearly,2023-07-14
S15246,74c0252e-5,Basic,5.32,Monthly,2021-03-06
S15247,ea2fc3b9-2,Standard,10.82,Monthly,2021-08-25
S15248,4650bf16-7,Standard,10.96,Yearly,2025-03-04
S15249,,Basic,7.39,Monthly,2023-04-08
S15250,86f01ce2-5,Basic,22.61,Yearly,
S15251,ae1816d3-1,Premium,13.99,Monthly,2021-04-13
S15252,33eb2f3b-a,Basic,9.73,Yearly,2023-08-24
S15253,4eccf926-8,Basic,15.01,Yearly,2023-07-13
S15254,6d85dcf6-0,Premium,5.18,,2022-05-26
S15255,655b0408-2,Basic,7.98,Yearly,2025-04-07
S15256,f6b7ecdd-c,Basic,21.86,Yearly,2025-07-07
S15257,a682b0bb-a,Standard,11.23,Monthly,2023-11-24
S15258,1ff7445d-d,Basic,8.33,Yearly,2024-06-12
S15259,f0c55b4c-a,Basic,11.27,Yearly,2023-12-29
S15260,d95bfb5d-e,Standard,23.28,Monthly,2022-10-21
S15261,c5c60a99-a,Standard,14.16,Yearly,2022-03-23
S15262,a8a8b3c9-c,Standard,12.76,Monthly,2023-09-23
S15263,0bb84437-8,Standard,16.89,Monthly,2022-12-07
S15264,798c928f-3,Standard,8.31,Monthly,2023-06-15
S15265,8eb070a4-2,Premium,4.45,Monthly,2021-05-11
S15266,2b837d9b-6,Basic,7.09,Yearly,2021-09-05
S15267,2787ce6c-b,Basic,14.69,Monthly,2023-01-12
S15268,6d0fe9bc-5,Standard,11.4,Monthly,2021-12-18
S15269,2d863077-2,Premium,19.96,monthly,
S15270,88fddf65-b,Standard,15.04,Monthly,2022-07-16
S15271,22548f9f-b,Standard,18.36,Monthly,2023-02-15
S15272,b4139f0a-3,Premium,12.32,Yearly,2022-03-15
S15273,1ebd22a1-b,Basic,12.49,Monthly,2022-01-08
S15274,9de048c3-8,Standard,18.33,Yearly,2021-05-31
S15275,f1dd02a2-0,Basic,5.51,Yearly,2022-02-20
S15276,9853d523-0,Premium,19.11,Yearly,2022-08-02
S15277,0012a91e-6,Standard,19.83,Yearly,2022-12-16
S15278,443c86a4-1,Premium,16.28,Monthly,2023-02-11
S15279,48132552-3,Standard,21.16,Yearly,2024-02-04
S15280,6e571c1d-a,Standard,23.13,Monthly,2025-09-04
S15281,f3aa3fbd-7,Premium,10.5,Yearly,2023-02-21
S15282,c2c8dbf1-2,Standard,5.08,Monthly,2022-09-11
S15283,89202caf-0,Premium,24.81,Monthly,2023-10-25
S15284,c0a13395-c,Basic,6.99,Yearly,2023-05-27
S15285,737b6536-5,Basic,21.5,Yearly,2021-02-15
S15286,37da1478-8,Standard,7.37,Monthly,2026-01-04
S15287,c12e4364-b,Premium,12.72,Yearly,2024-12-04
S15288,53e858f9-8,Basic,7.13,Monthly,2025-10-24
S15289,0b5bf7cf-4,Premium,4.13,Monthly,2024-10-22
S15290,a57edc53-f,Standard,7.08,Monthly,2022-10-18
S15291,6dd6c959-6,Basic,24.68,Yearly,2021-06-14
S15292,abbf01ed-3,Basic,5.98,Monthly,2022-06-23
S15293,1d0fd1bd-7,Basic,,Monthly,2021-05-16
S15294,7ca93264-0,Basic,17.61,Monthly,2025-05-10
S15295,6e47118a-3,Basic,11.52,Monthly,2023-10-11
S15296,26d89fe1-6,Premium,18.76,Monthly,2021-12-14
S15297,5626d58a-6,Premium,6.23,Monthly,2023-07-20
S15298,567b0d14-f,Standard,20.47,Yearly,2023-01-22
S15299,87c260c7-d,Premium,6.99,Yearly,2025-12-06
S15300,24e51ea5-5,Basic,22.48,Yearly,2021-03-05
S15301,3259a0b6-4,Basic,14.13,,2024-10-01
S15302,307f2495-d,Basic,21.99,Yearly,2021-02-11
S15303,f34f370b-8,Basic,16.7,Monthly,2022-01-01
S15304,d9bbf511-c,Premium,6.87,Yearly,2023-04-18
S15305,34f07a66-e,Basic,6.57,Monthly,2024-10-20
S15306,4620e9ee-a,Basic,14.5,Monthly,2025-10-16
S15307,66aaab5a-b,standard,11.84,Monthly,2023-09-29
S15308,b0afea1b-5,,8.05,Monthly,2025-10-01
S15309,,Basic,18.99,Monthly,2022-07-04
S15310,fb323605-6,Premium,4.38,Monthly,2024-05-14
S15311,17a498e1-c,Basic,12.94,Monthly,2022-02-05
S15312,a39536f8-b,Standard,11.21,Yearly,2021-05-05
S15313,10fece33-9,Premium,10.78,Monthly,2021-07-11
S15314,d5b49b14-b,Basic,13.35,Yearly,2025-08-21
S15315,56a85b69-5,Basic,3.55,Monthly,2022-07-20
S15316,5516fb30-8,Standard,12.57,Monthly,2022-02-25
S15317,6d480005-6,Premium,18.37,Monthly,2025-08-10
S15318,b7c8bdca-f,Premium,17.96,Monthly,2022-05-01
S15319,f326820a-c,Premium,7.12,Monthly,2022-01-16
S15320,e3e295d0-c,Basic,21.91,Monthly,2026-01-11
S15321,a34905e9-7,Basic,21.08,Monthly,2023-06-14
S15322,858f3b94-2,Basic,22.55,Monthly,2023-11-24
S15323,76127f17-7,Premium,15.37,Yearly,2025-07-15
S15324,f6a79935-a,Standard,23.41,Monthly,2021-12-19
S15325,47c66e14-3,Basic,12.16,Yearly,2024-06-24
S15326,ca561f18-f,Basic,3.65,Yearly,2022-09-29
S15327,709adef3-1,Premium,8.77,Monthly,2021-08-20
S15328,8bb18cb5-6,Premium,15.08,Monthly,2023-06-29
S15329,b83b8d08-c,Standard,13.96,Monthly,2024-12-07
S15330,dbd9a24c-2,Standard,18.27,Yearly,2021-10-13
S15331,d514c861-9,Standard,24.94,Monthly,2022-06-10
S15332,64183666-2,Premium,21.71,Yearly,2023-06-23
S15333,e4ee5186-3,Standard,,Yearly,2024-03-21
S15334,819bfff4-5,Basic,14.0,Yearly,2024-11-04
S15335,52ef91b8-6,Basic,20.89,Monthly,2023-05-14
S15336,4e1299b2-b,Standard,21.7,Monthly,2022-01-21
S15337,294d82eb-7,Premium,16.29,Monthly,2024-04-10
S15338,52913da6-5,Standard,4.3,Monthly,2024-11-22
S15339,589978c8-c,Premium,3.45,Monthly,2021-12-08
S15340,92edcfd2-3,Basic,16.85,Monthly,2023-10-10
S15341,194f2d1f-e,Standard,10.85,Monthly,2021-07-10
S15342,fc273e92-3,Standard,22.81,Monthly,2023-08-15
S15343,64731799-d,Basic,23.17,Yearly,2021-09-09
S15344,46de28fb-f,Premium,21.81,Monthly,2024-08-02
S15345,e69eaac3-7,Basic,4.81,Monthly,2025-06-02
S15346,2809598f-f,Premium,8.46,Monthly,2021-05-11
S15347,bbff4bf1-d,Premium,18.76,Monthly,2024-03-25
S15348,e949ef91-a,,20.36,Yearly,2022-06-26
S15349,c3304ea6-1,Basic,23.0,Yearly,2024-08-28
S15350,2d0365b5-2,Premium,16.54,Monthly,2024-12-02
S15351,ffd9f3c4-0,Standard,13.89,Yearly,2021-06-11
S15352,3cd806c5-3,Premium,15.77,Yearly,2024-01-03
S15353,e845d7a2-7,Basic,24.28,Monthly,2022-10-28
S15354,d0895426-d,Premium,15.57,Monthly,2022-02-08
S15355,057487a1-2,Standard,15.16,Monthly ,2024-04-27
S15356,e3fd1369-0,Basic,7.71,Monthly,2024-08-12
S15357,4a327be3-6,Basic,13.62,Yearly,2023-08-23
S15358,3741c191-e,Basic,10.74,Monthly,2024-10-28
S15359,82af6723-c,Premium,13.47,Yearly,2025-10-10
S15360,bc95888e-9,Standard,5.5,Monthly,2025-01-01
S15361,89dceccc-2,Premium,5.39,Yearly,2024-02-20
S15362,5863c9f4-2,Standard,14.89,Yearly,2022-12-23
S15363,d54d1d9a-f,Standard ,5.38,Yearly,2023-04-28
S15364,70ce6319-3,Premium,21.21,Yearly ,2021-09-26
S15365,0d16c5c2-c,Standard,4.77,Monthly,2024-11-10
S15366,2412253b-a,Standard,6.65,Yearly,2022-05-29
S15367,c181bef8-9,Basic,6.8,Monthly,2022-08-24
S15368,bc7a4772-6,Standard,15.86,Yearly,2025-04-23
S15369,aa4bb24e-c,Standard,14.25,Monthly,2021-08-19
S15370,89d4cb51-7,Standard,23.2,Monthly,2022-10-29
S15371,7e9d271f-e,Basic,13.69,Monthly,2025-12-05
S15372,353e90f0-6,Standard,19.49,Monthly,2023-04-26
S15373,5c15c5ce-d,Premium,4.47,Yearly,2021-02-09
S15374,3f76cfa3-1,Premium,15.64,Monthly,2022-03-22
S15375,1f70c840-c,,8.15,Y3arly,2021-10-22
S15376,861bdcf1-a,Premium,10.54,Monthly,2023-09-02
S15377,48a172c6-3,Premium,10.15,Monthly,2025-03-13
S15378,a3a971ed-2,Premium,4.9,Monthly,2023-02-15
S15379,d998b2f2-a,Basic,11.46,Monthly,2024-03-22
S15380,7933cf04-1,Premium,13.84,Monthly,2024-11-14
S15381,ab87c001-6,Basic,17.28,Yearly,2024-01-31
S15382,b55903a1-a,Basic,22.6,Yearly,2021-05-19
S15383,bab7da73-5,Premium,24.48,Monthly,2022-06-27
S15384,17b17010-3,Premium,9.88,Monthly,2025-06-26
S15385,1651f1f1-d,basic,21.54,Monthly,2022-02-06
S15386,ea124b2d-a,Premium,17.59,Yearly,2022-06-27
S15387,b5144e11-6,Basic,23.86,Monthly,2025-02-01
S15388,926703af-e,Basic,11.95,Monthly,2024-12-22
S15389,67f039a4-5,Basic,17.37,Yearly,2022-05-02
S15390,7634a6ab-0,Basic,13.72,Yearly ,2024-11-22
S15391,6abaafcb-0,Premium,8.93,Yearly,2024-08-25
S15392,a7c8056b-7,Premium,16.95,Yearly,2021-02-16
S15393,db745acb-c,Standard,12.59,Monthly,2025-04-10
S15394,f1644f40-4,Basic,9.9,Yearly,2021-06-13
S15395,36989d8a-b,Premium,23.8,Monthly,2025-10-23
S15396,a41656c1-a,Premium,12.55,Yearly,2022-03-10
S15397,99e00019-a,Standard,14.25,Monthly,2025-05-12
S15398,fe364931-9,Standard,5.5,Yearly,2025-01-12
S15399,f676cfa2-1,Basic,14.68,Yearly,2022-06-22
S15400,ce437295-9,Basic,14.93,Yearly,2025-12-25
S15401,fdae0286-2,Premium,16.39,Yearly,2021-07-07
S15402,c43ac990-0,Premium,9.91,Yearly,2023-05-02
S15403,98742271-b,Premium,22.38,Monthly,2023-11-09
S15404,ed73f0fe-6,Basic,12.33,Yearly,2024-05-31
S15405,4303be7e-c,Standard,8.46,Monthly,2024-12-08
S15406,c249b08d-1,Standard,14.64,Monthly,2021-11-01
S15407,1feaa844-5,Standard,20.46,Yearly,2024-03-01
S15408,305fb114-1,Premium,11.1,Monthly,2023-12-11
S15409,b1803791-6,Premium,16.5,Monthly,2022-02-01
S15410,e6aace81-1,Premium,3.19,Monthly,2022-02-15
S15411,0fd3935c-b,Standard,12.78,Yearly,2023-06-10
S15412,f7af0463-2,Premium,21.41,Yearly,2022-01-23
S15413,2179f01f-d,Standard,22.04,Yearly,2023-05-24
S15414,54a36c6c-f,Standard,10.75,Yearly,2021-03-08
S15415,1c332fe2-1,Premium,21.67,Monthly,2021-06-17
S15416,707d4021-e,Premium,16.23,Monthly,2025-01-25
S15417,cc647b51-3,Standard,8.76,Monthly,2024-01-12
S15418,555e1a19-3,Standard,8.23,Monthly,2024-11-23
S15419,5efb308f-1,premium,15.65,Yearly,2026-01-08
S15420,b1fb47db-d,Standard,,Yearly,2023-12-30
S15421,75fa2aa6-a,Standard,16.01,Yearly,2024-06-22
S15422,c973fb21-1,Premium,3.27,Yearly,2023-12-17
S15423,b9e8f622-e,Standard,21.59,Yearly,2025-11-21
S15424,15884934-9,Standard,6.63,Yearly,2024-12-11
S15425,9b2350fa-9,Standard,,Yearly,2022-06-08
S15426,b1d3279c-b,Basic,7.28,Monthly,2026-01-18
S15427,db07e7d6-5,Premium,12.42,Yearly,2024-07-10
S15428,e3bdb6eb-c ,Basic,20.54,Monthly,2022-12-26
S15429,,Basic,3.28,Monthly,2022-01-17
S15430,dbceae05-5,Basic,24.39,Monthly,2023-04-10
S15431,74a34a0c-b,Premium,23.67,Yearly,2023-09-05
S15432,d3332abc-9,Standard,20.74,Yearly ,2022-06-09
S15433,ac976a8d-1,Premium,3.24,Monthly,2025-08-13
S15434,d5a17e2f-8,Basic,11.96,Yearly,2025-02-03
S15435,51f83059-8,Standard,21.79,Yearly,2023-05-30
S15436,cb802d57-8,Standard,3.55,Yearly,2025-02-03
S15437,91e614c0-b,Basic,10.6,Monthly,2023-08-09
S15438,9dc3f189-b,Standard,18.2,Monthly,2024-10-29
S15439,6275d43d-5,Basic,5.14,Yearly,2022-08-25
S15440,433f5a96-e,Premium,15.83,Yearly,2021-07-22
S15441,f6d06d3f-d,Basic,,yearly,2024-06-10
S15442,d718ae6d-1,Basic,19.39,Yearly,2022-11-01
S15443,e620233e-0,Standard,17.38,Yearly,2023-08-30
S15444,2bab50a7-6,Standard,3.73,Monthly,2025-05-15
S15445,ca3d2f5c-9,Basic,13.84,Monthly,2021-09-14
S15446,e3f95bcd-a,Standard,24.4,Yearly,2023-02-09
S15447,690c36ad-8,Standard,3.62,Monthly,2021-07-09
S15448,561540f7-8,Premium,,Yearly,2022-07-24
S15449,4970a204-7,Standard,18.19,Yearly,2025-07-12
S15450,ad949782-9,Premium,17.0,Monthly,2022-09-04
S15451,34a5aac0-c,Premium,8.79,Monthly,2022-06-22
S15452,e6aee5c1-5,Standard,17.26,Monthly,2021-08-15
S15453,0d76b511-1,Standard,10.41,Monthly,2025-09-29
S15454,09c35864-3,Basic,14.84,Yearly,2021-09-15
S15455,cfb066bd-d,Standard,17.45,Yearly,2026-02-09
S15456,8ba9fb4e-e,Standard,4.04,Yearly,2025-09-15
S15457,a0470a70-8,,9.75,Yearly,2023-08-09
S15458,239609e7-1 ,Premium,8.13,Monthly,2023-04-14
S15459,dc513309-8,Standard,11.41,Yearly,2023-11-30
S15460,fbe6a958-0,Standard,7.84,Monthly,2024-04-08
S15461,2499fac2-d,Basic,16.72,Yearly,2024-06-06
S15462,4f3a328b-d,Standard,,Yearly,2021-07-30
S15463,5cca5743-4,Basic,4.91,,2024-05-04
S15464,f4d5edb1-b,Premium,,Yearly,2025-07-23
S15465,1a950cf8-d,Basic,24.29,Yearly,2021-08-05
S15466,ee502e34-2,Standard,17.8,Yearly,2025-05-19
S15467,023ebd06-6,Premium,20.79,Yearly,2024-02-28
S15468,7a5b4922-f,Standard,18.84,Yearly,2025-10-16
S15469,f191a28a-7,Premium,17.43,Yearly,2023-02-12
S15470,1c80d7d4-2,Basic,14.03,Yearly,2025-09-20
S15471,a85bfabe-e,Basic,23.52,Monthly,2021-02-24
S15472,cf661a7a-1,Standard,10.39,Yearly,2025-04-30
S15473,4a6d672f-b,Basic,20.64,Monthly,2024-01-06
S15474,6eded06f-b,Premium,17.77,Yearly,2023-01-02
S15475,394e43f1-e,Basic,20.09,Monthly,2025-07-25
S15476,27bbb1b2-6,Standard,22.62,Monthly,2025-02-27
S15477,85d1eac2-0,Basic,4.19,Yearly,2022-02-03
S15478,7452a4b1-a,Basic,6.37,Monthly,2023-05-06
S15479,884d2c1e-7,Standard,19.38,Yearly,2021-07-28
S15480,f5a0ee38-b,Basic,13.39,Monthly,2025-02-16
S15481,75e3c6cf-7,Premium,9.81,Yearly,2022-03-07
S15482,84029dc3-f,Standard,,,2023-06-19
S15483,f53a1cc3-5,Premium,5.11,Yearly,2024-11-13
S15484,35dd2262-f,Standard,12.76,Yearly,2022-06-05
S15485,78179650-3,Standard,16.56,Monthly,2025-09-30
S15486,1fa9f46a-5,Standard,18.92,Monthly,2025-08-10
S15487,a5c5a244-1,Standard,23.13,Yearly,2021-02-20
S15488,68d72ebc-7,Premium,13.06,Yearly,2025-03-02
S15489,74aa7f83-e,Premium,22.53,Yearly,2025-05-06
S15490,c88da96d-3,Premium,22.33,Monthly,2021-07-25
S15491,4645de15-b,Premium,14.93,Monthly,2022-04-05
S15492,25ef9277-6,Premium,19.98,Monthly,2022-08-11
S15493,3933a772-c,Basic,3.52,Yearly,2022-11-10
S15494,fc4e5341-d,Standard,14.65,Yearly,2021-08-06
S15495,04304bd2-c,Premium,22.1,Monthly,2023-06-21
S15496,933c80f8-2,Basic,6.44,Yearly,2026-02-06
S15497,1f5b5ca4-f,Basic,21.85,Yearly,2021-11-24
S15498,12e9490c-f,Premium,5.06,Monthly,2025-07-27
S15499,bfb82a32-2,Premium,13.99,Yearly,2024-02-19
S15500,27c10ccd-9,Premium,6.27,Yearly,2026-01-01
S15501,7918007f-3,Standard,19.42,Yearly ,2023-06-13
S15502,79bf302c-b,Premium,23.71,Monthly,2025-09-10
S15503,d058351e-2,Standard,23.22,Yearly,2021-12-23
S15504,2f26df23-a,Premium,14.76,Yearly,2021-09-02
S15505,378ea008-a,Basic,17.14,Monthly,2023-03-07
S15506,f81bca09-5,Premium,5.42,Yearly,2025-01-02
S15507,9bde2ff9-4,Basic,14.83,Yearly,2021-02-09
S15508,d52a3dac-a,Basic,18.44,Yearly,2025-04-19
S15509,377a4056-0,Basic,8.85,Monthly,2024-07-27
S15510,900f2670-b,Premium,12.78,Monthly,2023-06-10
S15511,c6b3a15b-e,Premium,7.91,Yearly,2021-11-15
S15512,1beda014-e,Standard,16.66,Yearly,2023-03-13
S15513,a955ebb6-1,Basic,7.93,Yearly,2021-12-27
S15514,020c5034-d,Standard,24.4,Monthly,2025-04-16
S15515,7fa491a5-1,Standard,14.28,Monthly,2021-12-09
S15516,b7fd333e-a,Premium,18.35,Monthly,2025-07-22
S15517,15ad1e36-0,Basic,23.24,Yearly,2021-02-25
S15518,ee6b2b52-2,Premium,12.47,Monthly,2024-03-02
S15519,0570163c-0,Standard,20.07,Yearly,2024-10-19
S15520,0031147d-7,Premium,13.42,Yearly,2024-01-05
S15521,6d7a8d16-d,Premium,23.34,Yearly,2021-09-03
S15522,016a2306-6,Standard,15.82,Yearly,2022-02-20
S15523,4e15ef6e-c,Basic,3.09,Monthly,2022-09-15
S15524,379bfcc7-2,Basic,3.0,Monthly,2024-11-06
S15525,99053e50-c,Standard,21.65,Monthly,2025-04-12
S15526,7b165944-a,Basic,14.4,Yearly,2025-02-04
S15527,fcb9375d-1,Standard,11.93,Yearly,2023-04-04
S15528,23370e5b-c,Basic,8.28,Yearly,2022-09-27
S15529,1b74fac6-a,Premium,3.62,Yearly,2021-07-24
S15530,f166bda5-3,Premium,21.45,Yearly,2024-08-01
S15531,319d8c69-9,Premium,24.51,Monthly,2025-10-31
S15532,f70f35c0-9,Standard,8.38,Yearly,2025-04-07
S15533,27a5b11c-d,Premium,18.62,Yearly,2021-09-15
S15534,0cccd745-c,Premium,13.92,Yearly,2025-10-07
S15535,a3c6e07f-9,Premium,13.06,Yearly,2023-11-04
S15536,01d8bb32-1,Premium,8.07,Monthly,2021-07-28
S15537,51d15c52-5,Premium,16.92,Yearly,2025-10-14
S15538,3947ee26-8,Premium,13.3,Yearly,2021-11-24
S15539,729a4bae-8,Basic,10.32,Yearly,2021-09-02
S15540,7ede2df4-a,Basic,18.86,Monthly,2022-04-23
S15541,4e31c744-2,Standard,18.69,Monthly,2022-05-31
S15542,0c1d2c60-3,Basic,4.41,Yearly,2022-07-23
S15543,e4b5699f-b,Premium,6.31,Yearly,2021-08-18
S15544,6714acda-0,Premium,5.06,Monthly,2024-10-27
S15545,1c7143fc-b,,4.44,Monthly,2024-09-03
S15546,35e20fd5-2,Basic,8.11,Monthly,2021-07-28
S15547,4a4ce9e6-7,Basic,6.01,Yearly,2024-08-31
S15548,00ba8f16-b,Standard,18.47,Yearly,2025-09-30
S15549,13d6a59b-6,Basic,12.39,Monthly,2025-09-12
S15550,8640a700-b,Premium,11.12,Monthly,2025-11-15
S15551,150c1e68-0,Basic,15.61,Monthly,2025-07-28
S15552,745ea6d1-b,Premium,14.55,Monthly,2021-11-17
S15553,182e2484-f,Basic,13.09,Yearly,2023-11-15
S15554,3fa052e1-f,Premium,14.05,Monthly,2021-08-26
S15555,c4bc4b55-0,Premium,20.53,Yearly,2024-07-08
S15556,35aa1129-b,Standard,8.6,Yearly,2022-03-18
S15557,11de4a4d-9,Standard,15.82,Yearly,2024-09-04
S15558,87352024-a,Premium,21.21,,2021-09-17
S15559,a9c37d6a-5,Basic,11.27,Monthly,2021-05-14
S15560,f0905b94-4,Standard,16.69,Monthly,2022-11-13
S15561,9be159b5-a,Premium,21.21,Monthly,2025-12-19
S15562,191fbbe2-a,Standard,18.38,Monthly,2025-02-05
S15563,390c07ad-9,Standard,10.53,Yearly,2021-07-17
S15564,583572e8-5,Basic,20.77,Yearly,2023-06-25
S15565,1342ed04-0,Standard,17.24,Monthly,2025-10-10
S15566,034f1667-f,Basic,8.05,Monthly,2022-02-08
S15567,90b49e4a-f,Standard,18.24,Yearly,2025-10-20
S15568,51b0ef8b-e,Premium,20.71,Yearly,2025-02-26
S15569,0e5e795e-7,Basic,7.77,Monthly,2022-02-07
S15570,d63c2d38-7,Basic,9.43,Yearly,2024-06-06
S15571,8d1b8b87-2,Standard,14.51,Yearly,2023-03-26
S15572,ac21a631-4,Premium,16.51,Yearly,2022-08-09
S15573,aa8141b0-2,Basic,3.26,Yearly ,2025-05-28
S15574,66e4034d-f,Premium,15.64,Monthly,2024-02-08
S15575,86259277-4,Standard,19.52,Monthly,2021-10-19
S15576,0496a15f-1,Premium,4.51,Yearly,2025-02-11
S15577,ffa3f09d-8,Premium,12.19,Monthly,2022-03-04
S15578,50d2c244-a,Basic,11.39,Yearly,2021-11-06
S15579,e4491773-4,Premium,12.41,Yearly,2021-11-07
S15580,ac69d933-5,Premium,8.56,Monthly,2025-05-25
S15581,5c232276-2,Basic,16.13,Monthly,2024-09-19
S15582,5aea750b-b,Basic,21.46,Yearly,2021-07-25
S15583,e60b1f1e-b,Standard,20.37,Monthly,2025-02-26
S15584,1d7108f1-9,Standard,9.5,Monthly,2023-12-01
S15585,72158349-6,,21.55,Yearly,2021-08-23
S15586,e75395b3-b,Premium,6.0,Yearly,2025-01-03
S15587,fa1e089f-c,Basic,11.74,Yearly,2022-07-26
S15588,284b5dfd-6,Basic,15.99,Monthly,2024-02-15
S15589,87f860c2-4,Basic,20.08,Yearly,2022-05-28
S15590,f7170d48-e,Basic,15.22,Yearly,2024-06-24
S15591,afb11734-3,Basic,8.58,Monthly,2025-04-14
S15592,b12964bf-8,Standard,23.96,Monthly,2023-04-03
S15593,9392ec91-b,Basic,20.86,Monthly,2022-11-13
S15594,88b73cb3-d,Basic,18.97,Monthly,2025-04-12
S15595,bbb7be91-1,Basic,19.31,Monthly,2024-01-21
S15596,930a3152-8,Premium,10.25,Monthly,2022-05-18
S15597,2be7323d-b,Premium,23.36,Yearly,2023-12-06
S15598,fb284ee5-4,Premium,6.68,Monthly,2022-08-09
S15599,7ab5243a-9,Standard,3.95,Monthly,2025-10-09
S15600,4c513341-f,Premium,14.4,Yearly,2022-10-26
S15601,4eae92d8-d,Standard,8.39,Yearly,2025-09-23
S15602,1842b953-a,Premium,23.97,Yearly,2021-12-16
S15603,b71cda89-5,Standard,11.04,Monthly,2024-04-05
S15604,bd1a2ffb-5,Premium,7.78,Yearly,2021-07-15
S15605,a3dd2540-6,Premium,20.83,Yearly,2025-05-24
S15606,f062559e-d,Premium,11.32,Monthly,2023-06-06
S15607,22303668-d,Basic,16.58,Yearly,2022-04-13
S15608,0082d644-a,Basic,24.58,Monthly,2021-03-25
S15609,697cea6d-1,Basic,3.07,Yearly,2023-12-02
S15610,5c0a009d-e,Basic,9.94,Monthly,2024-10-17
S15611,58daf384-6,Standard,3.51,Yearly,2025-02-11
S15612,fb45b5de-e,Premium,11.27,Monthly,2023-10-13
S15613,d6e9460f-f,Standard,17.4,Yearly,2022-11-01
S15614,bbd9a666-3,Premium,17.84,Monthly,2024-10-10
S15615,9666f438-f,Standard,22.94,Yearly,2021-08-06
S15616,84a674cd-c,Standard,23.41,Yearly,2022-03-04
S15617,3e36d20f-b,Standard,9.08,Yearly,2023-05-09
S15618,ef847898-c,Basic,17.36,Yearly,2023-08-31
S15619,74316e1a-d,Standard,22.93,Yearly,2024-10-10
S15620,e99a3d5c-5,Premium,14.35,Yearly,2021-11-05
S15621,4dd43721-1,Standard,5.74,Yearly,2021-12-06
S15622,4b24e14b-0,Basic,11.93,Yearly,2024-01-10
S15623,fe536960-c,Basic,21.56,Monthly,2025-08-30
S15624,dc6a3999-6,Premium,22.68,Monthly,2023-03-28
S15625,a185c089-9,Standard,17.15,Monthly,2021-11-06
S15626,411c2066-5,Premium,9.33,,2025-03-12
S15627,ef48bd5e-0,Basic,13.15,Yearly,2025-02-13
S15628,6e726bfe-6,Standard ,9.62,Monthly,2021-03-23
S15629,a124b957-a,Premium,8.21,Monthly,2023-05-31
S15630,0b51c2cd-b,Premium,24.69,Monthly,2024-12-28
S15631,58e78636-4,Basic,22.98,Yearly,2021-10-29
S15632,df73a7cc-6,Premium,23.78,Monthly,2021-08-11
S15633,130b723c-c,Basic,17.09,Yearly,2025-05-30
S15634,,Premium,4.76,Monthly,2023-12-01
S15635,5097f497-e,Standard,17.1,Monthly,2025-07-29
S15636,262309dd-1,Premium,4.99,Yearly,2023-01-17
S15637,f18a5746-c,Premium,5.64,Yearly,2021-04-10
S15638,bb418f63-e,Standard,21.77,Yearly,2022-04-16
S15639,6aad2c66-e,Basic,14.85,Yearly,2022-06-22
S15640,6d746c54-2,Basic,18.71,Monthly ,2022-10-15
S15641,08195d3d-d,Premium,21.11,Monthly,2024-01-18
S15642,f5c77a06-b,Premium,7.9,Monthly,2022-11-01
S15643,c53f4eb3-3,Standard,10.63,Monthly,2022-05-18
S15644,8b83c355-c,Standard,20.79,Monthly,2022-08-09
S15645,cb8887b1-6,Standard,24.19,Monthly,2024-03-31
S15646,4a78dea3-9,Premium,23.19,Monthly,2025-07-31
S15647,ffb1b427-8,Standard,21.69,Yearly,2024-03-27
S15648,517c6b41-6,Premium,9.44,Yearly,2025-08-15
S15649,6025f01c-3,Basic,18.55,Monthly,2022-11-14
S15650,0c044502-0,Basic,12.03,Monthly,2025-06-25
S15651,a4f142b6-d,Standard,3.67,Yearly,2025-10-01
S15652,403b2212-d,Premium,16.06,Monthly,2024-09-18
S15653,87320728-f,Premium,4.48,Monthly,2025-10-03
S15654,c43fd547-a,Standard,10.3,Monthly,2025-07-01
S15655,088581d5-8,Standard,10.57,Yearly,2025-04-21
S15656,0cf38166-2,Premium,3.14,Monthly,2022-09-14
S15657,37ff2a3f-0,Basic,10.76,Monthly,2025-10-24
S15658,46855281-a,Basic,4.55,,2023-04-15
S15659,24252186-2,Basic,10.22,Monthly,2023-11-08
S15660,5dcd1b2d-8,Premium,23.34,Monthly,2021-10-02
S15661,a25e4976-b,Basic,4.7,Monthly,2021-12-28
S15662,08007ea8-7,Standard,8.26,Monthly,2024-07-13
S15663,7702f706-9,Standard,12.1,Yearly,2024-09-15
S15664,b9893f3f-3,Basic,9.68,Yearly,2024-08-25
S15665,9af0f555-4,Standard,4.36,Yearly,2021-09-16
S15666,9aece9aa-a,Premium,6.22,Yearly,2021-11-04
S15667,06482730-e,Basic,20.43,Yearly,2023-04-18
S15668,ea02a0b2-f,Premium,4.97,Monthly,2021-06-09
S15669,10f01285-2,Basic,17.66,Monthly,2023-04-01
S15670,924ed55b-0,Basic,14.73,Yearly,2023-12-06
S15671,364d6018-0,Basic,11.7,Yearly,2024-11-02
S15672,781216e2-9,Standard,16.28,Monthly,2025-07-14
S15673,92586b40-8,Basic,18.01,Yearly,2025-07-01
S15674,a90de717-c,Standard,4.45,Monthly,2025-01-09
S15675,b9ed002b-1,Standard,9.04,Yearly,2024-04-28
S15676,94a248d1-0,Premium,16.98,Yearly,2024-10-13
S15677,8d1587e0-7,Premium,8.47,Monthly,2021-04-06
S15678,506822f9-1,Standard,11.77,Yearly,2021-12-07
S15679,dd18467f-9,Premium,,Monthly,2022-01-26
S15680,907dc24b-a,Premium,22.93,Monthly,2024-08-14
S15681,4bf14ec2-1,Basic,8.22,Monthly,2024-11-15
S15682,5e4d6087-4,Standard,21.4,Monthly,2024-02-10
S15683,3a5c7197-d,Standard,12.39,Yearly,2024-07-08
S15684,14c2cf1d-5,Standard,10.8,Monthly,2023-04-15
S15685,2ee667a8-6,Premium,3.66,Yearly,2023-01-21
S15686,8f73c278-8,Standard,6.78,Yearly,2023-10-28
S15687,556afa5c-6,Standard,7.31,Yearly,2023-03-27
S15688,5f801d47-6,Basic,5.68,Yearly,2025-12-27
S15689,39921f9d-a,Standard,19.07,Yearly,2025-08-16
S15690,82e2d906-5,Standard,10.91,Monthly,2024-01-15
S15691,4e467da3-9,Basic,18.44,Monthly,2022-01-31
S15692,2005aabc-e,Premium,23.29,Yearly,2025-06-10
S15693,0dbbf890-7,Basic,17.07,Yearly,2025-09-30
S15694,e2fd6018-e,Premium,,Monthly,2025-07-15
S15695,e80ee723-6,Basic,22.3,Monthly,2022-10-30
S15696,f3b49ed8-7,Premium,24.95,Yearly,2024-05-17
S15697,85cfc7c0-c,Basic,20.33,Yearly,2023-01-04
S15698,a7b5e4d7-2,Basic,3.07,Monthly,2024-03-15
S15699,58d5f7de-6,Standard,13.53,Monthly,2023-07-19
S15700,ace23cc6-f,Premium,9.4,Yearly,2023-07-14
S15701,de54f9c8-7,Basic,13.54,Yearly,2023-06-12
S15702,39c7c311-9,Premium,5.81,Monthly,2021-10-16
S15703,9eb06e31-7,Premium,20.55,Yearly,2022-12-06
S15704,a02b50c9-9,Basic,15.92,Monthly,2022-05-20
S15705,f9a35dcd-8,Basic,23.81,Monthly,2021-05-25
S15706,7f99b11d-5,Standard,22.13,Yearly,2022-07-15
S15707,00c9b7da-b,Premium,21.62,Monthly,2022-01-19
S15708,81781ba3-1,Standard,12.35,Monthly,2025-02-15
S15709,679f3a6b-4,Standard,22.48,Monthly,2021-11-07
S15710,f0301233-d,Basic,10.35,Monthly,2022-07-18
S15711,c10167d0-5,Basic,21.19,Monthly,2023-04-04
S15712,8ba150c7-3,Premium,17.03,Yearly,2025-03-18
S15713,dae97b65-8,Premium,23.06,Yearly,2022-01-10
S15714,256d1bf4-6,Premium,21.24,Monthly,2023-11-14
S15715,de496711-5,Premium,7.85,Monthly,2024-05-27
S15716,46ea3c93-9,Standard,20.92,Monthly,2021-10-02
S15717,c85f59d4-9,Basic,18.05,Monthly,2021-10-28
S15718,2b762b16-6,Premium,18.59,Monthly,2025-10-11
S15719,d2b61dc9-3,Basic,23.83,Yearly,
S15720,5478ff3d-9,Standard,4.76,Yearly,2023-09-08
S15721,04583765-b,Basic,4.57,Yearly,2025-01-30
S15722,9bb8f4f2-5,Standard,17.49,Monthly,2022-10-06
S15723,8e69e4f7-3,Basic,4.91,Monthly,2024-06-20
S15724,67c993cd-2,Basic,24.36,Monthly,2023-11-16
S15725,7e2c867a-f,Basic,4.93,Monthly,2022-02-19
S15726,b1bca098-d,Basic,4.98,Yearly,2022-06-06
S15727,0e694d61-c,Basic,6.25,Monthly,2021-04-13
S15728,525629cb-2,Basic,17.68,Monthly,2022-10-02
S15729,f03281e4-b,Basic,7.81,Yearly,2021-07-13
S15730,1ee8f00d-9,Premium,16.29,Yearly,2021-08-16
S15731,a03eb133-f,Basic,12.1,Yearly,2021-12-01
S15732,87179c99-e,Standard,21.24,Yearly,2023-05-31
S15733,01b4ca0a-4,Premium,5.37,Yearly,2025-10-09
S15734,cf6b5c46-9,Basic,10.21,Monthly,2025-06-14
S15735,38619267-7,Basic,11.0,Monthly,2024-01-30
S15736,3a76860f-9,Standard,16.77,Yearly,2024-07-19
S15737,57eaf5ab-a,Premium,17.94,,2021-09-20
S15738,a16be830-2,Standard,10.05,Monthly,2024-11-20
S15739,3e75a164-d,Standard,21.98,Monthly,2022-10-13
S15740,6a2ec2f0-a,Basic,5.16,Monthly,2022-08-09
S15741,e3ba6e08-2,Standard,9.63,Yearly,2025-05-18
S15742,8f535adf-c,Standard,17.06,Monthly,2023-07-11
S15743,8d7bf4ec-2,Premium,17.9,Yearly,2025-12-06
S15744,f78ac38e-b,Premium,15.59,Yearly,2024-04-20
S15745,1446e1e1-c,Basic,10.51,Monthly,2022-08-08
S15746,34543af6-2,Basic,9.61,Monthly,2024-03-24
S15747,60608245-c,Basic,21.54,Monthly,2021-09-20
S15748,61841fbf-9,Basic,9.32,Monthly,2024-05-20
S15749,0b6de1dc-9,Premium,8.12,Yearly,2025-04-20
S15750,7e673abc-e,Standard,23.61,Yearly,2022-05-21
S15751,3b92350c-7,Basic,22.55,Yearly,2024-03-26
S15752,bbbc03e2-b,Standard,5.98,Yearly,2023-09-24
S15753,2f52486c-8,Premium,20.18,Yearly,2021-07-10
S15754,de92143b-7,Standard,8.69,Yearly,2025-11-19
S15755,3d56f95b-8,Premium,12.79,Yearly,2023-02-25
S15756,c5280dc0-c,Premium,18.76,Yearly,2025-10-11
S15757,59b2b6aa-5,Standard,14.14,Monthly,2025-04-16
S15758,b2b76c03-3,Premium,22.49,Monthly,2023-03-06
S15759,06b19011-8,Premium,14.33,Monthly,2024-01-18
S15760,d766b09b-b,Basic,5.2,Yearly,2023-07-04
S15761,56f8019b-8,Standard,21.55,Monthly,2023-07-19
S15762,,Premium,17.68,Monthly,2023-02-08
S15763,3f713c79-1,Basic,17.84,Monthly,2021-10-16
S15764,c1ca48f7-8,Standard,8.98,Monthly,2023-04-24
S15765,6c6915fd-c,Basic,6.76,Yearly,2022-03-27
S15766,6dc4248f-6,Premium,4.62,Yearly,2025-08-13
S15767,4c00288c-a,Basic,7.97,Yearly,2023-08-04
S15768,149492b2-3,Standard,14.95,Monthly,2024-07-10
S15769,6f7017df-d,Premium,24.36,Monthly,2022-05-30
S15770,c1682d9e-a,Basic,23.34,Yearly,2021-11-15
S15771,171737dd-b,Standard,3.7,Monthly,2025-02-08
S15772,c0506b34-3,Basic,21.09,Monthly,2024-09-12
S15773,8aa51d35-a,Basic,14.06,Monthly,2022-01-05
S15774,4b3e57da-f,Premium,21.27,Yearly,2024-09-08
S15775,74e5681e-7,Premium,11.16,Monthly,2024-10-21
S15776,a2742159-b,Premium,14.48,Monthly,2024-05-17
S15777,070ac7f1-7,Basic,7.36,Monthly,2023-12-26
S15778,125afd65-2,Basic,7.16,Monthly,2025-03-13
S15779,5e7e5cd2-1,Premium,12.56,Monthly,2024-11-15
S15780,55bccfa4-3,Premium,21.49,Yearly,2021-07-18
S15781,7b5f55f8-4,Premium,23.99,Monthly,2022-05-24
S15782,7df4f212-f,Standard,15.89,Monthly,2022-05-09
S15783,9c29b1c5-8,,10.8,Monthly,2022-06-10
S15784,2b197b8b-0,Standard,3.87,Monthly,2024-01-03
S15785,8d83a633-5,Basic,3.78,Monthly,2023-05-08
S15786,1d674b7c-6,Basic,3.11,monthly,2026-02-01
S15787,b1f1d824-0,Standard,8.09,Monthly,2024-05-11
S15788,e1b74506-7,Premium,10.58,Yearly,
S15789,c6ec092c-2,Premium,17.78,Monthly,2025-09-27
S15790,deb6619e-5,Basic,10.29,Monthly,
S15791,aa0f1072-a,Basic,7.6,monthly,2023-04-27
S15792,a1250c33-7,Standard,11.78,Monthly,2023-02-27
S15793,655426ec-1,Basic,16.23,Monthly,2023-05-19
S15794,ed5814be-7,Basic,15.72,Monthly,2022-01-18
S15795,9d1f040b-2,Basic,11.68,Yearly,2023-06-09
S15796,3f7f549b-c,Basic,11.53,Yearly,2025-01-17
S15797,8936a276-d,Standard,14.64,Yearly,2025-05-15
S15798,fc9ba720-0,Standard ,13.42,Monthly,2023-07-18
S15799,88d7bd52-5,Basic,6.49,Yearly,2023-11-11
S15800,de66d8f3-9,Premium,,Yearly,2025-01-04
S15801,8a2a71cc-c,Basic,15.58,Monthly,2022-07-08
S15802,45d7403d-1,Basic,11.14,Yearly,2023-07-22
S15803,3dcf4c56-8,Premium,6.35,Monthly,2022-01-01
S15804,2585eba1-f,Standard,10.69,Monthly,2023-04-11
S15805,1e02c3c9-a,Premium,24.25,Monthly,2023-11-10
S15806,7d77284e-f,Standard,5.5,Yearly,2023-08-18
S15807,4eb1a359-3,Standard,21.45,Monthly,2024-08-21
S15808,8d527a5c-0,Standard,7.37,Yearly,2021-12-06
S15809,466f7ec0-9,Standard,24.43,Monthly,2025-02-20
S15810,da945d3b-e,Basic,12.44,Yearly,2025-11-16
S15811,c0d36cc4-5,premium,19.43,Yearly,2021-04-01
S15812,723277b3-e,Premium,5.22,Monthly,2023-06-17
S15813,f1201bc5-2,Standard,22.2,Monthly,2024-06-11
S15814,da0c2309-5,Premium,7.35,Monthly,2022-06-15
S15815,c1cb96e2-0,Standard,11.06,Monthly,2021-11-25
S15816,9fe3e85b-3,Premium,14.8,Monthly,2022-04-24
S15817,e55c0780-6,Basic,20.75,Yearly,2021-06-07
S15818,f31ad6bd-5,Premium,11.98,Monthly,2022-06-26
S15819,61e7fced-6,Basic,4.65,Yearly,2022-11-09
S15820,792e1769-3,Premium,24.29,Monthly,2023-01-03
S15821,e55fdd0d-b,Standard,15.47,Monthly,2023-08-30
S15822,5f6ce225-a,Standard,19.3,Monthly,2025-08-31
S15823,14a6025a-2,Basic,3.04,Monthly,2025-04-12
S15824,8c82b1cb-d,Basic,10.98,Yearly,
S15825,334ed5cc-0,Premium,12.1,Yearly,2023-09-27
S15826,17c2fb89-9,Standard,13.49,Monthly,2025-02-26
S15827,c76b7032-5,Basic,5.94,Monthly,2025-06-04
S15828,8116eba1-f,Standard,8.09,Yearly,2025-09-06
S15829,35d0780d-7,Premium,5.54,Monthly,2023-03-18
S15830,6ede85fa-7,Premium,21.2,Yearly,2022-04-18
S15831,f4a8caff-c,Premium,3.89,Monthly,2024-07-25
S15832,7fdb41a9-2,Standard,20.43,Monthly,2024-06-19
S15833,02999130-3,Standard,5.66,Yearly,2022-05-27
S15834,96163f1a-0,Standard,21.26,Monthly,2023-04-29
S15835,a021f06f-d,Standard,16.95,Yearly,2022-12-20
S15836,74caa854-1,Premium,3.9,Yearly,2022-01-03
S15837,c7ed8ce8-1,Standard,5.31,Monthly,2026-01-03
S15838,a58630f9-c,Basic,7.28,Yearly,2024-01-23
S15839,9325538c-f,Basic,21.8,Yearly,2021-10-08
S15840,2de078eb-e,Standard,9.1,Monthly,2025-09-26
S15841,d57d8879-d,Standard,15.17,Yearly,2023-07-23
S15842,bf713717-4,Basic,9.6,Yearly,2025-01-19
S15843,c413dea5-4,Premium,4.18,monthly,2025-05-06
S15844,0dc5ce1f-f,Basic,23.82,Yearly,2025-09-01
S15845,e3bdadcc-1,Standard,20.05,Monthly,2023-09-14
S15846,be64a0fe-6,Standard,21.64,Monthly,2021-09-09
S15847,26ad98d3-d,Basic,11.43,Monthly,2021-10-03
S15848,af37d187-4,Standard,18.24,Monthly,2023-07-01
S15849,b362fb69-7,Premium,10.79,Monthly ,2024-05-02
S15850,f11111b1-f,Standard,14.1,Yearly,2023-12-15
S15851,909d99c2-2,Premium,,Monthly,2025-10-04
S15852,22d2e8a9-9,Basic,24.17,Yearly,2021-11-05
S15853,4274925d-5,Standard,22.78,Yearly,2021-12-28
S15854,60d25be4-b,Premium,20.8,Yearly,2025-11-04
S15855,e5c104c4-d,Premium,19.75,Monthly,2024-02-16
S15856,99b189f8-6,Basic,13.88,Yearly,2023-01-31
S15857,01489a66-3,Standard,4.19,Yearly,2021-08-29
S15858,92ad1232-f,Premium,7.91,Yearly,2024-03-09
S15859,8a4f8196-7,Basic,6.87,Yearly,2023-10-02
S15860,91bf240a-2,Premium,24.63,Monthly,2024-08-23
S15861,63229aa2-3,Premium,22.69,Yearly,2024-02-11
S15862,6736e236-8,Basic,15.94,Yearly,2025-07-31
S15863,b518c695-4,Standard,23.19,Monthly,2025-06-27
S15864,359aa183-f,Standard,24.66,Yearly,2025-08-21
S15865,53ebfe30-8,Basic,21.42,Yearly,2024-07-02
S15866,9378514b-2,Basic,21.12,Monthly,2026-01-24
S15867,09e83478-4,Basic,14.31,Monthly,2022-11-27
S15868,fcf603ff-a,Basic,10.07,Monthly,2025-01-05
S15869,80d00365-c,Standard,10.08,Monthly,2022-11-05
S15870,1d66d3dd-8,Premium,15.29,Yearly,2021-05-10
S15871,db9ce449-5,premium,22.94,Yearly,2023-12-13
S15872,599b8cf3-6,Premium,16.17,Yearly,2024-10-27
S15873,60dfe0de-b,Basic,19.65,Monthly,2021-11-30
S15874,1883ca70-b,Standard,11.93,Yearly,2025-11-23
S15875,e65acc43-b,Standard,24.01,Yearly,2021-06-12
S15876,04fa0fd7-9,Standard,13.7,Yearly,2022-09-05
S15877,07e6f657-8,Standard,13.3,Monthly,2025-09-10
S15878,ddb1e668-d,Premium,8.47,Yearly,2024-01-09
S15879,2ed0a3f1-6,Premium,16.4,Yearly,2021-11-18
S15880,c0749c01-e,Standard,10.41,Monthly,2021-04-30
S15881,9a44910a-d,Premium,5.39,Yearly,2023-11-26
S15882,81b6a3ff-3,Premium,9.45,Monthly,2023-07-15
S15883,a29484cd-2,Basic,3.43,Yearly,2023-07-04
S15884,5281ea7e-1,Premium,20.02,Monthly,2021-06-07
S15885,930afa64-4,Standard,18.35,Yearly,
S15886,7ebd9c95-0,Premium,5.42,Monthly,2021-08-21
S15887,3c5c9823-f,Basic,12.66,Yearly,2022-01-20
S15888,fdde4f68-c,Standard,6.2,Yearly,2024-08-05
S15889,d003263a-0,Basic,6.25,Yearly,2025-11-20
S15890,7dfd38c6-0,Standard,4.37,Monthly,2023-04-24
S15891,f7cfea10-0,Premium,9.31,Monthly,2025-09-08
S15892,0324be2c-7,Basic,10.77,Monthly,2022-01-19
S15893,9daa5d9e-2,Standard,16.89,Yearly,2022-12-31
S15894,a0609f23-e,Basic,20.23,Yearly,2023-08-17
S15895,1d7eda2c-0,Premium,7.87,Monthly,2024-10-24
S15896,ebe7be38-e,Basic,3.81,Monthly,2021-06-21
S15897,04cee215-7,Basic,7.15,Monthly,2022-10-13
S15898,858d5554-6,Basic,17.03,Yearly,2023-01-26
S15899,f95f00e3-c,Premium,21.96,Monthly,2021-02-24
S15900,c31c32f3-3,Premium,9.55,Monthly,2024-08-24
S15901,6d7fe4ea-6,Premium,9.96,Monthly,2023-10-27
S15902,3e225bd5-c,Basic,14.3,Monthly,2021-09-04
S15903,454082c8-a,Basic,22.65,Monthly,2025-04-22
S15904,6f9174c5-6,Standard,19.49,Monthly,2023-11-30
S15905,834310b1-1,Standard,8.79,Yearly,2024-04-22
S15906,d284118e-d,Standard,19.04,Monthly,2021-06-21
S15907,8833c09b-f,Basic,20.77,Yearly,2024-02-16
S15908,f060bb5d-3,Basic,5.05,Yearly,2023-04-30
S15909,db3a9e7d-7,Basic,17.15,Yearly,2023-05-17
S15910,89218a43-c,Basic,10.03,,2021-11-19
S15911,82f588ed-3,Basic,16.31,Yearly,2025-07-08
S15912,148d61ad-5,Premium,21.47,Yearly,2022-12-30
S15913,ee7e0e45-7,Premium,15.82,Yearly,2023-09-21
S15914,6114f19e-2,Premium,8.21,Monthly,2025-05-25
S15915,7ac2c7bd-1,Premium,23.64,Yearly,2025-09-03
S15916,cd7ab847-7,Premium,14.03,Monthly,2025-08-23
S15917,fc4282e8-4,Standard,18.62,Monthly,2024-12-29
S15918,9a7def17-b,Premium,23.98,Yearly,2021-08-23
S15919,3504f4b5-d,Basic,12.45,Yearly,2022-05-14
S15920,da41099d-1,Basic,21.24,Yearly,2022-07-15
S15921,ac24e570-4,Basic,4.21,Monthly,2023-09-20
S15922,1b6f7737-0,Premium,22.5,Yearly,2025-10-24
S15923,45107add-4,Basic,21.74,Yearly,2024-09-30
S15924,17f6db5d-8,Premium,23.66,Yearly ,
S15925,ee2fe567-9,Basic,6.93,Monthly,2023-12-05
S15926,3b49fd46-a,Basic,24.52,Yearly,2024-10-06
S15927,ff5cada2-1,Standard,17.15,Yearly,2021-10-18
S15928,ee805b1b-c,Standard,11.45,Monthly,2026-02-05
S15929,414a0398-5,Premium,16.71,Yearly,2025-11-01
S15930,cc5ddd5b-0,Premium,12.34,Monthly,2021-07-24
S15931,e780408c-4,Premium,8.04,Yearly,2023-04-09
S15932,47f97058-4,Premium,8.6,yearly,2023-03-27
S15933,ab1c5e30-b,Standard,15.44,Yearly,2024-11-06
S15934,94e7e603-6,Standard,10.11,Monthly,2022-02-22
S15935,46cf1f34-2,Standard,14.66,Monthly,2024-12-09
S15936,8b2feba3-9,Standard,6.25,Monthly,2022-03-03
S15937,ef9507f9-1,Premium,18.35,Monthly,2024-07-26
S15938,0b26584c-3,Basic,20.38,Monthly,2022-02-11
S15939,1898a559-2,Standard,,Yearly,2021-06-16
S15940,1a3f6b5d-8,Standard,24.29,Yearly,2023-12-05
S15941,7eca82bc-8,Premium,5.77,Yearly,2021-11-03
S15942,16413be2-d,Premium,3.29,Yearly,2026-01-07
S15943,a292c315-9,Standard,20.35,Yearly,2021-08-18
S15944,53805e80-d,Premium,11.45,Monthly,2023-10-21
S15945,47d4b865-9,Basic,14.04,Monthly,2022-10-25
S15946,c8674cba-a,Basic,15.07,Yearly,2021-12-18
S15947,1dd914c0-2,Standard,23.29,Monthly,2024-12-03
S15948,6f560c53-1,Basic,14.26,Yearly,2025-12-15
S15949,297c3457-6,Standard,5.37,Yearly,2024-07-18
S15950,4ecba8e6-a,Premium,19.31,Monthly,2024-10-11
S15951,2238a92e-9,Basic,11.94,Monthly,2026-02-01
S15952,fcc1b8e2-e,Basic,4.61,Monthly,2025-01-03
S15953,21015b80-b,Standard,21.41,Yearly,2023-05-11
S15954,2406621d-c,Standard,11.05,Monthly,2025-04-09
S15955,bf8080f1-0,Standard,12.0,Yearly,2025-11-11
S15956,eebce0aa-0,Basic,22.19,Monthly,2021-09-03
S15957,19bcfc0e-0,Basic,11.15,Yearly,2025-06-24
S15958,1e662cbf-0,Basic,4.62,Yearly,2025-02-10
S15959,d49a83a5-f,Basic,24.17,Monthly,2021-10-21
S15960,817428ba-0,Standard,10.6,Monthly,2024-08-17
S15961,0718e6c0-3,Basic,6.56,Yearly,2023-03-19
S15962,1292e635-2,Premium,14.79,Yearly,2023-07-13
S15963,bc4c507a-9,Standard,20.34,Yearly,2024-10-16
S15964,d74e11e3-6,Standard,4.94,Monthly,2025-04-19
S15965,b7be2dd4-b,Basic,10.33,Yearly,2022-09-27
S15966,1f6903de-5,Premium,5.79,Monthly,2024-02-17
S15967,1fe33b99-2,Premium,4.97,Monthly,2025-05-14
S15968,76e43943-1,Standard,12.09,Monthly,2025-08-18
S15969,6f4f072e-5,Premium,18.41,Monthly,2023-06-05
S15970,75120a6d-c,Basic,4.12,Yearly,2024-06-13
S15971,95851c8d-9,Basic,15.85,Yearly,2025-09-15
S15972,09e70c17-4,Standard,19.58,Monthly,2022-09-23
S15973,12eb39ae-f,Standard,19.38,Yearly,2022-12-31
S15974,2d87de54-e,Basic,13.38,Monthly,2023-05-30
S15975,492deda0-3,Premium,14.95,Yearly,2022-12-15
S15976,adbf928a-5,Premium,14.63,Yearly,2022-09-30
S15977,9588b546-9,Standard,17.56,Yearly,2024-03-06
S15978,d1ed1590-d,Standard,19.39,Yearly,2023-05-05
S15979,,Standard,9.24,Monthly,2024-05-25
S15980,748223e1-1,Standard,,Yearly,2022-07-17
S15981,10dee3ac-d,Basic,6.05,Monthly,2024-02-18
S15982,38a61e47-c,Basic,22.88,Yearly,2023-03-26
S15983,2f267df8-2,Standard,6.02,Yearly,2023-08-28
S15984,dc5766fa-8,Basic,21.23,Monthly,2022-09-01
S15985,aaa6bb26-3,Standard,3.09,Monthly,2021-10-28
S15986,069c21b4-3,Basic,17.19,Yearly,2025-03-15
S15987,25eb0430-1,Standard,21.84,Monthly,2025-11-15
S15988,e2672a02-3,Premium,9.62,Monthly,2024-02-11
S15989,85627a33-b,Standard,11.95,Monthly,2022-02-09
S15990,e88323eb-2,Basic,21.22,Yearly,2024-12-18
S15991,9b46af23-c,Basic,15.01,Monthly,2025-12-20
S15992,6995870a-5,Basic,10.26,Monthly,2023-12-26
S15993,7f4daf92-c,Basic,22.9,Monthly,2024-07-31
S15994,8410bc25-f,Basic,8.96,Yearly,2021-04-12
S15995,baade25f-4,Premium,6.25,Monthly,2023-07-30
S15996,97c28046-d,Basic,19.06,Monthly,2025-10-13
S15997,9e50ec34-a,Standard,12.86,Monthly,2022-07-01
S15998,e4399871-f,Premium,11.86,Monthly,2022-03-05
S15999,5dd8eb3f-9,Standard,23.96,Monthly,2022-12-03
S16000,49f4453c-1,Standard,21.4,Yearly,2023-09-04
S16001,4b81fa1f-5,Premium,8.54,Yearly,2021-09-18
S16002,1973b217-8,Premium,4.58,Yearly,2022-07-25
S16003,d51dc8d0-0,Standard,24.77,Monthly,2025-06-22
S16004,1d24a613-2,Basic,5.8,Monthly,2025-09-20
S16005,2b4f3e1b-3,Standard,13.73,Yearly,2021-05-20
S16006,0a60f5ec-7,Basic,14.44,Monthly,2024-07-26
S16007,89952949-8,Basic,6.89,Yearly,2021-11-04
S16008,c9e2ee65-4,Basic,15.68,Yearly,2025-09-25
S16009,42fd562b-f,Premium,3.83,Yearly,2022-10-07
S16010,74ab5591-6,Standard,6.54,Monthly,2026-02-05
S16011,91bc03ea-b,Premium,16.68,Monthly,2024-02-29
S16012,47ea88be-c,Standard,20.39,Monthly,2024-04-05
S16013,b6eaea8c-2,Premium,10.35,Monthly,2021-05-14
S16014,0312d716-5,Basic,18.58,Yearly,2025-03-14
S16015,5c7a4253-0,Standard,11.56,Monthly,2024-08-04
S16016,ee73bcb4-e,Basic,6.93,Monthly,2022-02-20
S16017,193f0faa-8,Basic,3.87,Yearly,2025-08-16
S16018,96158d4b-c,Standard,6.02,Monthly,2023-06-28
S16019,1d73dd33-3,Basic,24.34,Yearly,2024-02-11
S16020,9f07b65d-e,Standard,4.56,Monthly,2024-08-08
S16021,3e1eb496-9,Standard,20.44,Yearly,2023-03-14
S16022,384c7251-5,Standard,12.99,Monthly,2021-10-10
S16023,39a4f0a1-6,Basic,17.7,Monthly,2021-07-01
S16024,a79215fe-f,Standard,23.66,Monthly,2022-09-06
S16025,8e48fc35-3,Premium,14.52,Monthly,2024-10-05
S16026,c3a722ba-3,Standard,20.53,Yearly,2021-03-03
S16027,5eeff36a-c,Premium,11.24,Yearly,2023-03-13
S16028,39a51b8f-e,Standard,5.33,Yearly,2025-12-10
S16029,6b2f6176-c,Premium,23.26,Yearly,2023-09-12
S16030,24033f0f-b,Basic,13.12,Monthly,2021-05-08
S16031,2d9fe6e7-0,Standard,4.64,Monthly,2023-04-01
S16032,71c1f880-d,Standard,16.57,Yearly,2023-12-26
S16033,b440c7f2-c,Premium,24.09,Yearly,2022-07-09
S16034,431e711a-b,Basic,8.79,Monthly,2025-07-04
S16035,599861c5-d,Standard,15.35,Yearly,2022-10-31
S16036,ac7edc1a-7,Basic,11.48,Yearly,2023-05-16
S16037,c9f4ef9d-6,Basic,5.63,Yearly,2021-02-18
S16038,ce143e02-7,Premium,20.54,Yearly,2025-11-03
S16039,fc08203c-f,Basic,19.8,Yearly,2021-10-21
S16040,a0905882-7,Premium,6.21,Monthly,2023-06-24
S16041,bfe85865-5,Basic,23.96,Monthly,2022-09-06
S16042,4086eee7-a,Standard,8.08,Monthly,2024-12-18
S16043,3da8f5cb-4,Basic,24.86,Monthly,2023-11-09
S16044,593f1362-2,Premium,24.93,Monthly,2025-12-30
S16045,c821d5fb-7,Premium,11.54,Monthly,2025-05-30
S16046,4a44ae61-8,Premium,17.26,Monthly,2022-03-15
S16047,f2a89c85-a,Premium,21.9,Monthly,2025-10-24
S16048,b0167b01-a,Standard,14.43,Monthly,2025-02-25
S16049,70fbf220-a,Basic,8.58,Monthly,2024-03-10
S16050,caeb65f4-f,Premium,14.46,Yearly,2021-08-12
S16051,9245a310-e,Standard,14.57,Yearly,2025-10-27
S16052,523a91b5-c,Basic,21.67,Yearly,2025-07-24
S16053,,Basic,20.55,Monthly,2025-04-05
S16054,1c089584-1,Basic,10.16,Monthly,2025-11-30
S16055,784fc7c4-d,Standard,3.24,Yearly,2025-11-01
S16056,60ed42a4-b,Premium,13.2,Yearly,2021-11-30
S16057,ed153cfd-f,Standard,,Yearly,2025-03-31
S16058,496b80cd-6,Premium,23.87,Yearly,2021-02-14
S16059,d72f147a-8,Standard,6.47,Yearly,2024-04-05
S16060,47b16b32-2,Premium,5.16,Yearly,2023-12-03
S16061,b8c6a56b-3,Standard,17.22,Yearly,2026-01-19
S16062,92fe717a-2,Basic,20.54,Monthly,2021-05-27
S16063,aee4b1b1-4,Basic,4.84,Monthly,2023-07-15
S16064,a5ee9aa5-1,Premium,10.96,Yearly,2025-05-11
S16065,9d729a0c-2,Standard,3.11,Monthly,2026-01-08
S16066,498355ed-f,Standard,17.52,Yearly,2025-07-27
S16067,645f6bbf-7,Premium,9.56,Monthly,2021-10-22
S16068,71bbf07d-4,Basic,7.75,Monthly,2024-01-13
S16069,f6ac6778-1,Standard,5.4,Yearly,2022-08-29
S16070,f6031152-1,Basic,11.05,Monthly,2024-03-05
S16071,a3db28c0-0,Standard,14.68,Monthly,2024-07-02
S16072,08e911b2-1,Premium,7.78,Monthly,2021-07-05
S16073,40b05de7-0,Basic,16.91,Monthly,
S16074,8462589b-7,Standard,23.42,Monthly,2021-06-19
S16075,5836d24d-2,Premium,12.78,Monthly,2025-02-21
S16076,553990c7-8,Basic,19.31,Yearly,2022-11-21
S16077,647f38d9-0,Standard,3.53,Yearly,2021-04-23
S16078,903e5592-0,Premium,19.67,Yearly,2024-05-28
S16079,50332b04-9,Standard,15.6,Yearly,2026-02-01
S16080,285ae461-4,Premium,13.76,Yearly,2021-08-26
S16081,d59604c8-4,Basic,18.23,Yearly,2025-10-12
S16082,00cc26fc-f,Premium,7.41,Monthly,2021-12-26
S16083,325d2a58-d,Premium,20.19,Yearly,2021-07-01
S16084,d62d7dc7-a,Premium,16.62,Monthly,2023-12-21
S16085,04be3777-6,Premium,6.28,Monthly,2021-03-03
S16086,26aa700f-2,Standard,13.25,Yearly,2023-03-26
S16087,4777ab80-8,Premium,6.24,Monthly,2025-09-23
S16088,dd32dcc2-d,Standard,21.4,Yearly,2024-09-13
S16089,7b0fe0d3-a,Standard,18.94,Monthly,2025-12-05
S16090,f33b3f9e-8,Standard,11.07,Yearly,2022-03-19
S16091,93cb772b-8,Basic,24.3,Monthly,2022-09-15
S16092,81705c9d-1,Premium,15.16,Yearly,2024-10-02
S16093,,Standard,5.44,Yearly,2023-10-09
S16094,cbe7cd46-a,Premium,24.56,Yearly,2021-04-06
S16095,f00472ae-d,Basic,10.14,Monthly,2025-10-19
S16096,6261181e-f,Basic,13.74,Monthly,2024-11-09
S16097,d19f218f-5,Standard,7.83,Yearly,2025-06-13
S16098,16b2fef0-0,Premium,,Monthly,2025-08-21
S16099,cc46cc67-c,Premium,11.92,Monthly,2021-10-01
S16100,326dfc09-b,Standard,24.98,Monthly,2022-02-11
S16101,5d090cb0-8,Standard,5.24,Yearly,2024-05-19
S16102,2c2eb209-1,Premium,6.68,Yearly,2021-02-13
S16103,7c0c1fb8-e,Premium,11.45,Yearly,2024-03-10
S16104,f0e90116-a,Premium,3.66,Yearly,2023-02-22
S16105,c34426cd-c,Standard,10.29,Monthly,2025-05-19
S16106,dde3ff43-3,Basic,12.49,Yearly,2025-05-25
S16107,2fce93d1-2,Basic,,Yearly,2022-08-05
S16108,fd37992d-1,Standard,,Monthly,2022-04-15
S16109,28457c31-8,Standard,21.26,Yearly,2022-05-11
S16110,a699b6a5-6,Standard,11.47,Monthly,2021-05-30
S16111,66c70bdd-4,Standard,10.71,Monthly,2023-06-18
S16112,962153b4-8,Basic,13.65,Monthly,2022-07-25
S16113,420b5c83-9,Basic,15.04,Yearly,2023-04-23
S16114,2d6ae0a3-d,Basic,6.65,Yearly,2025-06-01
S16115,5ad82847-a,Premium,14.69,Monthly,2023-04-04
S16116,0146164d-4,Standard,7.2,Yearly,2022-10-26
S16117,2b13476c-e,Standard,3.69,Monthly,2024-04-20
S16118,e1143a3b-3,Basic,18.13,Yearly,2025-10-02
S16119,f2c26a8c-3,Standard,3.72,Yearly,2024-10-29
S16120,ab6e20ab-a,Premium,11.79,Yearly,2024-08-09
S16121,b89a494d-d,Premium,13.7,Yearly,2026-01-27
S16122,f71c24b1-1,Standard,8.08,Monthly,2022-08-20
S16123,e69626d3-1,Standard,,Monthly,2023-08-21
S16124,f7b4b555-d,Premium,5.67,Yearly,2021-07-09
S16125,d42c4969-5,Premium,,Monthly,2024-10-08
S16126,dbff280e-e,Basic,7.73,Yearly,2022-09-28
S16127,8a49e75c-d,Standard,22.62,Yearly,2022-06-05
S16128,a0c10cf8-3,Premium,19.95,Yearly,2022-12-21
S16129,4242710d-8,Basic,6.8,Monthly,2022-05-08
S16130,649d5c38-0,Premium,16.99,Monthly,2025-07-31
S16131,db225049-4,Basic,18.24,Monthly,2023-08-10
S16132,b6f0e9c2-3,Standard,24.21,Yearly,2023-06-30
S16133,56526d05-2,Basic,4.54,Yearly,
S16134,71bc603b-a,Standard,7.17,Monthly,2022-01-24
S16135,9789252a-7,Basic,14.78,Monthly,2024-10-11
S16136,b9d505ae-4,Premium,8.11,Monthly,2021-09-22
S16137,a9e7def9-6,Standard,17.9,Yearly,2024-08-25
S16138,d04bbda8-3,Standard,14.31,Monthly,2021-07-05
S16139,055c5be9-b,Premium,24.36,Monthly,
S16140,3a2a3343-d,Premium,20.11,Yearly,2021-05-16
S16141,433d73d5-f,Standard,19.08,Yearly,2024-09-07
S16142,0c327470-7,Standard,13.98,Monthly,2022-04-29
S16143,d22daf95-0,Premium,16.57,Monthly,2021-05-18
S16144,cee2441c-9,Standard,6.77,Monthly,2023-05-13
S16145,21f929df-6,Standard,6.6,Monthly,2025-08-06
S16146,646d0255-1,Basic,9.01,Yearly,2022-04-11
S16147,838337aa-d,Standard,18.76,Monthly,2022-04-14
S16148,29a6f41b-4,Basic,23.92,Yearly,2021-06-09
S16149,5395c3b3-b,Standard,23.03,Yearly,2024-01-17
S16150,cc3242c7-0,Basic,24.62,Monthly,2021-04-28
S16151,ef31ecb8-d,Premium,8.52,Monthly,2024-10-14
S16152,716d1fc2-8,Premium,3.3,Yearly,2025-07-13
S16153,5134f45e-d,Standard,18.9,Monthly,2025-03-16
S16154,bc732b46-b,Premium,20.87,Yearly,2023-07-28
S16155,12bfff95-4,Premium,16.57,Monthly,
S16156,1abc15ef-3,Premium,20.43,Yearly,2021-09-12
S16157,340b5dd9-9,Premium,8.55,Yearly,2024-03-23
S16158,8fd033a7-e,Basic,13.31,Monthly,2023-10-20
S16159,b7324b72-b,Basic,16.66,Monthly,2021-07-26
S16160,e35e0d0f-8,Premium,17.21,Monthly,2022-04-09
S16161,d7f1a0a8-f,premium,16.73,Monthly,2025-05-30
S16162,,Standard,18.62,Monthly,2022-04-06
S16163,2bdf6d9a-5,Basic,16.64,Monthly,2026-02-09
S16164,54e51325-7,Standard,16.51,Monthly,2022-08-28
S16165,6bed6415-d,Premium,10.22,Monthly,2022-07-07
S16166,05e16ae6-1,Basic,14.34,Monthly,2023-12-30
S16167,3250583b-c,Basic,,Monthly,2025-12-17
S16168,36003d04-e,Standard,13.54,Monthly,2024-06-08
S16169,dbb284eb-6,Standard,16.62,Yearly,2022-02-13
S16170,362e4514-0,Standard,7.56,Monthly,2025-11-06
S16171,021cd695-f,Basic,3.12,Monthly,2022-06-12
S16172,51b0a58f-4,Basic,8.11,Monthly,2026-01-01
S16173,b7dd91a7-4,Premium,7.75,Monthly,2021-11-20
S16174,59c00194-1,Basic,22.8,Monthly,2023-04-27
S16175,62d3bac5-9,Premium,5.11,Monthly,2025-10-20
S16176,fa6936ab-7,Basic,23.37,Yearly,2023-01-14
S16177,5808581c-9,Basic,18.03,Monthly,2021-07-01
S16178,d8a5faf3-2,Premium,7.72,Yearly,2023-04-28
S16179,ece70e06-a,Basic,4.94,Monthly,2021-10-03
S16180,edb6c6f7-0,Premium,12.55,Yearly,2025-07-19
S16181,546db795-7,Standard,11.55,Monthly,2025-02-09
S16182,a3cc639b-b,Standard,24.53,Yearly,2026-02-08
S16183,e70fee1f-6,Basic,11.92,Yearly,2021-11-13
S16184,933e06f2-5,Basic,5.33,Yearly,2023-06-19
S16185,569b8812-8,Standard,6.14,Monthly,2025-08-17
S16186,5686ae44-9,Standard,10.61,Monthly,2024-03-03
S16187,f3cfa875-7,Premium,6.87,Monthly,2023-03-08
S16188,d08caad7-1,Basic,11.16,Yearly,2021-11-15
S16189,ebc42a87-e,Basic,11.48,,2021-06-09
S16190,4bba384f-8,Premium,20.7,Yearly,2024-11-07
S16191,7e74211d-8,Standard,9.2,Yearly,2023-06-18
S16192,b8dfa64d-5,Premium,12.28,Monthly,2024-11-02
S16193,b4cc53d9-e,Premium,20.37,Monthly,2024-03-08
S16194,1b315e88-5,Standard,10.68,Monthly,2023-09-18
S16195,24c91f2e-d,Standard,23.65,Yearly,2024-12-01
S16196,ed13d13f-c,Standard,9.07,Yearly,2023-04-24
S16197,d72bcad4-6,Standard,14.85,Yearly,2022-01-20
S16198,1fbf0bd3-3,Premium,15.28,Monthly,2024-09-16
S16199,2966cdd7-6,Basic,21.87,Monthly,2025-03-19
S16200,d110454e-9,Basic,4.69,Monthly,2025-06-16
S16201,75a3b1c1-a,Premium,4.6,Yearly,2024-07-04
S16202,a44c7bad-d,Standard,9.6,Monthly,2024-03-28
S16203,5a618955-3,Standard,12.77,Yearly,2024-09-12
S16204,376865cf-5,Premium,16.2,Monthly,2024-03-12
S16205,cb23bd49-4,Standard,4.25,Monthly,2025-05-06
S16206,697040a4-1,Premium,24.36,Yearly,2021-11-24
S16207,2469ba22-0,Premium,22.78,Monthly,2023-12-02
S16208,31503fd2-4,Basic,4.79,Monthly,2023-09-05
S16209,20241e73-9,Premium,15.66,,2022-01-16
S16210,b45a3610-c,Basic,10.05,Monthly,2022-08-30
S16211,f8899b8e-1,,18.63,Yearly,2025-12-30
S16212,0753e933-e,,16.28,Monthly,2021-06-02
S16213,663790df-4,Standard,12.38,Yearly,2023-08-25
S16214,5fc84d33-5,Standard,9.99,Monthly,2022-12-03
S16215,7bcf1952-2,Standard,8.87,Monthly,2025-11-16
S16216,b060dcee-2,Basic,12.43,,2023-07-09
S16217,8b1259e0-1,Basic,24.79,Monthly,2026-01-09
S16218,4cbb1c60-8,Standard,18.15,Yearly,2021-06-18
S16219,98a7a103-6,Standard,20.71,Yearly,2023-08-17
S16220,cba9a5d1-e,Premium,13.49,Yearly,2024-11-09
S16221,de5698bf-c,Standard,4.47,Monthly,2024-01-17
S16222,de0149fc-2,Premium,6.23,Yearly,2023-07-18
S16223,330eb0c9-9,Premium,13.07,Monthly,2023-12-12
S16224,5a7793bd-e,Basic,22.4,Yearly,2022-08-14
S16225,211cf89e-0,Basic,13.92,Monthly,2025-07-13
S16226,af266c9f-d,Premium,6.31,Yearly,2022-01-17
S16227,67b41121-e,Standard,10.47,Monthly,2025-02-18
S16228,536271a6-c,Basic,9.18,Yearly,2022-03-12
S16229,bd8b1ea9-b,Standard,15.95,Monthly,2024-02-24
S16230,d043a916-c,Basic,17.59,Monthly,2023-06-21
S16231,8f9c61f1-9,Premium,10.71,Monthly,2022-08-09
S16232,fbbda83b-1,Standard,15.83,Monthly,2021-10-27
S16233,d22d068f-3,Standard,19.82,Monthly,2024-07-14
S16234,54179026-3,Standard,13.54,Monthly,2026-01-17
S16235,0f435d23-b,Standard,10.78,Yearly,2024-03-05
S16236,f353cc22-5,,16.71,Monthly,2023-09-01
S16237,f396f70c-1,Standard,24.02,monthly,2026-01-23
S16238,b228d5a5-4,Standard,16.25,Monthly,2025-08-23
S16239,a70066a5-6,Premium,21.75,Monthly,2021-12-23
S16240,c46fcb88-4,Basic,13.03,Yearly,2024-12-21
S16241,b1e42a9d-3,Premium,14.47,Yearly,2024-08-26
S16242,,Premium,14.56,Yearly,2023-09-07
S16243,2e99a6d6-8,Basic,4.52,Yearly,2024-03-06
S16244,159d3526-9,Standard,19.29,Monthly,2023-06-07
S16245,06bc7b8e-b,Basic,,Yearly,2024-01-16
S16246,22b20631-a,Standard,17.57,Monthly,2022-09-01
S16247,0744965b-0,Premium,8.45,Monthly,2021-12-27
S16248,1b4ef432-d,Standard,5.52,Yearly,2021-08-29
S16249,ffb1dd45-b,Basic,10.26,Monthly,2024-11-09
S16250,aa9a2519-8,Basic,18.54,Monthly,2021-12-20
S16251,329ebd38-3,Basic,12.89,Yearly,2022-07-26
S16252,29a28354-c,Premium,21.7,Yearly,2025-12-18
S16253,0c66e8ac-d,Premium,16.43,Yearly,2021-10-18
S16254,35236f0f-3,Basic,15.95,Monthly,2025-11-09
S16255,9149c041-a,Premium,16.4,Yearly,2025-01-08
S16256,f1c2038c-d,Premium,3.87,Yearly,2024-05-18
S16257,10ad085b-1,Premium,8.01,Monthly,2022-06-13
S16258,226b9609-c,Standard,19.8,Yearly,2023-06-29
S16259,f821ecd3-e,Standard,12.02,Yearly,2023-09-21
S16260,1ed439d5-2,Basic,10.93,Monthly,2021-10-15
S16261,8f5aae9a-9,Standard,5.38,Monthly,2024-10-12
S16262,26e08407-6,Premium,7.06,Yearly,2023-07-10
S16263,6cfbe91d-7,Basic,13.58,Monthly,2022-01-15
S16264,d68068cf-9,Standard,5.47,Monthly,2024-12-08
S16265,9cdf0815-c,Standard,8.51,Monthly,2023-03-16
S16266,a6b301a5-c,Premium,13.22,Yearly,2025-01-30
S16267,a7f8cad5-6,Premium,4.99,Monthly,2025-03-06
S16268,fb85b957-6,Standard,,Monthly,2022-06-21
S16269,a029db54-5,Standard,14.44,Monthly,2024-11-24
S16270,d004d1d4-5,Standard,6.4,Monthly,2024-02-09
S16271,f25473e3-2,Premium,11.44,Monthly,2025-10-12
S16272,04fa9524-3,Standard,7.79,Monthly,2022-12-31
S16273,7f5ee65a-6,Premium,19.56,Monthly,2022-07-18
S16274,cefebbe1-9,Premium,9.02,Yearly,2024-05-18
S16275,1c9cd5e8-f,Standard,23.49,Yearly,2023-09-16
S16276,e1b76be9-2,Standard,18.45,Monthly,2023-05-19
S16277,1783c277-3,Standard,4.32,Yearly,2022-02-25
S16278,7e357f1d-c,Premium,16.06,Yearly,2022-08-24
S16279,19a76dc7-a,Premium,8.98,Yearly,2022-05-04
S16280,de038a08-7,Basic,17.78,Monthly,2025-09-17
S16281,d7bbdba0-5,Premium,17.8,Monthly,2024-03-23
S16282,3da045eb-b,Premium,22.54,Yearly,2024-03-27
S16283,1ce6b188-8,Premium,19.25,Yearly,2024-02-18
S16284,afbb0466-3,Premium,9.46,Monthly,2021-09-04
S16285,0f86d221-d,Basic,16.6,Monthly,2021-03-02
S16286,c5158bc4-b,Basic,10.57,Monthly,2023-10-05
S16287,76923ad1-e,Basic,7.58,Monthly,2022-02-12
S16288,be233ba0-6,Premium,7.08,Monthly,2023-10-08
S16289,1d3a1511-e,Standard,22.63,Yearly,2021-08-08
S16290,d46db8b2-7,Premium,13.0,Yearly,2021-09-16
S16291,f681a327-8,Basic,6.19,Monthly,2024-01-05
S16292,b6a1d8ff-7,Premium,3.94,Monthly,2025-09-03
S16293,ba547c7f-c,Premium,23.74,Monthly,2022-07-13
S16294,aa1f8af3-e,Standard,19.63,Yearly,2023-03-08
S16295,68ebf387-3,Basic,21.9,Monthly,2025-11-09
S16296,655077be-a,Standard,13.92,Yearly,2022-05-12
S16297,28e86533-9,Standard,14.02,Yearly,2023-02-28
S16298,cceb3d3b-e,Premium,14.37,Yearly,2021-10-17
S16299,4157f3f7-d,Basic,23.72,Monthly,2025-10-02
S16300,a30eb297-6,Basic,20.91,Monthly,2021-03-29
S16301,20fd47ae-0,Premium,4.17,Yearly,2025-01-31
S16302,d4eb56aa-b,Premium,24.98,Monthly,2024-01-17
S16303,37a332a9-c,Standard,16.46,Monthly,2024-08-03
S16304,68203aac-8,Basic,11.53,Yearly,2024-10-10
S16305,579c7716-d,Basic ,17.95,Yearly,2023-08-12
S16306,088ae1b5-e,Standard,23.1,Monthly,2021-05-07
S16307,dc89954a-3,Standard,11.26,Monthly,2021-11-20
S16308,56d70f02-c,Standard,13.81,Monthly,2025-06-26
S16309,9968792b-9,Standard,9.93,Monthly,2025-06-05
S16310,1b7e47ae-e,Standard,23.15,Monthly,2022-11-12
S16311,fdf1a405-d,Standard,14.79,Monthly,2024-02-07
S16312,12794bf8-8,Premium,5.54,Monthly,2023-07-09
S16313,63d16828-4,Basic,19.35,Yearly,2022-07-11
S16314,f0c4f3fd-f,Basic,17.65,Yearly,2023-12-01
S16315,f955095c-f,Standard,4.59,Yearly,2025-04-03
S16316,,Premium,4.98,Monthly,2024-08-17
S16317,15e02dd1-4,Standard,9.4,Monthly,2024-03-16
S16318,5c3ffd3b-d,Standard,7.4,Yearly,2025-02-19
S16319,fdd9b87c-f,Standard,23.86,Monthly,2023-06-12
S16320,cd0b3b37-a,Standard,16.0,Monthly,2022-02-11
S16321,69d2411c-7,Standard,16.14,Yearly,2023-04-21
S16322,fa4fc4d7-1,Basic,,Yearly,2023-10-02
S16323,ebae3ec4-3,Basic,22.9,Monthly,2022-08-13
S16324,a8fd7fdb-7,Premium,7.83,Monthly,2022-04-07
S16325,2f0faedb-9,Premium,15.45,Yearly,2024-07-22
S16326,af2fb8a5-f,Standard,12.77,Yearly,2024-09-21
S16327,f594253e-0,Standard,24.98,Monthly,2021-03-27
S16328,cd3b5598-1,Basic,24.67,Yearly,2024-06-26
S16329,afa33049-0,Standard,12.07,Yearly,2025-09-26
S16330,8f1d120d-c,Premium,10.77,Monthly,2022-05-15
S16331,8d565ec5-4,Basic,3.6,Monthly,2023-01-18
S16332,87e3327e-a,Premium,16.47,Monthly,2025-10-24
S16333,6226ebc6-8,Standard,17.39,Monthly,2022-09-01
S16334,c487c3b7-7,Premium,19.56,Monthly,2025-09-16
S16335,622cbcaa-2,Basic,19.86,Monthly,2021-12-07
S16336,73649fb0-4,Basic,20.69,Monthly,2022-07-19
S16337,6e9857bb-1,Basic,17.31,Yearly,2023-09-30
S16338,cc3d2415-1,Premium,14.2,Monthly,2021-09-06
S16339,dfbb9064-f,Basic,24.48,Monthly,2025-11-02
S16340,110fb994-8,Standard,10.35,Monthly,2022-04-23
S16341,3e3cd132-a,Basic,5.66,Monthly,2021-05-12
S16342,a0a7d581-0,Basic,14.43,Yearly,2022-10-05
S16343,4b54b222-3,Standard,7.57,Yearly,2022-11-07
S16344,82c4bbcf-5,Standard,21.33,Yearly,2022-06-30
S16345,fb96ac55-b,Basic,18.52,Yearly,2023-04-18
S16346,e5fa71b1-e,Basic,6.37,Yearly,2022-04-29
S16347,15e9240e-a,Standard,15.35,Yearly,2025-01-11
S16348,e73b5f15-a,Premium,9.54,Yearly,2026-01-04
S16349,9d397292-3,Premium,18.89,Yearly,2021-09-07
S16350,d3f221d0-0,Standard,24.18,Yearly,2024-10-31
S16351,a45c1f8f-d,Standard,6.29,Yearly,2021-05-01
S16352,df8f4a5a-f,Premium,23.32,Yearly,2023-09-15
S16353,fc002b72-7,Standard,4.41,Monthly,2023-12-18
S16354,1e6b2b9e-1,standard,21.33,Monthly,2022-10-26
S16355,6cd9a34f-3,Standard,9.51,Monthly,2022-05-01
S16356,301519b3-6,Standard,9.17,Yearly,2022-11-17
S16357,1220cb21-e,Basic,7.93,Yearly,2024-04-21
S16358,6fc27f91-e,Standard,19.36,Yearly,2024-04-16
S16359,d9799506-b,Premium,7.28,Monthly,2025-03-31
S16360,e76932ee-2,Basic,6.76,Yearly,2021-02-09
S16361,ba5e6c5d-e,Standard,13.64,Yearly,2024-11-27
S16362,e3bd2c97-2,Basic,22.33,Monthly,2022-01-22
S16363,8a22c0e1-f,Basic,5.31,Monthly,2023-01-21
S16364,d55a63e3-0,Standard,3.03,Yearly,2022-03-07
S16365,5991179a-9,Premium,22.5,Monthly,2024-10-27
S16366,5b37283a-8,Basic,23.95,Monthly,2024-06-18
S16367,4e194175-6,Premium,4.07,Monthly,2021-10-05
S16368,4128fc33-e,Premium,6.18,Monthly,2021-07-12
S16369,33851d3a-3,Standard,10.97,Monthly ,2025-02-26
S16370,03f51609-0,,22.27,Yearly,2023-11-18
S16371,d260110c-1,Standard,18.98,Monthly,2024-04-27
S16372,5134785a-8,Standard,12.6,Monthly,2025-07-11
S16373,f5d5cf90-4,Basic,5.33,Monthly,2021-08-24
S16374,5ca49eae-4,Standard,13.02,Monthly,2025-05-13
S16375,bdbc8a8d-f,Basic,19.4,Monthly,2021-09-12
S16376,6935d676-3,Basic,14.57,Monthly,2023-11-26
S16377,5fe2583c-4,Basic,21.54,Yearly,2025-11-10
S16378,e2d40c64-4,Premium,20.1,Monthly,2022-05-06
S16379,9b11e4af-8,Premium,15.39,Yearly,2024-07-13
S16380,617a7165-1,Premium,23.81,,2024-11-25
S16381,f34ae240-2,Premium,9.74,Yearly,2022-01-05
S16382,4a9a4d5c-9,Basic,8.64,Yearly,2024-01-21
S16383,07accfef-a,Standard,12.68,Monthly,2025-11-23
S16384,d1466cbc-1,Standard,,Yearly,2025-04-15
S16385,ad18a38d-8,Standard,3.04,Monthly,2021-07-26
S16386,8522c157-f,Premium,5.65,Yearly,2022-05-10
S16387,6eb40bce-d,Premium,11.64,Monthly,2023-12-23
S16388,5d30fcaf-1,Basic,14.6,Yearly,2025-01-26
S16389,8b1660cd-3,Premium,16.0,Yearly,2023-12-24
S16390,587f3743-3,Premium,12.54,Yearly,2021-07-24
S16391,f6fa484d-7,Premium,9.43,Monthly,2026-01-12
S16392,4be9c8ff-9,Premium,3.31,Yearly,2021-11-03
S16393,cf67c579-2,Premium,14.83,yearly,2024-09-19
S16394,690c616f-d,Standard,24.11,Y3arly,2023-02-14
S16395,d6f7a37a-8,Premium,16.26,Yearly,2022-11-30
S16396,80febf3b-f,Standard,17.72,Yearly,2023-03-25
S16397,15c385d9-4,Basic,6.94,Monthly,2025-07-08
S16398,7377269a-9,Basic,9.83,Yearly,2024-09-10
S16399,ff5a2562-4,Standard,16.62,Yearly,2022-04-17
S16400,5ecc2f1e-7,Basic,4.03,Yearly,2025-12-28
S16401,ef0644eb-8,Basic,17.91,Monthly,2022-08-07
S16402,e099f58a-0,Standard,3.28,Yearly,2023-09-05
S16403,6f18476c-8,Basic,24.79,Yearly,2024-04-06
S16404,cf8ae5ef-3,Basic,18.88,Monthly,2024-06-26
S16405,23e97b8a-2,Standard,23.15,Yearly,2025-10-02
S16406,f042ecc3-a,Basic,16.16,Monthly,2024-04-26
S16407,e0ba69f8-7,Basic,3.86,Monthly,2024-09-29
S16408,07c25906-c,Premium,21.42,Monthly,2025-10-26
S16409,64507294-3,Premium,12.22,Yearly,2023-10-13
S16410,e2628cbe-4,Standard,12.45,Yearly,2025-07-08
S16411,0ef27af1-1,Basic,18.33,Yearly,2023-10-27
S16412,09480918-6,Premium,8.47,Yearly,2024-12-05
S16413,a7621d67-c,Premium,24.22,Monthly,2022-12-17
S16414,b53ff316-f,Premium,24.93,Monthly,2023-01-28
S16415,89f2a352-8,Basic,10.95,Yearly,2021-07-07
S16416,4f71281b-a,Basic,16.57,Yearly,2025-01-17
S16417,d496bf7c-8,Standard,3.44,Yearly,2022-04-03
S16418,ea5b4faa-4,Basic,6.81,Yearly,2024-10-30
S16419,1444b253-5,Standard,19.27,Monthly,2023-06-03
S16420,889ccc48-3,Standard,6.68,Monthly,2021-12-06
S16421,bb927cf7-a,Basic,12.35,Monthly,2024-06-09
S16422,f7221039-5,Standard,18.15,Monthly,2021-10-08
S16423,e1c862a0-c,Premium,18.02,Yearly,2025-03-04
S16424,750cefc3-2,Basic,15.74,Monthly,2024-07-23
S16425,8211d956-a,,5.62,Yearly,2025-10-03
S16426,a3d74913-8,Premium,22.88,Monthly,2023-12-26
S16427,134c829a-f,Premium,19.58,Yearly,2022-04-07
S16428,8847300e-7,Premium,10.44,Monthly,2022-05-06
S16429,d56c9053-0,Standard,20.43,Monthly,2024-11-25
S16430,e0be750e-3,Basic,20.08,Yearly,2022-06-04
S16431,0cf2d8b5-2,Basic,16.35,Yearly,2025-12-26
S16432,2ef9d631-3,Basic,12.06,Monthly,2022-07-18
S16433,29632feb-9,Standard,18.17,Yearly,2022-07-29
S16434,584ad77f-7,Standard,11.37,Monthly,2022-04-22
S16435,ec3f8669-c,Basic,15.96,Yearly,2023-07-08
S16436,08386780-f,Basic,11.75,Monthly,2023-09-27
S16437,e61f67fa-d,Basic,19.46,Yearly,2024-02-02
S16438,13c47daf-4,Standard,23.47,Yearly,2022-09-10
S16439,6bd49f12-1,Basic,12.83,Yearly,2024-06-19
S16440,d5404732-e,Basic,3.15,Yearly,2021-05-26
S16441,3942ba72-5,Basic,20.88,Monthly,2025-12-08
S16442,3de71a46-6,Basic,4.48,Monthly,2022-07-15
S16443,1e9a263a-a,Basic,4.22,Monthly,2021-09-25
S16444,938c488e-6,Standard,12.16,Monthly,2022-11-10
S16445,7fbf2586-3,Standard,12.17,Monthly,2024-11-01
S16446,061560de-b,Basic,9.41,Yearly,2022-07-31
S16447,2b394b21-7,Premium,23.5,Monthly,2024-10-07
S16448,0f273eb5-9,Basic,4.12,Monthly,2025-07-05
S16449,a616422f-d,Standard,,Yearly,2024-02-23
S16450,d060fb0d-f,Basic,3.34,Yearly,2023-06-12
S16451,278cdc40-7,Standard,15.09,Yearly,2023-04-27
S16452,2728c7fa-8,Standard,8.65,Monthly,2024-02-25
S16453,1eefa3eb-a,Premium,21.09,Yearly,2023-07-04
S16454,71f0b3b1-4,Standard,20.8,Monthly,2025-07-22
S16455,82e63133-d,Basic,14.42,Yearly,2025-11-02
S16456,5d3f42b5-7,Standard,12.59,Monthly,2021-05-03
S16457,41924861-1,Basic,7.33,Yearly,2023-09-21
S16458,06f37817-0,Standard,8.71,Monthly,2021-10-14
S16459,59daa1c7-b,Basic,16.49,Yearly,2025-05-19
S16460,c59ba0da-5,Basic,8.32,Yearly,2021-07-07
S16461,7fcb32d5-4,Premium,15.36,Monthly,2022-03-17
S16462,66dad562-f,Standard,10.76,Yearly,2024-11-11
S16463,8e856c9e-7,Standard,8.08,Monthly,2025-04-08
S16464,e5b717b3-f,Basic,8.26,Monthly,2025-08-19
S16465,6cbd3989-5,Basic,15.52,Yearly,2024-08-16
S16466,65f1b1d4-6,Standard,10.7,Yearly,2021-12-28
S16467,45ac9fee-8,Basic,3.84,Monthly,2025-11-13
S16468,c7a090b4-7,Premium,9.89,Monthly,
S16469,0014a0dd-b,Premium,11.0,Yearly,2024-10-24
S16470,30c14dd2-8,Standard,7.75,Yearly,2025-05-10
S16471,c9ab9deb-b,Standard,5.42,Monthly,2024-03-08
S16472,ac299438-c,Premium,15.88,Monthly,2022-08-12
S16473,8d1e18b3-8,basic,16.69,Monthly,2021-10-23
S16474,3388482b-5,Premium,14.88,Yearly,2021-02-26
S16475,49852b9e-3,Premium,4.02,Monthly,2025-07-04
S16476,,Premium,4.5,Yearly,2021-04-30
S16477,8d85a046-0,Premium,12.55,Yearly,2021-06-04
S16478,21bedfb4-7,Standard,10.92,Monthly,2024-12-28
S16479,c6dcfced-0,Premium,23.73,Monthly,2023-04-30
S16480,301b0564-9,Basic,19.23,Monthly,2022-03-09
S16481,56559918-d,Basic,21.95,Monthly,2026-02-03
S16482,6cad77e5-b,Premium,20.83,Monthly,2021-07-21
S16483,14270485-0,Basic,5.38,Yearly,2023-10-27
S16484,ea20302f-a,Basic,5.35,Yearly,2021-11-08
S16485,f0ec7171-9,Premium,3.1,Yearly,2021-12-25
S16486,f9fd184a-c,Standard,21.19,Monthly,2023-03-05
S16487,fb6f3de6-3,Standard,5.33,Monthly,2021-07-04
S16488,51b7ba8f-6,Premium,16.73,Yearly,2025-10-03
S16489,70bdad0c-a,Premium,13.44,Monthly,2022-03-11
S16490,e2249303-8,Premium,14.97,Monthly,2024-03-20
S16491,bc00c5ba-d,Standard,22.89,Monthly,2021-03-26
S16492,652b8524-d ,Basic,22.68,Yearly,2024-06-28
S16493,,Standard,13.77,Yearly,2024-09-17
S16494,d37a6142-5,Standard,22.38,Yearly,2024-08-27
S16495,13e3b098-7,Basic,23.48,Yearly,2022-04-21
S16496,5789e696-6,Basic,23.79,Monthly,2022-07-08
S16497,69bb0633-3,Premium,12.7,Yearly,2023-05-10
S16498,92c31120-3,Basic,4.69,Yearly,2023-08-13
S16499,6b984694-c,Basic,24.13,Monthly,2025-05-19
S16500,884fdcbe-b,Standard,16.08,Yearly,2021-09-09
S16501,368e23c1-b,Premium,7.39,Monthly,2022-06-07
S16502,7cf1f7e0-d,Standard,19.41,Monthly,2021-02-26
S16503,464be305-6,Basic,5.12,Yearly,2025-06-08
S16504,8a9032d8-7,Standard,6.98,Yearly,2021-06-15
S16505,61b50136-3,Premium,19.04,Monthly,2022-05-07
S16506,4de48485-1,Basic,19.51,Yearly,2021-09-30
S16507,7060eb07-d,Premium,24.49,Yearly,2021-03-26
S16508,ec36db95-b,,6.66,Yearly,2021-08-12
S16509,73b7a805-e,Basic,22.85,Monthly,2024-07-26
S16510,2db2c39c-7,Premium,16.42,Monthly,2024-09-21
S16511,ba3b1c74-8,Standard,13.5,Yearly,2024-08-30
S16512,a634c87b-b,Basic,7.55,Monthly,2023-08-01
S16513,eb8342e8-7,Basic,5.27,Yearly,2023-07-21
S16514,23a79380-e,Premium,13.89,Monthly,2022-03-14
S16515,2f8a683b-a,Basic,21.54,Yearly,2022-04-28
S16516,0648ce0f-0,Premium,12.86,Monthly,2024-04-27
S16517,46b73258-4,Standard,14.07,Yearly,2025-12-11
S16518,b6be709c-a,Standard,8.46,Monthly,2024-11-03
S16519,ee24b687-7,Premium,24.89,Yearly,2024-12-03
S16520,e3846b12-1,Premium,8.15,Yearly,2024-05-26
S16521,b57ab7c2-3,Basic,5.81,Monthly,2026-01-09
S16522,633a17e3-7,Premium,19.71,Yearly,2025-12-05
S16523,080382cc-7,Basic,5.81,Yearly,2022-02-21
S16524,de93786b-5,Standard,20.7,Monthly,2023-04-26
S16525,2766aa9f-d,Standard,18.06,Monthly,2022-02-12
S16526,5765b506-a,Premium,17.25,Yearly,2021-10-08
S16527,a60f3b3b-3,Premium,15.85,Monthly,2023-09-15
S16528,dbae8394-f,Premium,13.09,Yearly,2023-05-01
S16529,6b2e229e-e,,15.17,Yearly,2025-02-21
S16530,02a9aa5c-8,Basic,6.8,Monthly,2022-02-07
S16531,0444a51b-9,Standard,,Monthly,2023-04-22
S16532,096b014c-3,Standard,11.98,Monthly,2024-11-26
S16533,80224410-a,Basic,6.83,Monthly,2025-08-30
S16534,abaa0344-e,Basic ,6.8,Monthly,2025-03-02
S16535,43226244-5,Basic,18.94,Monthly,2025-01-22
S16536,3bc7ec8a-9,Premium,18.76,Yearly,2022-04-01
S16537,f5f02088-c,Basic,4.23,Monthly,2021-07-17
S16538,e1f81ca3-2,Standard,23.07,Yearly,2025-04-17
S16539,27e9853f-b,Premium,4.85,Yearly,2021-07-06
S16540,8016dcde-2,Standard,6.72,Monthly,2022-01-05
S16541,6d7e36ff-b,Basic,18.35,Monthly,2024-05-16
S16542,8623638b-0,,13.39,Monthly,2023-04-29
S16543,1ed3257b-0,Premium,8.6,monthly,2021-02-26
S16544,5450a8e1-0,Premium,22.47,Monthly,2021-05-12
S16545,19cec69e-a,Basic,16.64,Monthly,2024-07-18
S16546,37ba8315-5,Basic,18.09,Monthly,2022-05-28
S16547,e1fd4abe-1,Standard,24.12,Yearly,2024-10-02
S16548,971cd359-a,Premium,13.46,Monthly,2023-06-06
S16549,dbfadd63-0,Standard,24.6,Yearly,2022-03-27
S16550,55e255c8-8,Basic,8.7,Monthly,2024-07-04
S16551,27be96f9-f,Basic,5.8,Yearly,2024-04-20
S16552,99fe9e0f-7,Basic,14.18,Monthly,2022-01-19
S16553,79880637-5,Standard,21.04,Yearly,2022-05-26
S16554,5c156d44-3,Basic,7.26,Yearly,2024-01-04
S16555,eaab4c96-e,Standard,9.61,Monthly,2023-03-10
S16556,699f7d57-a,Basic,7.29,Monthly,2021-08-05
S16557,8b10918f-a,Basic,19.75,Monthly,2022-11-08
S16558,4e310ec3-5,Basic,10.36,Monthly,2026-01-27
S16559,36091883-d,Basic,7.72,Yearly,2025-05-24
S16560,9b108628-6,Premium,14.93,Yearly,2024-08-19
S16561,116811da-0,Basic,,Yearly,2022-12-10
S16562,dce0242a-f,Standard,23.25,Monthly,2025-04-23
S16563,db56cdb4-7,Basic,16.74,Yearly,2025-07-05
S16564,392a0ffc-4,Basic,11.46,Monthly,2021-09-21
S16565,40e9ab3c-7,Standard,7.06,Monthly,2024-01-04
S16566,48e004ee-a,Basic,15.76,Yearly,2022-02-19
S16567,de71f3a3-2,Standard,23.12,Monthly,2022-04-26
S16568,acabbb7a-6,Basic,5.27,Yearly,2024-08-27
S16569,fbc79861-3,Standard,8.64,Monthly,2024-09-30
S16570,daebb1ab-e,Basic,13.36,Monthly,2023-03-01
S16571,fd9efb29-9,Premium,,Monthly,2023-02-23
S16572,b53732ba-1,Standard,8.1,Yearly,2025-03-13
S16573,bebd3d85-7,Standard,,Yearly,2022-08-30
S16574,ef88886a-e,Premium,3.11,Yearly,2024-10-12
S16575,767d38bd-c,Premium,24.33,Monthly,2024-07-19
S16576,d6bb9187-8,Basic,,Yearly,2021-08-17
S16577,433d7b7b-6,Standard,10.85,Yearly,2021-11-03
S16578,dcb40dbf-0,Premium,7.58,Monthly,2023-09-11
S16579,d6ca079e-6,Basic,16.97,Monthly,2023-12-02
S16580,3e2049b8-3,Standard ,9.86,Yearly,2024-04-21
S16581,d3c9510b-3,Standard,23.04,Monthly,2022-03-21
S16582,e163a39d-b,Premium,15.15,Yearly,2022-05-26
S16583,c64ebaf5-3,Basic,17.97,Yearly,2021-09-15
S16584,aa006176-d,,7.5,Yearly,2021-09-14
S16585,864a0767-2,Premium,8.69,Yearly,2022-12-07
S16586,ae589b91-8,Basic,20.77,Monthly,2025-05-05
S16587,cce156cb-5,Standard,7.56,Monthly,2021-05-13
S16588,6a4c383e-9,Standard,21.86,Monthly,2025-02-07
S16589,f47cf8c7-f,Standard,14.45,Monthly,2021-07-29
S16590,ed3d9a81-b,Standard,3.15,Yearly,2025-02-27
S16591,74609a3a-3,Basic ,5.12,Yearly,2025-09-22
S16592,eab969cf-5,Standard,4.11,Monthly,2024-09-30
S16593,4cd98c6c-e,,5.42,Yearly,2025-09-30
S16594,c3584fa2-6,Standard,13.56,Monthly,2024-06-30
S16595,e6f57c57-c,Basic,6.09,Yearly,2023-07-31
S16596,ea6f6878-1,Basic,20.49,Monthly,2025-05-31
S16597,c82fc913-0,Pr3mium,7.55,Monthly,2023-07-26
S16598,19369742-5,Premium,16.79,Monthly,2025-07-03
S16599,7d3a59e9-9,Basic,6.01,Yearly,2021-04-22
S16600,c959bf70-7,Standard,12.27,Yearly,2022-12-21
S16601,87463d6f-0,Basic,4.23,Yearly,2023-02-13
S16602,9bfb0ccd-c,Standard,5.79,Monthly,2025-11-03
S16603,25ec0a4a-c,Standard,24.72,Yearly,2021-05-26
S16604,c52eb4fa-1,Premium,19.72,Monthly,2024-02-10
S16605,96ced821-7,Basic,21.08,Monthly,2022-05-17
S16606,fb7980d9-9,Basic,4.63,Monthly,2021-03-30
S16607,df356aa5-7,Premium,11.59,Yearly,2025-03-26
S16608,af10b6a0-9,Premium,11.35,Yearly,2022-02-25
S16609,d9dcdc9a-1,Basic,8.69,Yearly,2022-07-23
S16610,d22337de-f,Standard,4.61,Yearly,2021-06-22
S16611,2287aa10-c,Standard,13.29,Yearly,2023-07-16
S16612,00d1068f-8,Premium,17.56,Yearly,2023-02-20
S16613,09645b2e-0,Basic,14.66,Monthly,2021-09-29
S16614,50315bdb-6,Premium,16.57,Monthly,2021-08-07
S16615,55b114f2-8,Premium,22.17,Yearly,2025-11-02
S16616,00d963a6-9,Standard,4.42,Monthly,2025-05-22
S16617,bbfff791-7,Standard,12.98,Yearly,2021-06-07
S16618,73203d90-5,Basic,6.57,Yearly,2023-01-25
S16619,edbc31d4-1,Premium,19.93,Yearly,2022-08-11
S16620,f55a672d-7,Basic,5.99,Yearly,2022-05-10
S16621,22662a80-6,Premium,7.77,Yearly,2022-09-01
S16622,52aa0d7d-0,Standard,15.73,Yearly,2024-10-14
S16623,952ea6f3-4,Premium,8.9,Monthly,2023-08-25
S16624,9739716c-b,Premium,8.16,Monthly,2024-09-30
S16625,1162095e-4,Premium,3.02,Yearly,2022-12-17
S16626,1a07e3eb-d,Premium,20.07,Yearly,2023-06-29
S16627,36af8ccb-8,Premium,14.05,Yearly,2024-04-13
S16628,ea4a8443-e,Standard,6.05,Monthly,
S16629,1f31e039-9,Standard,23.72,Monthly,2021-09-18
S16630,34e70aba-5,Basic,18.14,Monthly,2024-09-08
S16631,7b2e7e5d-3,Standard,5.69,Yearly,2023-03-03
S16632,ecd9cf98-6,Standard,11.05,Yearly,2025-07-06
S16633,d3aed83a-2,Standard,9.09,monthly,2025-04-10
S16634,8adeca0a-c,Basic,22.17,Monthly,2022-04-23
S16635,d61ace18-1,Premium,13.01,Monthly,2023-04-20
S16636,25a7a23e-6,Standard,10.85,Monthly,2025-03-17
S16637,21154133-6,Premium,10.78,Yearly,2022-05-18
S16638,f1424164-2,Standard,22.82,Monthly,2025-05-12
S16639,3be776f7-4 ,Premium,9.42,Monthly,2026-01-13
S16640,480f679f-1,Basic,20.62,Monthly,2026-01-19
S16641,7092b7ac-7,,23.18,Yearly,2022-05-18
S16642,c7327f27-5,Basic,3.88,Yearly,2022-05-13
S16643,04f789c3-b,Basic,15.22,Monthly,2023-07-29
S16644,09c7694a-c,Standard,22.89,Yearly,2025-07-03
S16645,a2ce86c0-3,Basic,8.96,Monthly,2021-09-25
S16646,4fad5eef-1,Basic,8.5,Monthly,2023-06-12
S16647,5e12773e-5,Standard,11.39,Yearly,2023-08-30
S16648,8ec643c1-f,Premium,14.7,Yearly,2024-03-19
S16649,a3c4876a-1,Standard,5.17,Monthly,2022-11-27
S16650,ae35a1a1-c,Premium,4.54,Yearly,2025-10-25
S16651,226e3dc1-c,Standard,3.71,Yearly,2024-09-12
S16652,3c50c94d-3,Basic,15.79,Monthly,2022-03-31
S16653,b1342f28-7,Standard,15.75,Monthly,2025-03-24
S16654,3cfe0001-8,Premium,14.58,Yearly,2022-12-30
S16655,d694842b-e,Premium,16.72,Yearly,2022-08-18
S16656,74e43d20-9,Basic,10.19,Monthly,2021-02-26
S16657,afc906d5-b,Basic,17.53,Monthly,2023-05-21
S16658,123e85ac-1,Standard,22.29,Yearly,2022-06-14
S16659,6a50dbdf-3,,7.11,Yearly,2025-09-16
S16660,7658ac81-8,Standard,14.66,Monthly,2024-10-16
S16661,95729d5a-c,Basic,15.2,Yearly,2025-12-31
S16662,92979fd0-6,Premium,14.07,Yearly,2021-09-26
S16663,208f6619-0,Basic,12.83,Monthly,2024-04-02
S16664,69c12745-a,,22.88,Yearly,2024-08-06
S16665,0e425ac4-8,Standard,22.21,Yearly,2021-11-04
S16666,03c2f49b-4,Premium,20.04,Yearly,2023-12-17
S16667,38fe4172-e,Premium,5.84,Yearly,2025-12-29
S16668,5675928f-a,Basic,3.49,Monthly,2025-06-25
S16669,47b80ea0-f,Standard,6.76,Yearly,2022-10-06
S16670,2af6ad55-a,Standard,16.14,Monthly,2024-09-25
S16671,f4fffc4b-f,Basic,19.83,Monthly,2026-02-07
S16672,3512131f-2,,18.81,Yearly,2022-02-05
S16673,b124b0ec-1,Premium,7.02,Yearly,2025-11-08
S16674,814ede90-2,Standard,20.71,Yearly,2025-12-30
S16675,8b27975f-9 ,Premium,15.42,Yearly,2025-11-15
S16676,c1e4e100-c,Basic,6.11,Monthly,2022-04-18
S16677,a04a4d5b-9,Basic,4.19,Monthly,2022-12-25
S16678,4efdc63e-3,Standard,21.17,Monthly,2022-06-08
S16679,fe68bb88-2,Premium,17.38,Monthly,2021-11-08
S16680,cba1eea6-5,Premium,8.66,Yearly,2021-11-28
S16681,b9b55d38-1,Premium,17.59,Monthly,2024-06-13
S16682,67ec8c93-e,Premium,17.64,Yearly,2021-08-27
S16683,d1013c9f-9,Premium,13.96,Monthly,2022-05-29
S16684,20a65b50-3,Premium,3.21,Monthly,2025-08-16
S16685,e3ec97f8-c,Basic,21.43,Yearly,2022-02-15
S16686,722a8c1e-3,Standard,8.26,Monthly,2023-12-17
S16687,b625cc5c-f,Standard,8.05,Monthly,2024-02-11
S16688,3d06406c-6,Basic,16.03,Monthly,2021-04-03
S16689,61d391ba-4,Basic,10.25,Monthly,2022-04-29
S16690,fe286ce1-7,Standard,3.14,Monthly,2024-08-07
S16691,7d453aae-b,Standard,6.86,Yearly,2022-06-11
S16692,091fafed-b,Premium,13.57,Monthly,2021-08-06
S16693,47b88093-e,Standard,4.18,Monthly,2024-08-30
S16694,aa833af1-3,Standard,8.06,Yearly,2025-10-13
S16695,74aeefaf-5,Premium,7.62,Yearly,2025-11-05
S16696,9f46aba6-3,Basic,24.36,Monthly,2023-09-11
S16697,25c8bd7d-e,Standard,11.63,Yearly,2024-06-05
S16698,5544d576-3,Standard,7.23,Monthly,2022-01-02
S16699,1aacf285-2,Premium,15.3,Monthly,2022-10-14
S16700,397d1c46-f,Standard,10.85,Yearly,2025-12-31
S16701,f9134850-c,Basic,9.53,Yearly,2025-08-19
S16702,35c3b3ff-4,Standard,12.61,Monthly,2021-09-21
S16703,64069455-a,Basic,22.69,Yearly,2022-07-19
S16704,7632dfd7-9,Premium,6.05,Yearly,2024-02-05
S16705,9b01d641-0,Premium,19.77,Yearly,2022-02-13
S16706,650474bf-0,Standard,12.62,Yearly,2024-02-17
S16707,a6ad5064-0,Premium,18.35,Yearly ,2021-09-16
S16708,79ae72cb-5,Premium,5.04,Yearly,2025-07-14
S16709,b28cac86-c,Basic,12.01,Yearly,2025-11-25
S16710,fe9154c6-a,Standard,13.48,Yearly,2022-07-19
S16711,4aaf06aa-b,Premium,20.39,Monthly,2025-02-24
S16712,2df0d8bb-8,Premium,16.06,Yearly,2025-04-18
S16713,9bf8c3dd-7,Basic,13.35,Yearly,2025-09-27
S16714,bc0e3f47-4,Standard,19.18,Yearly,2024-02-01
S16715,89210f6b-9,Premium,9.62,Yearly,2024-03-01
S16716,cc6782e7-1,Premium,24.79,Yearly,2025-08-07
S16717,584d56c0-2,Standard,6.41,Monthly,2024-01-24
S16718,953ff1ec-5,Standard,12.49,Yearly,2026-01-21
S16719,b6ba9f04-9,Basic,4.67,Monthly,2023-04-01
S16720,c352d2fd-f,Standard,19.68,Yearly,2025-01-08
S16721,939d8deb-8,Premium,15.02,Yearly,2023-05-02
S16722,04af7737-9,Standard,8.31,Monthly,2022-01-10
S16723,a8cd7bf8-c,Standard,8.52,Yearly,2023-12-12
S16724,a44184cd-7,Basic,19.26,Monthly,2021-03-24
S16725,901dfd8d-b,Standard,16.24,Monthly,2025-05-30
S16726,724acd40-3,Standard,23.47,Monthly,2022-03-04
S16727,a93d47ff-d,Premium,21.41,Monthly,2025-06-05
S16728,b02dfc10-4,Standard,8.62,Monthly,2021-11-12
S16729,c0d234ce-0,Premium,13.65,Monthly,2024-08-27
S16730,4737fa7c-3,Basic,17.04,Yearly,2024-04-23
S16731,5032b5ab-7,Standard,8.52,Yearly,2021-04-23
S16732,c09126ab-4,Basic,17.99,Monthly,2024-12-13
S16733,a7d0d898-c,Premium,24.04,Yearly,2021-05-19
S16734,dc910eac-d,Standard,20.72,Monthly,2023-07-26
S16735,f72246b3-6,Basic,7.08,Yearly,2024-07-22
S16736,05b988e5-1,Basic,17.63,Monthly,2023-12-27
S16737,,Standard,3.6,Yearly,2023-07-18
S16738,5f2005b6-c,Premium,12.89,Monthly,2022-06-15
S16739,390faf4d-4,Standard,22.53,Yearly,2025-04-06
S16740,1dad3707-8,Premium,20.73,Monthly,2023-04-07
S16741,50115eac-e,Basic,19.49,Yearly,2022-09-14
S16742,6d511a03-8,Basic,23.77,Yearly,2024-06-18
S16743,,Standard,7.96,Yearly,2023-04-20
S16744,acdd29be-4,Basic,22.55,Yearly,2021-03-29
S16745,e7c65016-3,Premium,7.7,Monthly,2021-11-29
S16746,20089ac0-a,Standard,6.26,Yearly,2024-06-16
S16747,fab07840-8,Premium,4.95,Yearly,2023-10-18
S16748,969430ac-7,Basic,7.85,Monthly,2024-04-10
S16749,5af3f847-8,Basic,10.56,Yearly,2021-11-27
S16750,e6403792-1,Premium,13.13,Monthly,2025-05-12
S16751,0e67c644-2,Premium,22.84,Monthly,2024-07-08
S16752,8d2bc7d8-3,Standard,5.19,Monthly,2021-05-11
S16753,4df96730-0,Standard,21.27,Monthly,2021-08-24
S16754,0422f114-e,Basic,15.36,Yearly,2023-04-27
S16755,cbf970c7-0,Premium,10.8,Yearly,2022-07-29
S16756,735490a3-5,Basic,17.67,Yearly,2023-10-02
S16757,d6da57d1-4,Standard,7.83,Monthly,2021-05-14
S16758,785f0f8f-9,Basic,22.26,Yearly,2022-01-23
S16759,83c210a7-9,Standard,18.66,Monthly,2024-08-30
S16760,e16dfe49-b,Premium,5.86,Monthly,2023-12-02
S16761,9f353efb-b,Premium,15.27,Monthly,2024-02-09
S16762,ee9ffe5e-d,Premium,12.5,Yearly,2025-04-16
S16763,49f5e837-1,Basic,4.42,Monthly,2023-12-15
S16764,a0aab820-a,Premium,18.64,Yearly,2024-06-09
S16765,377f453d-2,Basic,8.58,Monthly,2022-03-20
S16766,555f61be-e,Premium,3.04,Monthly,2021-12-10
S16767,a8d996ef-7,Basic,20.9,Yearly,2024-08-18
S16768,ebe7efc1-a,Basic,11.95,Yearly,2024-05-26
S16769,211ee229-6,Basic,17.68,Monthly,
S16770,e0ba7c14-f,Premium,13.8,Yearly,2024-06-13
S16771,c8861c0d-c,Standard,24.25,Monthly,2023-09-12
S16772,5347da39-a,Premium,8.45,Monthly,2025-12-26
S16773,f7a9b76f-9,Premium,10.36,Yearly,2025-04-20
S16774,8ddb8787-a,Premium,8.32,Yearly,2025-12-04
S16775,19fa346f-5,Standard,,Yearly,2025-06-17
S16776,710f19f5-9,Premium,9.44,Monthly,2021-05-06
S16777,dde4103e-2,Basic,15.12,Yearly,2024-08-11
S16778,0b79350c-7,Basic,,Monthly,2024-03-03
S16779,bd436b7c-c,Premium,6.36,Monthly,2022-07-13
S16780,366367cc-6,Basic,6.96,Monthly,2025-10-10
S16781,9e093ef3-f,Standard,21.18,Monthly,2023-06-19
S16782,96049cb8-4,Premium,13.81,Monthly,2023-07-24
S16783,52670af4-6,Standard,10.08,Yearly,2021-02-25
S16784,a4abcf1d-c,Basic,3.69,Monthly,2021-11-14
S16785,e4e70938-5,Basic,14.31,Monthly,2021-10-05
S16786,df359df0-9,Standard,9.56,Yearly,2024-04-19
S16787,d9718430-e,Basic,10.23,Yearly,2021-06-03
S16788,b6109b44-6,Basic,19.35,Monthly,2025-06-30
S16789,d4f0ae53-d,Basic,22.23,Monthly,2023-01-12
S16790,fdb61f7b-5,Standard,18.67,Monthly,2021-06-03
S16791,67e3aa64-c,Premium,14.26,Yearly,2022-10-04
S16792,6772b60a-d,Basic,23.19,Yearly,2024-11-26
S16793,ddbf5f4a-6,Basic,12.58,Yearly,2024-08-06
S16794,957b0348-4,Premium,14.06,Yearly,2022-05-24
S16795,86383edb-4,Standard,7.9,Yearly,2023-01-13
S16796,bbb77ff9-f,Basic,8.83,Yearly,2025-08-15
S16797,35683306-f,Premium,4.31,Monthly,2021-10-15
S16798,711f9f2b-e,Standard,18.43,Monthly,2021-09-04
S16799,b7903315-1,Basic,11.92,Monthly,2023-11-08
S16800,6ae68d3f-1,Standard,3.3,Monthly,2022-04-27
S16801,a77d163b-d,Standard,4.98,Yearly,2022-02-27
S16802,abd58f72-4,Standard,12.15,Yearly,2024-05-14
S16803,738eaa8d-b,Standard,18.8,Monthly,2025-09-25
S16804,7f424d50-8,Basic,24.91,Yearly,2023-12-21
S16805,693f02f7-e,Standard,11.2,Monthly,2022-10-11
S16806,b1a39280-5,Standard,15.59,Monthly,2022-09-04
S16807,b688dd06-3,Basic,16.5,Yearly,2024-12-19
S16808,9e546015-e,Premium,11.49,Yearly,2022-11-15
S16809,532e41e5-f,Basic,15.42,Monthly,
S16810,bcb5ef11-7,Standard,6.75,,2021-09-14
S16811,df0bfce0-d,Basic,21.4,Monthly,2024-02-08
S16812,c3f1a9c6-3,Premium,3.54,Monthly,2025-01-18
S16813,adf92e71-9,Premium,14.2,Yearly,2025-01-31
S16814,dc1530c4-e,Standard,23.86,Yearly,2022-09-19
S16815,87a51143-2,Standard,15.1,Yearly,2023-02-24
S16816,73fa966b-2,Premium,21.22,Monthly,2025-03-31
S16817,04c3afb9-7,Standard,15.9,Yearly,2025-01-15
S16818,2acb7e1b-3,Basic,11.71,Monthly,2021-10-02
S16819,0f7ee1c0-b,,5.96,Yearly,2024-10-13
S16820,fc2b7f87-4,Basic,11.43,Monthly,2023-12-18
S16821,02d2ede8-7,Basic,22.38,Yearly,2023-01-15
S16822,4d9959d5-d,Basic,15.96,Yearly,2024-01-09
S16823,864ce50e-f,Basic,11.89,Yearly,2021-06-15
S16824,7c5d5306-e,Premium,4.62,Yearly,2024-02-20
S16825,95e6e11e-4,Premium,19.28,Yearly,2022-04-11
S16826,d144c48a-6,Basic,23.77,Yearly,2025-03-27
S16827,14980c9d-f,Standard,20.57,Yearly,2023-09-22
S16828,eb999238-f,Premium,5.65,Monthly,2023-10-26
S16829,5dea758c-0,Premium,16.95,Yearly,2025-12-08
S16830,aa43cf2c-c,Standard,9.24,Monthly,2023-12-12
S16831,41f59239-2,Basic,9.25,Yearly,2023-12-26
S16832,a9815eb4-2,Premium,23.6,Monthly,2023-02-16
S16833,81aa155d-f,Standard,6.88,Yearly,2022-09-01
S16834,56666f10-f,Premium,9.82,Yearly,2023-07-11
S16835,2b84e619-a,Standard,9.72,Monthly,2022-03-23
S16836,2c6c6ba8-4,Basic,5.69,Monthly,2023-11-20
S16837,58e2dc68-6,Premium,9.84,Yearly,2024-07-07
S16838,319e7b18-6,Premium,24.34,Monthly,2021-09-12
S16839,0709422f-6,Standard,24.41,Yearly,2021-06-01
S16840,d995c32f-c,Standard,20.95,Yearly,2022-07-30
S16841,4f0adc6a-1,Standard,21.59,Monthly,2025-12-05
S16842,38c35fa4-3,Standard,12.46,Yearly,2023-09-07
S16843,2f7425ff-e,Basic,20.99,Yearly,2022-10-23
S16844,363c84e2-e,Basic,7.04,Yearly,2021-09-18
S16845,19ed7b62-4,Premium,4.49,Yearly,2026-01-18
S16846,c98dcfd0-3,Premium,4.79,Monthly,2021-11-16
S16847,2579af49-5,Basic,10.44,Yearly,2022-11-06
S16848,e4d5c89c-d,Standard,14.39,Yearly,2023-07-10
S16849,e71f7ae5-c,Premium,8.52,Yearly,2023-06-14
S16850,20f15048-b,Standard,6.67,Monthly,2024-06-24
S16851,a5799755-2,Premium,16.11,Monthly,2025-03-20
S16852,21a9be42-2,Basic,17.01,Yearly,2024-12-02
S16853,1efbc71a-e,Premium,8.61,Monthly,2024-10-19
S16854,ff58d905-f,Basic,12.94,Monthly,2022-01-01
S16855,7d4963c3-2,Premium,3.34,Monthly,2025-09-20
S16856,803f3ccd-c,Premium,22.44,Yearly,2026-01-13
S16857,a2a40cb2-b,Premium,21.02,Yearly,2025-09-24
S16858,3739fc5d-c,Basic,22.2,Monthly ,2025-05-10
S16859,2721ef90-2,Standard,7.39,Yearly,2023-02-22
S16860,7ceec589-4,Standard,3.77,Monthly,2024-07-27
S16861,e4bd0b12-6,Premium,6.78,Yearly,2025-03-14
S16862,f4a74145-1,Premium,4.34,Monthly,2025-10-07
S16863,3ffe4a15-5,Basic,17.94,Monthly,2024-05-27
S16864,425e6003-7,Premium,23.38,Monthly,2024-10-02
S16865,85a88d1a-0,Premium,9.22,Monthly,2021-10-26
S16866,d82e539e-a,Standard,24.91,Monthly,2023-04-07
S16867,2d08025b-0,Basic,13.51,Yearly,2024-03-30
S16868,a14d855a-4,Basic,16.2,Monthly,2021-11-01
S16869,5334037a-9,Premium,12.42,Monthly,2025-12-01
S16870,8ae66a8f-d,Premium,19.17,Monthly,2024-08-23
S16871,f46dc901-9,Basic,18.87,Monthly,2024-06-21
S16872,894921ba-1,Premium,17.2,Monthly,2022-09-14
S16873,b17b036d-e,Basic,10.3,Monthly,2024-12-26
S16874,0c4ee353-3,Premium,4.58,Yearly,2022-10-03
S16875,7941abd8-2,Standard,23.7,Yearly,2022-03-19
S16876,354daf19-c,Basic,15.48,Monthly,2021-08-30
S16877,7fca3605-e,Premium,16.72,Monthly,2022-10-13
S16878,91075ec9-d,Standard,13.29,Monthly,2023-07-13
S16879,a642c96e-8,Basic,10.67,Monthly,2023-01-29
S16880,a521fe4d-8,Basic,8.75,Monthly,2023-10-12
S16881,7d09e048-7,Premium,17.3,Monthly,2025-10-26
S16882,ef8e7626-f,Basic,8.41,Monthly,2025-11-06
S16883,0701c882-f,Premium,19.33,Monthly,2022-09-08
S16884,9bc3046d-2,Standard,20.69,Monthly,2024-03-07
S16885,25ae37a6-6,Premium,18.4,Yearly,2021-08-09
S16886,e48d7ffc-1,Premium,15.02,Monthly,2023-05-23
S16887,228b941d-e,Standard,24.74,Monthly,2023-06-14
S16888,f07aca37-2,Basic,4.78,Yearly,2023-04-16
S16889,858c0e37-b,Premium,10.2,Yearly,2023-01-19
S16890,deb7f434-1,Standard,20.37,Monthly,2021-04-24
S16891,1f529da2-8,Premium,21.25,Yearly,2025-03-08
S16892,6537564c-f,Premium,20.97,Yearly,2025-01-03
S16893,,Basic,22.93,Monthly,2022-05-04
S16894,daa35915-2,Premium,17.13,Yearly,2022-03-29
S16895,3f98eeb6-e,Basic ,10.56,Monthly,2025-02-24
S16896,416c792e-1,Premium,12.98,Monthly,2025-04-06
S16897,1a856d69-3,Basic,22.12,Monthly,2024-02-15
S16898,58983dc7-a,Standard,5.49,Yearly,2024-04-13
S16899,671fa7f7-b,Premium,19.09,Monthly,2022-05-15
S16900,3929d5f8-4,Premium,9.83,Yearly,2024-01-20
S16901,d0f0a2ea-8,Basic,6.34,Monthly,2022-05-06
S16902,ffa19a3f-6,Premium,9.4,Yearly,2025-02-06
S16903,b48f29b3-c,Standard,6.41,Yearly,2021-02-25
S16904,9fd8eb8c-e,Basic,13.26,Monthly,2025-08-05
S16905,08863e98-a,Standard,11.48,Monthly,2025-07-09
S16906,a985a7e1-5,Standard,24.45,Yearly,2022-10-15
S16907,9d4c2a05-e,Basic,7.27,Monthly,2022-07-24
S16908,d071826a-9,Premium,12.91,Yearly,2024-11-21
S16909,ef750eda-4,Standard,21.64,Yearly,2023-01-20
S16910,4a15343a-1,,7.04,Monthly,2024-07-13
S16911,d445aab4-7,Basic,18.07,Monthly,2021-06-12
S16912,7000ffb8-d,Basic,16.15,Yearly,2022-05-09
S16913,a54776ed-8,Standard,24.93,Monthly,2023-02-25
S16914,079881ca-1,Standard,16.98,Monthly,2021-10-04
S16915,7cfca1a6-5,Premium,18.6,Yearly,2023-06-17
S16916,53566f1a-0,Premium,12.09,Monthly,2023-04-03
S16917,a7f27a96-e,Premium,23.93,Monthly,2024-01-23
S16918,3ee0097f-e,Premium,15.74,Monthly,2021-10-12
S16919,e48a090b-6,Standard,9.61,Monthly,2022-11-06
S16920,a6525f74-d,Standard,6.11,Monthly,2024-05-06
S16921,8c7ae83d-e,Standard,23.26,Monthly,2022-02-07
S16922,0e9668be-f,Basic,15.56,Monthly,2022-02-19
S16923,6a9f40c4-6,Premium,21.76,Monthly,2024-11-14
S16924,6c58abe3-7,Premium,9.71,Monthly,2023-09-09
S16925,ae0ad9b7-b,Standard,14.65,Monthly,2021-08-24
S16926,55b2d673-d,Premium,22.73,Yearly,2021-06-06
S16927,ae8a7202-6,Basic,,Monthly,2025-12-17
S16928,a7e74b22-9,Premium,9.87,Yearly,2026-01-01
S16929,35e0b9e0-3,Basic,21.64,Yearly,2025-12-30
S16930,da874594-5,Premium,9.74,Monthly,2025-08-02
S16931,32fc7a35-7,Basic,,Yearly,2023-02-03
S16932,73e3f9a5-4,Premium,8.39,Monthly,2021-08-19
S16933,05c99b40-0,Standard,21.25,Yearly,2021-09-11
S16934,27896cca-3,Basic,16.64,Yearly,2024-08-15
S16935,5229bd23-a,Basic,18.44,Yearly,2024-05-03
S16936,eef678e7-8,Standard,23.25,Yearly,2024-04-30
S16937,cbbbe873-0,Basic,24.35,Monthly,2022-09-07
S16938,4a860aab-f,Premium,21.76,Monthly,2024-03-09
S16939,9f455c62-9,Premium,18.57,Yearly,2021-11-04
S16940,e0b78105-b,Basic,7.48,Yearly,2024-02-20
S16941,8482d830-2,Standard,8.93,Yearly,2021-10-20
S16942,abc9b09d-2,Basic,15.49,Monthly,2024-01-31
S16943,041e2a9b-1,Basic,5.45,Yearly,2022-12-06
S16944,ecd0633d-c,Premium,5.95,Yearly,2021-12-25
S16945,e8df6eb1-a,Premium,11.94,Yearly,2023-10-01
S16946,1c55cabc-6,Standard,6.25,Yearly,2024-03-06
S16947,6d78d800-e,Premium,12.79,Monthly,2022-06-25
S16948,41dbdc76-d,Premium,19.65,Monthly,2022-08-09
S16949,c8afe07d-b,Basic,14.32,Yearly,2023-03-20
S16950,5bee0f55-6,,9.52,Yearly,2023-04-19
S16951,834e4e60-a,Premium,15.34,Yearly,2024-06-17
S16952,c2988836-2,Premium,20.52,Monthly,2024-03-28
S16953,49013101-f,Standard,4.95,Yearly,2024-08-08
S16954,9dd28578-0,Basic,7.93,Yearly,2023-01-06
S16955,0c08c588-d,Standard,17.25,Monthly,2025-11-18
S16956,07957aeb-b,Basic,24.47,Yearly,2023-05-30
S16957,91c27904-a,Premium,19.52,Yearly,2024-10-30
S16958,49959c7e-3,Standard,17.12,Yearly,2024-08-22
S16959,b7a739de-4,Basic,10.54,Monthly,2022-10-30
S16960,56dfbb71-d,Basic,19.09,Monthly,2025-07-16
S16961,3dee2a05-a,Standard,5.06,Monthly,2021-08-06
S16962,dceb54b5-a,Premium,21.72,Monthly,2021-09-15
S16963,79030156-f,Basic,15.27,Monthly,2021-09-28
S16964,3fd4d33f-6,Standard,17.19,Monthly,2024-12-17
S16965,c197b7fa-8,Premium,17.48,Monthly,2025-02-09
S16966,57bd8a3e-a,Standard,22.75,Monthly,2021-06-19
S16967,c7d41415-c,Standard,12.89,Yearly,2021-08-04
S16968,e3e58820-2,Premium,9.78,Monthly,2024-05-12
S16969,7c97c4a1-d,Basic,13.07,Yearly,2022-11-12
S16970,34703369-3,Standard,12.21,Yearly,2021-11-25
S16971,fbee12ba-e,Premium,9.74,Yearly,2024-01-15
S16972,fe247f44-d,Standard,21.1,Yearly,2024-11-21
S16973,1de09b3c-d,Basic,22.62,Monthly,2022-02-07
S16974,8bc9a3c7-a,Standard,18.01,Monthly,2022-07-11
S16975,c3b59f81-4,Premium,13.75,Yearly,2022-07-27
S16976,0dd4dd8a-3,Premium,12.3,Monthly,2023-07-23
S16977,c5442754-f,Standard,22.31,Monthly,2023-03-24
S16978,290771f5-c,Premium,10.57,Yearly,2023-07-10
S16979,9f7e74c0-2,Basic,11.64,Yearly,2022-09-13
S16980,21e37652-e,Premium,15.65,Monthly,2021-09-28
S16981,d3b7d888-f,Standard,22.19,Monthly,2025-11-16
S16982,33222d3a-6,Standard,17.3,Yearly,2023-03-11
S16983,8f1aa547-4,Standard,13.2,Yearly,2024-11-23
S16984,07404eb3-c,Standard,18.52,Yearly,2025-05-17
S16985,1c3e7634-8,Standard,3.09,Monthly,2021-03-20
S16986,a4f83b6f-6,Premium,18.99,Monthly,2023-05-31
S16987,636899f1-f,Basic,17.61,Yearly,2023-10-17
S16988,1f24680d-5,Basic,23.4,Monthly,2023-08-16
S16989,53be7ab5-c,Premium,16.74,Yearly,2024-12-25
S16990,bcde552b-7,Basic,6.63,Yearly,2021-09-07
S16991,af2b47e0-3,Basic,7.93,Yearly,2024-03-10
S16992,58e70acd-4,Basic,16.83,Monthly,2021-04-06
S16993,7a78176b-d,Basic,7.12,Yearly,2022-03-04
S16994,3f983039-f,Standard,15.76,Monthly,2025-08-06
S16995,3f5a8aea-7,Premium,17.67,Monthly,2025-08-21
S16996,baa3ef7f-e,Premium,14.96,Monthly,2021-04-05
S16997,c4413b68-2,Basic,16.6,Monthly,2022-06-02
S16998,cc856f6c-0,Standard,24.71,Monthly,2022-09-13
S16999,e07291a5-9,Premium,16.02,Monthly,2024-11-14
S17000,0633178d-d,premium,4.59,Monthly,2021-07-12
S17001,f94ddc66-1,Premium,12.05,Yearly,2023-12-19
S17002,3714eed6-2,Basic,16.31,Yearly,2025-03-09
S17003,11663d2b-a,Premium,11.26,Monthly,2024-08-19
S17004,10ae5fe5-f,Basic,23.19,Yearly,2021-12-30
S17005,54bf4d87-8,Standard,13.78,Yearly,2021-09-23
S17006,341bae4d-8,Premium,23.55,Monthly,2024-07-18
S17007,9244a083-f,Basic,6.82,Yearly,2024-08-07
S17008,9991aa39-7,Premium,3.16,Monthly,2022-03-27
S17009,c221310f-2,Standard,20.87,Monthly,2025-03-08
S17010,f1fd8696-4,Basic,22.69,Monthly,2024-06-28
S17011,5a77da01-6,Standard,16.87,Monthly,2026-01-09
S17012,ae634ecc-f,Premium,14.18,Monthly,2025-04-15
S17013,f5e46754-4,Basic,10.49,Yearly,2022-05-20
S17014,10dfc57c-7,premium,14.44,Monthly,2024-08-04
S17015,9cacf280-a,Premium,9.23,Yearly,2024-09-29
S17016,85d4464a-d,Premium,14.4,Yearly,2025-07-31
S17017,febeac40-1,Premium,7.03,Monthly,2024-08-30
S17018,6a64f3ae-2,Premium,14.57,Yearly,2021-03-28
S17019,08ac8c1a-1,Standard,22.35,Monthly,2024-02-22
S17020,4f481204-c,Basic,11.3,Yearly,2021-09-29
S17021,dd2b2cf8-e,Premium,15.55,Monthly,2023-07-25
S17022,c9967cde-8,Basic,18.71,Monthly,2022-03-20
S17023,e4922f1d-b,Premium,10.15,Monthly,2021-03-16
S17024,0a087b8b-1,Standard,16.83,Monthly,2021-05-09
S17025,57023013-2,Premium,6.0,,2024-02-09
S17026,a525ed9f-3,Standard,3.67,Yearly,2022-12-27
S17027,3f5b910f-8,Standard,11.78,Monthly,2025-12-16
S17028,469d5867-a,Premium,24.69,Yearly,2024-03-24
S17029,23d6a606-0 ,Basic,13.94,Yearly,2023-09-14
S17030,453df597-7,Premium,15.84,Yearly,2025-03-08
S17031,71d1e7ff-b,Premium,24.82,Yearly,2024-06-28
S17032,17f9369e-2,Premium,5.49,Yearly,2022-12-08
S17033,b5394c0d-d,Premium,18.92,Monthly,2025-04-25
S17034,d93cbe69-b,Basic ,12.74,Yearly,2022-06-10
S17035,0250fb1b-3,Premium,12.45,Yearly,2025-04-17
S17036,d47e9ae0-1,Standard,18.16,Monthly,2021-07-02
S17037,b77b268e-1,Basic,3.26,Yearly,2021-12-12
S17038,3e3198fa-d,Standard,22.4,Monthly,2025-02-04
S17039,fcce3893-2,Premium,7.16,Yearly,2021-06-29
S17040,b1aed2cb-7,premium,11.38,Monthly,2023-12-18
S17041,ebf16e4c-e,Premium,11.74,Yearly,2023-12-25
S17042,856b4c21-7,Basic,24.15,Monthly,2025-05-03
S17043,830cb8fd-b,Basic,19.89,Yearly,2025-05-21
S17044,8a2130b6-1,Standard,14.22,Monthly,2022-03-27
S17045,7bd389ff-b,Premium,6.76,Yearly,2021-09-03
S17046,2a33883e-d,Basic,12.76,Yearly,2021-09-01
S17047,cffe3379-b,Standard,16.97,Monthly,2024-01-30
S17048,911aceb9-c,Basic,11.38,Yearly,2025-09-08
S17049,e891fb76-b,Standard,4.89,Yearly,2021-05-09
S17050,8e7317af-0,Standard,19.11,Yearly,2024-07-29
S17051,579282c2-4,Basic,7.03,Monthly,2022-08-07
S17052,9a43c5f2-e,Basic,23.51,Yearly,2025-10-19
S17053,eff3f009-2,Premium,14.06,Yearly,2025-05-22
S17054,9e3892d8-4,Standard,6.18,Monthly,2025-07-27
S17055,59b9ae2f-0,Basic,6.84,Yearly,2022-04-03
S17056,c669d6dc-5,Basic,5.69,Yearly,2023-08-10
S17057,ff51a3ea-c,Standard,9.59,Monthly,2022-01-10
S17058,5f107c1a-4,Standard,8.76,Yearly,2022-05-30
S17059,409b0f06-4,Premium,24.12,Monthly,2024-10-17
S17060,2cfe4cc3-3,Basic,20.48,Monthly,2025-01-16
S17061,cf6b5292-b,Basic,17.47,Yearly,2024-11-13
S17062,b4583b4e-8,Basic,21.0,Monthly,2025-10-25
S17063,4eab4ed2-d,Standard,3.27,Monthly,2025-05-09
S17064,3a716807-6,Basic,14.16,Yearly,2025-02-05
S17065,1d670798-f,Premium,21.24,Monthly,2024-09-17
S17066,29f32958-6,Standard,20.07,Monthly,2025-03-05
S17067,68e4685a-9,Premium,3.43,Monthly,2024-07-22
S17068,6b2861bf-a ,Standard,24.02,Yearly,2025-07-20
S17069,d0f90899-9,Standard,9.12,Yearly,2021-04-12
S17070,d04a7d3c-9,Standard,,Yearly,2025-03-22
S17071,3d1a6f50-f,Basic,4.82,Yearly,2023-02-05
S17072,85e4261e-c,Premium,13.59,Yearly,2023-11-07
S17073,1710e45c-8,Standard,14.47,Monthly,2025-11-17
S17074,c3ea622d-d,Premium,6.58,Yearly,2025-09-23
S17075,8a4616c0-9,Premium,3.44,Monthly,2022-04-02
S17076,e1bdf20d-5,Premium,9.96,Monthly,2024-06-24
S17077,027de9af-f,Basic,5.73,Yearly,2023-02-25
S17078,cb587976-2,Premium,14.52,Monthly,2025-08-06
S17079,44f5eea5-f,Basic,12.9,Monthly,2023-01-25
S17080,55cca984-0,Basic,12.01,Monthly,2023-11-04
S17081,e01ecc48-b,Premium,10.43,Yearly,2024-07-02
S17082,ac12f92e-d,Standard,12.03,Monthly,2022-11-25
S17083,8855dc8a-9,Basic,19.2,Yearly,2024-05-20
S17084,7131d7f9-b,Basic,10.5,Yearly,2022-11-13
S17085,07b84701-5,Premium,4.75,Monthly,2023-06-20
S17086,3e19d3e1-3,Standard,23.2,Yearly,2021-03-20
S17087,20b89cc0-0,Standard,19.49,Yearly,2024-07-26
S17088,d27c14da-e,Standard,10.99,Yearly,2024-05-25
S17089,da831c8e-b,Premium,3.69,Monthly,2023-07-31
S17090,83c56621-6,Basic,17.22,Monthly,2025-06-04
S17091,0c241e7c-5,Standard,4.19,Monthly,2024-03-15
S17092,c014441c-5,Premium,10.15,Yearly,2022-01-17
S17093,367f3dd6-b,Standard,3.23,Monthly,2022-10-27
S17094,5fe20ac7-e,Premium,20.82,Monthly,2022-11-09
S17095,a9be4126-9,Standard,5.79,Yearly,2024-10-14
S17096,3976bd66-0,Standard,3.81,Monthly,2022-08-03
S17097,e6a60d77-3,Premium,16.7,Monthly,
S17098,8c4541a2-8,Standard,12.84,Monthly,2022-03-29
S17099,4a850bcf-6,Basic,13.95,Yearly,2025-07-22
S17100,8fdaa486-d,Standard,19.25,Monthly,2021-07-30
S17101,d7a048d1-4,Standard,9.42,Monthly,2024-11-10
S17102,abb7fcc5-2,Standard,3.26,Yearly,2022-08-19
S17103,6fdf6b2e-e,Standard,13.09,Monthly,2025-07-06
S17104,ec51b43a-e,Standard,21.08,Monthly,2021-04-07
S17105,021b9591-a,Standard,9.75,Monthly,2021-07-21
S17106,48c28a97-b,Standard,10.63,Yearly,2023-05-05
S17107,a5293043-e,Premium,19.25,Monthly,2024-11-28
S17108,26875455-1,Standard,5.21,Yearly,2021-10-09
S17109,4f4b36c2-3,Premium,8.35,Monthly,2022-12-28
S17110,c061d5a9-3,Premium,24.22,Yearly,2021-12-22
S17111,c0e0bee5-a,Premium,8.18,Monthly,2023-05-05
S17112,41bf40df-6,Basic,8.94,Monthly,2024-03-15
S17113,597a523d-5,Basic,21.85,Yearly,2021-02-22
S17114,a14d7781-1,Standard,5.15,Yearly,2021-07-03
S17115,62db2c15-8,Basic,9.8,Monthly,2023-06-18
S17116,b6f4110e-c,Premium,24.95,Monthly,2023-08-20
S17117,13bdc8fc-0,Premium,23.89,Monthly,2022-03-10
S17118,d9198154-b,Standard,18.98,Yearly,2023-06-18
S17119,9e3b310f-7,Standard,23.06,Monthly,2022-01-13
S17120,ff3b9647-3,Premium,20.08,Yearly,2021-03-02
S17121,3f2cc49d-2,Premium,12.64,Yearly,2022-01-31
S17122,9b397f3b-4,Basic,15.48,Yearly,2022-06-26
S17123,87551109-0,Standard,17.2,Yearly,2023-01-21
S17124,c7c3725d-c,Standard,13.13,Yearly,2024-12-22
S17125,edc3f517-c,Standard,15.76,Yearly,2025-08-21
S17126,f3d88a50-0,Standard,19.5,Monthly,2021-12-14
S17127,6c8f9faa-f,Standard,23.58,Yearly,2024-03-01
S17128,43079958-4,Standard,13.87,Yearly,2021-05-30
S17129,71124b41-c,Premium,8.24,Yearly,2021-12-14
S17130,ee533161-2,Standard,7.25,Monthly,2025-06-27
S17131,5847ffed-4,Premium,13.9,Monthly,2025-11-01
S17132,d2508bd6-7,Premium,7.63,Monthly,2022-10-10
S17133,6d35516a-2,Standard,18.89,Yearly,2021-06-26
S17134,194232f5-4,Premium,4.98,Yearly,2024-12-24
S17135,d46051b8-a,Premium,20.5,Yearly,2024-10-02
S17136,b4e86a57-0,Standard,4.02,Monthly,2023-10-07
S17137,6fe66d4e-1,Basic,20.69,Monthly,2024-11-23
S17138,465aae60-0,Premium,9.21,Yearly,2025-04-25
S17139,30acaae5-8,Standard ,20.58,Monthly,2022-06-25
S17140,bd9c901f-c,Premium,10.43,Yearly,2024-02-25
S17141,0f7e5480-3,Basic,23.75,Yearly,2021-11-01
S17142,8ffd9269-0,Basic,9.72,Monthly,2022-03-20
S17143,894b9333-1,Premium,5.05,Monthly,2021-10-11
S17144,8c202cd4-f,Standard,19.25,Yearly,2021-12-01
S17145,aa1788d6-8,Standard,5.96,Monthly,2025-05-12
S17146,d7e51ff5-7,Basic,8.83,Monthly,2025-01-07
S17147,236f2ccd-6,Basic,8.69,Monthly,2023-04-03
S17148,68ce491c-5,Premium,18.08,Monthly,2023-06-07
S17149,864f04b1-1,Standard,9.91,Monthly,2023-03-01
S17150,bea029a0-4,Basic,6.87,Yearly,2025-06-15
S17151,f0863eed-1,Standard,8.58,Yearly,2021-10-11
S17152,4aca1243-3,Basic,14.52,Monthly,2023-07-31
S17153,5bf6b311-a,Premium,20.97,Yearly,2021-02-26
S17154,d9ee0097-7,Basic,14.37,Yearly,2022-09-24
S17155,a185c3f3-6,Basic,10.38,Yearly,2023-08-31
S17156,cb7ddc36-a,Standard,23.9,Yearly,2021-05-01
S17157,b4d8cfba-2,Premium,19.88,Yearly,2023-08-25
S17158,cccd5688-7,Basic,10.09,Yearly,2025-08-09
S17159,e19a5c77-8,Standard,11.47,Monthly,2023-05-26
S17160,880ec0d4-6,Premium,12.28,Monthly,2025-03-10
S17161,7989e593-9,Basic,15.4,Yearly,2024-02-06
S17162,99ffea92-1,Premium,11.2,Yearly,2022-11-13
S17163,01efc98f-0,Basic,4.12,Monthly,2021-06-18
S17164,9e0ca34a-e,Premium,21.4,Monthly,2023-04-07
S17165,6218e411-6,Standard,21.63,Yearly,2022-03-02
S17166,8e113bf1-1,Basic,9.81,Yearly,2022-10-04
S17167,de5d1ed4-c,Premium,8.56,Monthly,2022-08-25
S17168,0b9b4073-7,Standard,21.43,Monthly,2021-02-22
S17169,9644d166-d,Standard,8.92,Yearly,2022-12-22
S17170,91bc3a17-6,Standard,15.87,Yearly,2021-07-10
S17171,1691107e-1,Basic,7.67,Monthly,2021-02-28
S17172,cafe383a-b,Standard,12.0,Yearly,2024-08-30
S17173,c42dbced-7,Standard,18.15,Yearly,2021-08-27
S17174,17745c3c-5,Basic,8.73,Monthly,
S17175,05adad9c-8,Standard,13.72,Yearly ,2024-10-15
S17176,805122e3-0,Premium,14.98,Monthly,2024-07-16
S17177,e2ccd486-3,Basic,18.16,Yearly,2023-05-21
S17178,1b518b0f-6,Standard,3.29,Yearly,2024-07-05
S17179,1b7597b2-3,premium,4.31,Yearly,2023-07-29
S17180,fc32d582-8,Standard,10.53,Yearly,2022-02-23
S17181,e4a70265-6,Standard,10.85,Yearly,2022-09-21
S17182,c55718b9-a,Standard,15.09,Monthly,2025-03-24
S17183,648138cd-6,Premium,8.99,Monthly,2025-10-23
S17184,f9357951-6,Standard,16.34,Monthly,2025-09-18
S17185,1a1bab6d-0,Basic,3.47,Yearly,2025-10-10
S17186,2c5efb5b-3,Premium,15.94,Yearly,2021-11-07
S17187,2814378b-7,Standard,10.08,Monthly,2021-10-13
S17188,19eab05a-7,Basic,21.94,Monthly,2021-06-09
S17189,9df333ed-4,Standard,12.33,Monthly,2023-04-08
S17190,9871250d-5,Basic,19.13,Monthly,2023-08-18
S17191,c6494624-e,Premium,23.71,Yearly,2021-10-08
S17192,0b9f2fbb-2,Premium,19.46,Yearly,2024-09-17
S17193,6133dd3f-6,Standard,20.24,Yearly,2024-10-06
S17194,4a68e5eb-1,Standard,4.82,Yearly,2021-04-02
S17195,fa05d4cf-6,Basic,13.68,Monthly,2021-03-28
S17196,e8f9d4dd-e,Premium,17.38,Yearly,2022-08-07
S17197,38c0aa10-d,Basic,6.87,Monthly,2024-04-05
S17198,256515b9-6,Premium,23.44,Monthly,2023-07-07
S17199,2ca3b07e-7,Standard,14.36,Yearly,2022-01-31
S17200,de84ef30-c,Premium,7.63,Yearly,2021-09-10
S17201,18344d30-5,Standard,9.16,Yearly,2022-04-09
S17202,f4e669ee-7,Premium,13.13,Monthly,2024-02-12
S17203,57f4de58-0,Basic,21.68,Yearly,2023-12-18
S17204,7840cccb-0,Basic,10.08,Yearly,2022-05-03
S17205,f13da959-2,Standard,20.12,Monthly,2024-12-08
S17206,885715fe-3,Premium,9.41,Monthly,2025-05-26
S17207,4ff016ad-1,Standard,10.25,Monthly,2024-09-18
S17208,b018f8ce-f,Standard,4.82,Monthly,2021-11-13
S17209,4be8a72f-8,Standard,12.83,Monthly,2023-08-23
S17210,090a69b9-0,Basic,21.24,Yearly,2024-07-24
S17211,2aef4ccf-c,Standard,24.24,Monthly,
S17212,258d5344-4,Standard,16.58,Monthly,2022-12-31
S17213,318fc0b6-b,Basic,9.75,Monthly,2021-09-26
S17214,f82a6309-f,Premium,6.64,Monthly,2023-01-20
S17215,8ede3048-a,Standard,17.85,Monthly,2021-02-17
S17216,16eba817-c,Premium,23.79,Yearly,2025-08-08
S17217,486c9a68-d,Premium,15.02,Monthly,2024-11-26
S17218,84047606-4,Standard,23.89,Yearly,2025-03-15
S17219,60b2f753-d,Standard,3.67,Yearly,2025-10-29
S17220,3d7a1f4f-e,Standard,16.93,Monthly,2024-07-10
S17221,c8ce5c93-4,Premium,23.41,Monthly,2024-01-17
S17222,9e07e0de-5,Basic,9.77,Yearly,2024-09-09
S17223,0630e9ae-5,Premium,13.17,Monthly,2022-08-21
S17224,dd9fdb6a-6,Basic,16.76,Monthly,2025-01-24
S17225,ab0be7ce-3,Premium,21.19,Monthly,2023-06-08
S17226,562b3459-d,Premium,11.05,Yearly,2022-06-19
S17227,48d8a7dd-0,Premium,3.26,Yearly,
S17228,fca749b3-d,Premium,19.43,Yearly,2024-10-18
S17229,1d90a48f-3,Standard,15.52,Yearly,2022-06-21
S17230,1f524fad-d,Basic,6.14,Yearly,2021-08-10
S17231,694089d7-9,Standard,14.67,Monthly,2021-09-20
S17232,81ccbf18-f,Basic,22.4,Yearly,2024-01-08
S17233,79a4ce19-2,Basic,5.97,Yearly,2025-05-25
S17234,b7fdb61f-4,Basic,24.48,Yearly,2021-08-16
S17235,f2254617-8,Basic,5.34,Yearly,2023-04-28
S17236,bc442225-1,Basic,20.98,Yearly,2023-12-25
S17237,7668023a-6,Premium,16.23,Monthly,2023-05-31
S17238,62106ad5-b,Standard,13.26,Yearly,2025-08-30
S17239,9cd6a5e4-6,Basic,19.99,Yearly,2022-12-10
S17240,784ab6b0-d,Premium,8.09,Yearly,2024-06-23
S17241,de77e297-6,Standard,12.58,Yearly,2021-08-05
S17242,01637a68-e,Premium,6.79,Yearly,2022-08-18
S17243,4315d069-0,Premium,7.73,Yearly,2025-11-02
S17244,18a4e874-3,Basic,24.57,Monthly,2024-07-12
S17245,e4e8a526-b,Basic,24.42,Yearly,2024-06-25
S17246,04f6f476-e,Standard,19.67,Monthly,2022-03-10
S17247,e27ec77f-a,Premium,8.55,Monthly,2023-05-28
S17248,241580ca-0,Basic,9.43,Yearly,2023-08-29
S17249,177c933a-d,Basic,22.83,Monthly,2025-04-21
S17250,5097f89d-a,Premium,11.37,Monthly,2024-12-10
S17251,1cbd5e43-6,Basic,7.09,Yearly,2022-01-20
S17252,d80835a4-0,Basic,23.31,Yearly,2021-07-10
S17253,32905b23-1,Basic,24.09,Monthly,2025-12-13
S17254,015d9872-5,Basic,4.48,Yearly,2025-05-25
S17255,abaa517f-c,Premium,18.34,Y3arly,2021-08-25
S17256,050cfa8e-7,Standard,9.83,Yearly,2022-03-20
S17257,c805c627-7,Standard,5.31,Yearly,2023-04-29
S17258,807563fa-c,Premium,11.99,Monthly,2023-09-23
S17259,,Standard,23.24,Yearly,2023-05-20
S17260,e66dd012-6,Premium,7.74,Monthly,2022-02-10
S17261,468d396c-9,Basic,15.88,Monthly,2022-10-14
S17262,f1032b79-5,Premium,9.89,Yearly,2025-05-02
S17263,67d91782-6,,13.56,Monthly,2022-11-02
S17264,53a008ed-7,Basic,14.7,Monthly,2022-10-14
S17265,4ef5817b-c,Premium,7.61,Monthly,2023-08-04
S17266,e261e4b2-4,Premium,11.69,Monthly,2022-02-19
S17267,8c59b0a7-6,Basic,21.91,Yearly,2023-08-27
S17268,c3d772be-3,Standard,18.68,Yearly,2022-04-06
S17269,b8a2109e-c,Standard,19.9,Yearly,2024-07-30
S17270,3e321b86-9,Basic,3.7,Yearly,2023-01-10
S17271,84f1bbe4-3,Basic,15.0,Monthly,2024-04-29
S17272,8d99c83b-5,Premium,3.7,Yearly,2025-08-15
S17273,d764d734-2,Premium,21.89,Monthly,2021-08-30
S17274,d1db8a1b-5,Standard,13.48,,2023-12-06
S17275,e0dc835c-0,Standard,24.26,Yearly,2025-05-06
S17276,1f40a805-6,Standard,3.22,Yearly,2024-03-05
S17277,0d71b0f3-4,Premium,16.08,Monthly,2022-12-18
S17278,5d142cab-9,basic,11.76,Monthly,2021-07-24
S17279,cefd7983-a,Standard,3.53,Monthly,2024-06-14
S17280,ae48acf9-c,Standard,19.09,Monthly,2022-01-29
S17281,2d9c36c4-6,Basic,22.0,Yearly,2022-03-13
S17282,9aca52c7-1,Basic,3.75,Yearly,2021-12-18
S17283,d859a034-7,Basic,15.01,Yearly,2023-07-16
S17284,10151ced-5,Premium,11.76,Yearly,2022-11-09
S17285,534a3f16-9,Standard,21.73,Yearly,2022-11-26
S17286,50ee55cd-4,Standard,6.54,Monthly,2025-08-31
S17287,27198778-2,Basic,13.32,Monthly,2021-12-31
S17288,fa9e0bc2-8,Basic,21.96,Yearly,2023-10-05
S17289,51c11018-6,Basic,3.36,Monthly,2022-08-28
S17290,c54ea501-6,Basic,17.03,Monthly,2021-11-16
S17291,5ae92fc5-f,Premium,19.07,Yearly,2024-04-10
S17292,59ec7da5-6,Standard,11.35,Yearly,
S17293,8661bc42-d,Standard,6.09,Yearly,2023-08-04
S17294,5ac4b7e4-7,Premium,24.02,Yearly,2025-09-23
S17295,d469e2b2-d,Standard,,Monthly,2024-06-25
S17296,c974cca7-c,Basic,8.75,Monthly,2024-05-12
S17297,29d73d3a-c,Standard,3.8,Monthly,2022-08-09
S17298,52f2fceb-7,Standard,8.16,Monthly,2023-12-25
S17299,4c11dfb7-6,Premium,15.67,Yearly,2023-08-08
S17300,de55bbcc-b,Basic,20.69,Monthly,2024-05-08
S17301,77e064ec-0,Premium,14.96,Monthly,2025-07-03
S17302,183b40cb-3,Premium,,Yearly,2022-01-16
S17303,8c96725d-d,Basic,5.67,Monthly,2024-04-26
S17304,48f6f4ac-6,Basic,17.45,Monthly,2024-09-24
S17305,db449caa-a,Basic,12.08,monthly,2024-09-07
S17306,50fc143a-8,Standard,18.4,Yearly,2022-12-23
S17307,9148e29f-2,Premium,22.78,Yearly,2022-03-13
S17308,4e0a5f69-1,Premium,12.86,Monthly,2025-05-08
S17309,90c29782-b,Premium,4.85,Monthly,2023-09-02
S17310,7ee4daf9-6,Premium,24.73,Yearly,2024-04-03
S17311,0b08e15b-a,Premium,22.14,Yearly,2024-07-12
S17312,c27c378e-b,Basic,20.58,Yearly,2025-10-04
S17313,02c4ac46-e,Premium,9.6,Yearly,2023-03-15
S17314,f74a9f5a-1,Basic,8.18,Monthly,2023-12-29
S17315,96d0e193-e,Basic,23.0,Yearly,2024-07-19
S17316,48ea24a8-3,Standard,22.11,Yearly,
S17317,7b325693-e,Basic,18.68,Yearly,2023-06-09
S17318,32ccd237-a,Premium,10.16,Yearly,2024-02-12
S17319,6695403b-c,Standard,13.44,Yearly,2023-08-07
S17320,b7cbf5ac-e,Premium,18.66,Monthly,2022-05-22
S17321,39b192d0-c,Basic,9.95,Yearly,2023-04-23
S17322,bc8874f3-c,Standard,22.52,Yearly,2025-04-16
S17323,e5b4a0e4-d,Basic,10.43,Yearly,2021-11-26
S17324,7a882bf7-4,Basic,4.24,Yearly,2024-01-08
S17325,f92e9471-b,Standard,4.47,Yearly,2024-11-07
S17326,d4963cc5-4,Standard,10.25,Yearly,2025-05-02
S17327,8e1614ea-1,Standard,21.81,Monthly,2023-05-19
S17328,63b939c1-8,Premium,12.43,Monthly,2025-12-27
S17329,c9cf9b8c-5,Basic,17.8,Yearly,2025-11-27
S17330,a0bf4fee-8,Basic,5.51,Yearly,2024-05-28
S17331,fd856a7d-e,Premium,10.85,Monthly,2025-06-04
S17332,f4cb98b2-5,Standard,17.29,Monthly,2021-07-26
S17333,7f0801af-e,Premium,16.12,Yearly,2024-11-28
S17334,cf25caaf-b,Basic,23.94,Monthly,2023-08-10
S17335,d8305f65-2,Premium,21.11,Yearly,2021-08-04
S17336,f4ce9e94-7,Premium,4.93,Monthly,2025-12-20
S17337,8ceb7be4-f,Standard,8.38,Yearly,2025-04-18
S17338,1b7c6329-b,Premium,11.4,Monthly,2026-01-07
S17339,3d64bfb8-8,Basic,18.27,Yearly,2025-11-30
S17340,e81862f3-4,Basic,22.82,Yearly,2021-04-16
S17341,dba3dc67-f,Premium,7.65,Monthly,2025-02-19
S17342,11a73b38-6,Premium,12.17,Monthly,2022-11-12
S17343,e138aba4-7,Premium,10.26,Monthly,2022-06-21
S17344,1f329098-3,Standard,3.13,Yearly,2023-06-11
S17345,38e47085-1,Premium,10.36,Yearly,
S17346,69cfde06-f,Basic,21.19,Monthly,2025-02-11
S17347,6c3d6293-8,Basic,4.52,Yearly,2022-04-17
S17348,6c9edec5-b,Standard,15.82,Monthly,2024-03-10
S17349,c31117a8-4,Standard,23.24,Yearly,2022-02-13
S17350,f5eb955d-6,Premium,4.37,Monthly,2022-03-26
S17351,fb961da6-c,Basic,21.34,Monthly,2021-07-10
S17352,e6ea34a8-4,Basic,15.66,Yearly,2024-04-17
S17353,faa1b9a5-7,Basic,15.12,Yearly,2023-08-31
S17354,ee188ba6-e,Standard,14.01,Monthly,2025-06-23
S17355,43385a76-0,Standard,19.57,Yearly,2022-04-23
S17356,3febeae3-d,Standard,13.01,Yearly,2023-08-28
S17357,585058a5-7,Basic,7.53,Monthly,2024-07-04
S17358,a46cee04-e,Standard,20.24,Monthly,2024-11-21
S17359,bc43d2fb-a,Standard,22.24,Yearly,2021-05-22
S17360,413abebe-c,Basic,18.91,Yearly,2025-07-03
S17361,7ca8ac29-7,Premium,18.33,monthly,2023-04-20
S17362,6dbcdb15-0,Premium,17.9,Yearly,2021-08-03
S17363,d6fa6133-f,,17.09,Monthly,2022-09-22
S17364,abb378f7-4,Premium,14.1,Yearly,2022-03-19
S17365,1900ba3c-2,Standard,7.98,Monthly,2025-09-11
S17366,40607483-3,Standard,14.85,Monthly,2022-12-25
S17367,c018e7f8-7,Standard,4.23,Monthly,2023-12-12
S17368,bcad76c4-8,Premium,24.17,Monthly,2024-02-24
S17369,a452c4c1-6,Standard,6.99,Monthly,2022-10-23
S17370,95475d2e-6,Premium,22.16,Yearly,2021-03-19
S17371,4123e3c7-f,Standard,7.78,Yearly,2022-03-08
S17372,6f721960-6,Premium,9.34,Yearly,2023-01-04
S17373,cb05b160-c,Standard,22.53,Monthly,2025-04-01
S17374,c04d5a12-c,Standard,10.79,Yearly,2023-03-26
S17375,47a60a83-4,Premium,15.55,Yearly,2025-08-03
S17376,36153323-b,Premium,17.95,Yearly,2021-12-02
S17377,27e54f43-f,Premium,3.59,Monthly,2021-07-26
S17378,0c81eef6-f,Standard,15.1,Yearly,2023-02-21
S17379,328e5fbe-2,Basic,,Monthly,2025-07-14
S17380,d4e6cc23-5,Basic,18.16,Monthly,2021-05-29
S17381,1fa80fcb-1,Basic,4.75,Monthly,2025-09-07
S17382,f4d5a65f-d,Premium,15.81,Monthly,2022-12-24
S17383,c0939e3f-8,Standard,8.89,Monthly,2024-07-22
S17384,7ab6c7f5-6,Premium,20.46,Monthly,2024-12-03
S17385,9fb4934a-5,Premium,7.47,Monthly,2022-10-12
S17386,cd8fe4e0-7,Premium,6.66,Monthly,2024-11-11
S17387,9142e1ca-b,Standard,11.01,Yearly,2025-10-02
S17388,8d1b5969-c,Premium,3.35,Monthly,2024-05-10
S17389,53b359f7-f,Basic,15.06,Monthly,2022-09-19
S17390,21461233-5,Premium,6.24,Yearly,2025-05-18
S17391,75f554ee-3,Standard,14.31,Monthly ,2025-03-08
S17392,c7567d52-4,Premium,7.25,Yearly,2022-02-22
S17393,ced3a806-0,Standard,6.64,Monthly,2025-12-03
S17394,c1c2b534-9,Standard,3.7,Monthly,2025-03-29
S17395,55049f79-8,Standard,20.87,Monthly,2025-09-02
S17396,b55ca5f6-d,Standard,9.26,Monthly,2021-03-13
S17397,339a08b4-e,Premium,13.12,Monthly,2024-10-01
S17398,0d20b2b9-4,Standard,8.75,Monthly,2025-02-20
S17399,3af4a514-d,Standard,16.35,Monthly,2021-12-04
S17400,4bc1d896-1,Basic,10.39,Yearly,2022-03-30
S17401,e4b56df6-7,Premium,10.23,Yearly,2025-04-01
S17402,4fab7504-0,Premium,11.33,Yearly,2022-08-24
S17403,914acb15-c,Premium,10.36,Yearly,2023-06-05
S17404,e1f35368-9,Basic,19.18,Yearly,2025-04-09
S17405,f7cc7286-6,Standard,18.38,Yearly,2024-11-26
S17406,ac081e21-8,Premium,24.94,Monthly,2023-05-20
S17407,912b05c3-6,Premium,7.63,Monthly,2022-04-22
S17408,adeb7d27-0,Premium,,Monthly,2022-03-28
S17409,28b2a07b-d,Standard,18.39,Monthly,2023-03-15
S17410,71c07a3e-5,Premium,14.69,Yearly,2022-07-27
S17411,a987eeb4-0,Premium,3.36,yearly,2024-08-10
S17412,a13016e6-2,Standard,6.08,Yearly,2025-09-18
S17413,371953c9-0,Premium,24.5,Monthly,2025-09-02
S17414,,Premium,21.59,Yearly,2022-09-13
S17415,ff4ea525-f,Premium,21.95,Yearly,2025-07-06
S17416,b6230885-3,Basic,20.79,Monthly,2023-12-07
S17417,15b108a0-7,Premium,21.64,Monthly,2025-05-30
S17418,5d92bebb-5,Basic,21.86,Monthly,2024-01-25
S17419,535e0281-4,Basic,13.48,Monthly,2023-06-15
S17420,78a66105-5,Standard,20.49,Monthly,2025-04-25
S17421,4893fe43-2,Premium,21.67,Yearly,2025-08-08
S17422,558fd892-1,Basic,17.35,Yearly,2025-11-01
S17423,713b7d74-8,Premium,7.45,Monthly,2024-05-21
S17424,9672013a-0,Standard,16.21,Monthly,2021-10-06
S17425,c15f7e14-f,Standard,3.98,Yearly,2022-10-11
S17426,e2ac23ad-5,Premium,11.56,Monthly,2021-05-20
S17427,484f1c88-6,Standard,10.04,Yearly,2024-02-19
S17428,202ce647-5,Standard,10.81,Yearly,2021-07-29
S17429,ebf7b326-0,Standard,7.91,Yearly,2024-11-14
S17430,a23f40b8-c,Standard,11.59,Monthly,2021-08-08
S17431,213d0e75-2,Basic,11.75,Monthly,2022-07-05
S17432,4aff3b75-b,Premium,16.64,Yearly,2025-02-09
S17433,258d423e-d,Premium,7.33,Yearly,2024-06-13
S17434,73840d99-1,Premium,3.61,Monthly,2025-07-01
S17435,e316eacd-8,Standard,17.01,Yearly,2023-07-23
S17436,17db1394-c,Premium,4.42,Monthly,2022-03-15
S17437,98e22d47-c ,Standard,4.33,Yearly,2021-07-12
S17438,8ec1b3f5-2,Standard,16.45,Monthly,2025-08-04
S17439,fcb53886-7,Basic,,Yearly,2022-12-01
S17440,ca0d6dde-9,Standard,3.25,Yearly,2021-05-22
S17441,d11d41d0-e,Premium,14.32,Yearly,2024-11-09
S17442,c3d77226-f,Premium,19.55,Yearly,2024-10-30
S17443,8282ed4c-e,Basic,,Monthly,2021-08-28
S17444,ec42a130-f,Standard,10.32,Monthly,2022-06-06
S17445,8c7b7fcd-1,Premium,9.88,Monthly,2025-04-15
S17446,82ed4697-2,Premium,4.43,Yearly,2026-02-04
S17447,45e9250a-9,Basic,6.21,Monthly,2025-08-19
S17448,3b8f06f1-5,Basic,4.91,Yearly,2024-08-22
S17449,b05e0b92-5,Premium,12.65,Monthly,2022-11-29
S17450,3741644a-5,Premium,20.24,Monthly,2022-12-13
S17451,768d396e-1,Standard,15.68,Monthly,2024-01-03
S17452,2885ab36-a,Standard,17.43,Yearly,2022-11-10
S17453,e42e94cb-e,Premium,18.38,Yearly,2025-02-12
S17454,e02cef60-8,Basic,15.99,Monthly,2022-11-05
S17455,937646b1-1,Basic,23.14,Monthly,2023-05-31
S17456,ef498ca6-0,Standard,5.76,Monthly,2025-08-05
S17457,c9245ee3-5,Premium,19.53,Yearly,2024-01-31
S17458,7c89045a-c ,Standard,15.37,Yearly,2023-06-11
S17459,389d2f6c-3,,8.98,Yearly,
S17460,6249a790-8,Premium,7.75,Yearly,2025-12-13
S17461,1ff388ad-4,Premium,3.52,Yearly,2021-06-18
S17462,85a0745e-8,,7.64,Monthly,2023-01-27
S17463,d16a031d-c,Basic,10.99,Yearly,2022-04-19
S17464,2816bfff-a,Standard,12.59,Yearly,2023-05-23
S17465,34ac2d0e-a,Premium,10.71,Yearly,2024-09-29
S17466,70fc18a7-7,Basic,9.48,Yearly,2025-07-30
S17467,d1351ee0-d,Premium,14.75,Monthly,2021-12-05
S17468,2efdd028-8,Premium,3.77,Monthly,
S17469,2acc77f2-f,Standard,20.22,Yearly,2023-11-25
S17470,5c9b7344-5,Standard,21.53,Yearly,2022-01-16
S17471,c92f8e7e-c,standard,16.36,Yearly,2023-03-14
S17472,3317b606-f,Premium,24.89,Yearly,2025-06-12
S17473,379256da-f,Basic,23.34,Yearly,2024-02-02
S17474,c683639e-b,Standard,9.06,Yearly,2024-03-20
S17475,0d9362b3-6,Basic,23.64,Monthly,2021-03-20
S17476,46354e79-1,Standard,13.93,Monthly,2023-09-06
S17477,ec991231-5,Standard,16.75,Monthly,2026-01-12
S17478,7f2f3666-3,Basic,10.13,Monthly,2025-07-25
S17479,83020c6c-d,Basic,8.28,Yearly,2022-10-16
S17480,b81cb5f9-2,Basic,22.9,Yearly,2024-07-22
S17481,e25dee28-b,Standard,19.54,Monthly,2021-04-18
S17482,3088715a-d,Standard,20.3,Yearly,
S17483,661cab43-7,Standard,,Monthly,2023-04-02
S17484,c2892988-b,Basic,7.46,Monthly,2023-04-29
S17485,3057c39f-7,Basic,17.26,Yearly,2024-05-17
S17486,d8035e3e-2,Standard,19.91,Monthly,2025-04-03
S17487,33b5d0d8-e,Basic,19.64,Yearly,
S17488,6919fbdb-8,Basic,15.18,Yearly,2024-09-17
S17489,9cc6508f-0,Standard,23.55,Monthly,2025-05-21
S17490,6f64efaa-d,Premium,13.8,Yearly,2021-11-27
S17491,63a470a3-a,Basic,21.57,Monthly,2021-06-05
S17492,e7a06a5c-c,Basic,14.9,Yearly,2024-03-18
S17493,25ca447a-c,Standard,18.26,Monthly,2021-12-15
S17494,5935d790-8,Premium,5.51,Monthly,2024-12-23
S17495,1dfcc9ab-b,Standard,16.58,Monthly,2021-08-16
S17496,1861d986-f,Premium,5.73,Monthly,2025-03-23
S17497,b18eb107-4,Basic,4.19,Monthly,2022-05-30
S17498,36254008-c,Premium,14.21,Yearly,2023-12-12
S17499,51e55291-a,Basic,3.19,Monthly,2024-05-17
S17500,b675652b-7,Standard,22.29,Monthly,2021-05-26
S17501,2958c300-2,Basic,21.97,Monthly,2025-06-21
S17502,620a9180-2,Basic,10.81,Yearly,2022-04-10
S17503,85d2ce38-a,Premium,23.39,Yearly,2022-08-24
S17504,d8f6ee45-5,Basic,24.1,Yearly,2025-07-22
S17505,154f1f09-4,Premium,3.86,Yearly,2021-06-10
S17506,368142fa-9,Basic,8.01,Monthly,2021-06-29
S17507,d32b2bd0-9,Premium,13.47,Yearly,2022-06-23
S17508,20ad5d4d-5,Premium,22.1,Monthly,2024-01-15
S17509,f254484a-5,Basic,4.52,Yearly,2025-04-19
S17510,a4df70f0-0,Standard,23.84,Yearly,2024-11-15
S17511,d1b14adf-1,Premium,12.79,Monthly,2022-03-10
S17512,abb6a8b3-7,Basic,18.74,Yearly,2021-10-24
S17513,ed8147b3-0,Basic,15.02,Yearly,2025-11-20
S17514,5474d829-f,Standard,8.31,Yearly,2024-03-27
S17515,ede89792-4,Standard,10.49,Yearly,2021-10-11
S17516,66e28de6-2,Standard,12.72,Monthly,2024-11-11
S17517,d3d931d3-e,,12.73,Monthly,2022-11-12
S17518,0490cb43-b,Basic,7.22,Yearly,2022-07-08
S17519,5ed4d328-b,Standard,11.26,Monthly,2024-05-24
S17520,3b1cb53c-c,Premium,16.55,Monthly,2025-03-08
S17521,8017164f-7,Basic,22.02,Yearly,2024-10-22
S17522,da45315a-e,Standard,19.76,Yearly,2023-01-26
S17523,516997d5-d,Standard,17.56,Monthly,2025-06-10
S17524,036e366d-9,Premium,17.96,Monthly,2024-04-09
S17525,aa30277c-e,Basic,8.87,Yearly,2023-01-08
S17526,44be2ffd-0,Premium,24.94,Monthly,2022-12-11
S17527,bfb062b8-1,Basic,12.03,Yearly,2021-07-18
S17528,e6de072e-b,Premium,11.15,Monthly,2022-02-18
S17529,54884eed-3,Standard,9.48,Yearly,2022-10-22
S17530,6fb07be3-5,Standard,23.67,Yearly,2025-08-27
S17531,07055d7f-4,Basic,,Yearly,2024-07-28
S17532,d4abde68-2,Basic,22.27,Yearly,2021-04-04
S17533,18fa4bb3-5,Basic,20.02,Yearly,2023-12-13
S17534,e4246584-a,Basic,5.12,Yearly,2024-07-10
S17535,dc61f631-3,Basic,7.94,Yearly,2024-09-19
S17536,5f88beb9-f,Basic,7.56,Yearly,2024-10-22
S17537,9230bf19-b,Standard,17.63,Monthly,2024-09-23
S17538,feebf1bd-9,Basic,4.73,Yearly,2021-02-19
S17539,cdcb5781-7,Basic,23.12,Yearly,2023-09-04
S17540,7b537409-d,Standard,21.59,Monthly,2022-06-24
S17541,30bdc6ca-8,Standard,16.1,Monthly,2022-03-19
S17542,8d57951e-d,Premium,7.6,Yearly,2023-11-07
S17543,5521c7f0-2,Basic,18.13,Yearly,
S17544,b3e37a4f-1,Premium,12.18,Yearly,2024-02-03
S17545,24706beb-4,Basic,9.4,Monthly,2025-04-09
S17546,5548633a-c,Premium,5.32,Monthly,2024-05-15
S17547,0e789da3-a,Premium,18.37,Monthly,2021-12-15
S17548,14daa369-c,Premium,20.1,Monthly,2024-09-04
S17549,c8f61215-4,Standard,18.01,Yearly,2025-07-01
S17550,6b09d136-2,Premium,6.23,Monthly,2022-12-16
S17551,34fd1c8b-d,Basic,7.07,Yearly,2023-08-13
S17552,052605a2-b,Premium,17.05,Yearly,2023-02-16
S17553,c357bd78-7,Standard,16.9,Monthly,2022-07-24
S17554,c19a3859-4,Basic,24.5,Yearly,2025-12-23
S17555,bf640945-9,Standard,14.79,Monthly,2025-04-26
S17556,01dabe89-7,Premium,9.89,Yearly,2022-09-18
S17557,74f73384-d,Standard,15.92,Monthly,2026-01-13
S17558,8194cafe-c,Basic,9.8,Yearly,2022-12-01
S17559,72f9f1e6-3,Standard,3.22,Yearly,2025-07-06
S17560,f2218bea-0,Premium,8.85,Monthly,2026-01-08
S17561,7f56c76d-3,Standard,8.76,Yearly,2025-05-28
S17562,0bf7a646-1,Standard,20.94,Monthly,2023-03-23
S17563,b9abd80b-1,Premium,6.76,Yearly,2021-05-23
S17564,08a3f445-2,Basic,20.93,Monthly,2024-08-02
S17565,cb887b92-c,Standard,20.63,Monthly,2025-11-11
S17566,1cf1781f-5,Premium,10.18,Yearly,2025-04-22
S17567,a98b3175-f,Premium,14.85,Yearly,2024-04-22
S17568,7ec13b24-3,Standard,22.36,Monthly,2022-01-27
S17569,958c26a0-3,Basic,10.57,Monthly,2021-03-01
S17570,9a1219db-9,Standard,19.92,Monthly,2024-01-15
S17571,f1aa1f82-8,Basic,16.58,Yearly,2021-03-09
S17572,c42670fb-4,Premium,7.13,Monthly,2024-02-08
S17573,ba22a1fc-7,Standard,5.46,Yearly,2023-05-30
S17574,51cc91d9-7,Basic,14.38,Monthly,2024-12-06
S17575,de4bc02a-1,Premium,24.3,Monthly,2024-06-09
S17576,9ae9ba80-c,Standard,8.34,Monthly,2025-01-10
S17577,444f4f12-7,Premium,12.98,Yearly,2021-06-27
S17578,a5965e4f-6,Standard,21.33,Yearly,2021-04-25
S17579,b3682a36-0,Basic,19.12,Monthly,2023-10-30
S17580,76172f42-b,Basic,4.08,Monthly,2023-02-04
S17581,7a11b53c-0,Premium,24.29,Monthly,2021-05-28
S17582,5729bdf1-a,Standard,19.37,Monthly,2025-12-19
S17583,875a5467-9,Premium,14.42,Yearly,2026-01-15
S17584,8e1014f7-4,Basic,8.79,Monthly,2025-02-10
S17585,e5cc016d-9,Basic,23.65,Monthly,2024-06-12
S17586,582b618f-b,Premium,16.17,Yearly,2023-07-23
S17587,12378c97-5,Basic,4.14,Yearly,2023-10-03
S17588,e0b8b277-d,Standard,7.54,Y3arly,2024-10-28
S17589,689e6384-e,Standard,13.18,Monthly,2024-10-25
S17590,2e8aae52-3,Premium,15.36,Yearly,2025-04-28
S17591,0b3733ad-7,Standard,10.73,Yearly,2024-12-22
S17592,58c7f339-1,Premium,5.46,Monthly,2021-09-27
S17593,b7c97682-7,Premium,18.05,Monthly,2024-08-02
S17594,cef6f289-3,Standard,20.33,Monthly,2022-11-22
S17595,1abb98c2-7,Premium,14.69,Monthly,2022-07-21
S17596,054ebf0c-0,Basic,10.52,Monthly,2023-12-09
S17597,9221ca64-0,Basic,18.11,Yearly,2024-07-11
S17598,e845065c-d,Standard,24.25,Yearly,2022-06-27
S17599,751f2262-b,Standard,21.22,Monthly,2024-10-31
S17600,a2e52571-1,Premium,16.79,Yearly,2025-07-27
S17601,1258db19-b,Premium,10.67,Monthly,2025-08-26
S17602,acf9f2da-8,Premium,14.79,Yearly,2024-05-10
S17603,76e65f11-e,Basic,17.44,Yearly,2022-08-18
S17604,270ea35c-9,Premium,6.48,Yearly,2024-10-01
S17605,650c86b4-f,Basic,9.8,Monthly,2022-04-10
S17606,3574977d-e,Standard,13.0,Yearly,2021-11-23
S17607,0c27f0d4-3,Standard,19.39,Yearly,2023-07-18
S17608,84a09c0d-0,Standard,24.62,Monthly,2023-01-02
S17609,2b6a1306-f,Premium,5.07,Yearly,2023-08-31
S17610,672e8f5b-a,Premium,13.49,Monthly,2024-12-29
S17611,345e3670-f,Basic,4.55,Monthly,2021-04-16
S17612,7b86f463-8,Standard,11.69,Yearly,2025-07-08
S17613,f3cd0047-a,Standard,7.97,Monthly,2025-10-15
S17614,5e3780f9-f,Premium,6.51,Monthly,2025-04-05
S17615,377806cc-2,Basic,12.28,Yearly,2023-08-10
S17616,64d12de8-2,Basic,8.4,Yearly,2024-11-10
S17617,ac6cff42-6,Standard,9.8,Yearly,2021-12-19
S17618,0a3dd4d5-1,Basic,10.32,Monthly,2022-10-20
S17619,8f341a60-b,Basic,22.63,Yearly,2023-05-22
S17620,6beae95a-f,Premium,10.15,Yearly,2023-12-26
S17621,c44abc49-4,Premium,9.41,Yearly,2024-09-11
S17622,deb4670d-6,Premium,3.24,Monthly,2024-10-15
S17623,b8158ced-a,Standard,20.19,Yearly,2025-05-26
S17624,68411481-4,Standard,24.08,Monthly,
S17625,5f052e43-5,Basic,9.68,Yearly,2024-10-11
S17626,fd06adce-4,Standard,7.63,Monthly,2025-05-05
S17627,324524e1-0,Standard,17.51,Monthly,2023-04-24
S17628,76a9a5df-b,Standard,23.5,Monthly,2021-11-18
S17629,36724cd9-3,Standard,13.27,Yearly,2021-08-27
S17630,8911d0fb-f,Premium,24.48,Yearly,2026-01-31
S17631,af88f795-c,Premium,3.23,Monthly,2023-08-24
S17632,968a0760-5,Premium,12.29,Monthly,2023-08-04
S17633,9f2e1980-8,Basic,10.16,Monthly,2021-05-15
S17634,641ca5f4-9,Standard,9.55,Yearly,2023-03-09
S17635,250aa5d6-d,Standard,11.78,Yearly,2021-08-14
S17636,10e41c01-f,Basic,6.15,Yearly,2022-01-21
S17637,0835edb5-7,Premium,6.35,Yearly,2023-02-25
S17638,f584fe47-9,Basic,8.37,Yearly,2022-10-27
S17639,717870b9-c,Standard,15.89,Yearly,2026-02-02
S17640,15c2fb45-2,Basic,18.38,Monthly,2021-11-08
S17641,4b5e7dcf-5,Standard,19.65,Yearly,2022-06-02
S17642,e91bae81-8,Standard,14.85,Yearly,2021-03-03
S17643,8b126665-5,Premium,13.4,Yearly,2022-03-25
S17644,2ec7756d-0,Basic,5.24,Yearly,2023-04-15
S17645,b4e311b9-c,Standard,17.09,Yearly,2024-10-14
S17646,788184c5-b,Basic,4.52,Yearly,2023-05-24
S17647,ed6b110b-9,Basic,18.22,Yearly,2021-07-01
S17648,23d00de8-5,Premium,16.74,Yearly,2024-02-04
S17649,4b54e0f1-7,Standard,11.44,Monthly,2023-01-04
S17650,809cfc45-e,Basic,5.03,Yearly,2024-08-17
S17651,d562c8d5-0,Basic,6.72,Yearly,2024-05-28
S17652,b7afd02a-d,Standard,16.6,Yearly,
S17653,84efd545-3,Premium,4.0,Monthly,2022-10-14
S17654,62442603-b,Premium,18.21,Yearly,2025-11-17
S17655,e0fd53ee-3,Premium,8.17,Monthly,2024-05-10
S17656,cc3d5e72-0,Basic,17.31,Yearly,2023-11-02
S17657,6216585b-d,Standard,13.3,Yearly,2021-04-19
S17658,40238d21-2,Basic,15.93,Monthly,2024-01-08
S17659,4f15c6d3-5,Premium,18.99,Yearly,2023-04-21
S17660,f6e5348c-0,Premium,16.47,Yearly,2022-12-29
S17661,d03367c6-b,Basic,12.99,Monthly,2024-08-30
S17662,6a985aa1-b,Premium,17.21,Monthly,2021-03-07
S17663,45e4bc8f-c,Basic,13.87,Yearly,2024-06-23
S17664,10e73d28-b,Standard,5.83,Monthly,2025-01-19
S17665,0aa55430-3,Standard,23.71,Yearly,2023-08-18
S17666,1f2f9579-1,Standard,13.51,Yearly,2021-03-08
S17667,3a1a8698-c,Premium,8.81,Monthly,2023-04-02
S17668,b9b6fd0d-5,Standard,22.41,Monthly,2024-02-29
S17669,2881967b-1,Standard,15.65,Yearly,2023-01-14
S17670,042fe98c-4,Premium,9.99,Yearly,2023-02-02
S17671,29eb7be5-5,Basic,14.16,Monthly,2022-03-14
S17672,ace8753e-7,Standard,24.11,Monthly,2023-06-07
S17673,88fffa7d-e,Premium,9.78,Monthly,2024-07-04
S17674,38d2bb6d-1,Standard,23.86,Yearly,2025-07-27
S17675,188142d4-7,Premium,5.39,Monthly,2024-09-29
S17676,51423325-2,Premium,21.3,Yearly,2025-05-02
S17677,6b4b3ecf-e,Standard,15.09,Monthly,2022-07-09
S17678,c96137fb-8,Basic,16.72,Yearly,
S17679,76dd9641-6,Premium,,Yearly,2024-02-11
S17680,940f07cd-1,Standard,6.6,yearly,2021-09-17
S17681,618806d6-4,Premium,9.81,Yearly,2021-12-29
S17682,11928d53-8,Premium,14.83,Monthly,2023-07-04
S17683,e4c36042-1,Premium ,11.08,Monthly,2025-07-22
S17684,cbf09a96-e,Basic,16.53,Monthly,2023-01-18
S17685,dad7533b-6,Premium,8.77,Monthly,2022-12-04
S17686,a9ca6f31-6,Standard,5.6,Monthly,2024-10-04
S17687,78ab4077-b,Premium,19.51,Yearly,2024-05-22
S17688,71df572c-e,Basic,9.86,Yearly,2023-09-08
S17689,b2d5f209-a,Basic,21.79,Yearly,2022-11-29
S17690,6f245c2c-8,Premium,20.04,Monthly,2022-01-20
S17691,2160d593-2,Standard,14.03,Monthly,2024-10-02
S17692,fff0834b-0,Standard,16.17,Yearly,2021-11-18
S17693,c4697ff1-0,Premium,11.38,Monthly,2023-11-08
S17694,8b3fd949-6,Basic,11.19,Yearly,2021-07-12
S17695,b5a957cd-3,Standard,8.23,Monthly,2021-06-22
S17696,e954f7f6-3,Premium,8.17,Monthly,2022-09-19
S17697,e4984236-0,Basic,10.05,Monthly,2025-04-13
S17698,0145cfad-f,Basic,13.6,Monthly,2022-02-11
S17699,ed5a7581-7,Premium,7.39,Yearly,2023-09-10
S17700,9706f349-9,Standard,7.37,Yearly,2025-09-04
S17701,a313b671-5,Standard,10.5,Monthly,2024-09-01
S17702,aae7d9d4-8,Standard,8.85,Yearly,2025-07-04
S17703,9710984c-d,Premium,9.2,Yearly,2025-06-05
S17704,747033a2-8,Standard,24.13,Yearly,2026-01-23
S17705,8182272e-a,Basic,22.23,Yearly,2021-04-16
S17706,12def47a-2,Premium,19.76,Monthly,2025-09-24
S17707,19eab96e-e,Basic,22.38,Monthly,2022-05-31
S17708,224956db-4,Basic,19.22,Yearly,2022-09-08
S17709,c6be3604-1,Premium,14.04,Yearly,2024-03-23
S17710,19e363f1-2,Premium,6.45,Monthly,2024-09-07
S17711,3db7e81f-6,Standard,12.9,Yearly,2022-02-14
S17712,aa3b7dcc-8,Premium,4.25,Monthly,2022-01-12
S17713,11a7ae03-2,Premium,7.67,Yearly,2025-01-09
S17714,f627c925-8,Premium,24.78,Yearly,2022-04-03
S17715,225aea58-7,Basic,22.99,Yearly,2025-06-02
S17716,e338c5d6-4,Standard,15.14,Yearly,2024-03-26
S17717,b5b0ba19-3,Premium,24.31,Monthly,2023-11-09
S17718,22a8bb2e-d,Standard,20.65,Yearly,2025-05-17
S17719,74d1aa52-a,Premium,4.22,Monthly,2025-04-14
S17720,19606a8f-f,Premium,18.56,yearly,2025-04-08
S17721,b0616605-7,Standard,22.78,Yearly,2022-01-14
S17722,75b3cb5c-1,Basic,23.09,Monthly,2022-08-22
S17723,c1255108-d,Basic,10.33,Monthly,2025-05-07
S17724,1e903653-c,Standard,8.09,Yearly,2025-12-30
S17725,f57cee1a-6,Premium,6.45,Monthly,2025-04-26
S17726,6fe29703-5,Basic,15.27,Yearly,2024-06-25
S17727,95d0fb89-f,Basic,14.32,Monthly,2023-10-11
S17728,01e81967-6,Standard,10.51,Yearly,2023-04-19
S17729,a38706f0-b,Basic,21.68,Yearly,2021-02-22
S17730,3bc95e34-b,Premium,20.88,Yearly,2024-12-24
S17731,65c4f4b3-9,Premium,19.97,Monthly,2021-06-14
S17732,c8372f11-c,Basic,,Monthly,2025-12-16
S17733,78671d07-3,Premium,15.6,Yearly,2022-04-05
S17734,8b958360-2,Premium,20.22,Yearly,2021-06-05
S17735,d0595c72-8,Premium,,Monthly,2022-02-12
S17736,2215a31f-8,Premium,16.92,,2022-01-02
S17737,640e750a-2,Premium,21.66,Yearly,2022-10-05
S17738,dff38be7-4,Premium,17.82,Yearly,2024-03-10
S17739,6086ce98-9,Standard,19.52,Yearly,2022-07-19
S17740,4fc082c6-d,Basic,22.67,Monthly,2022-03-26
S17741,6e8e73c9-b ,Standard,15.08,Monthly,2025-08-04
S17742,3dd97187-8,Premium,13.06,Monthly,2023-07-01
S17743,e33308d9-a,Basic,17.61,Monthly,2021-02-12
S17744,5f7c5638-6,Premium,13.5,Monthly,2023-11-03
S17745,8e174901-6,Basic,10.77,Yearly,2024-07-11
S17746,28d101d6-a,Premium,8.66,Monthly,2022-03-20
S17747,92c17ef0-6,Standard,19.91,Monthly,2025-12-03
S17748,715da4ad-9,Premium,17.91,Yearly,2024-01-14
S17749,4d792456-1,Premium,5.63,Yearly,2023-01-21
S17750,5d122dfd-7,Standard,12.16,Yearly,2022-07-03
S17751,06b30799-4,Premium,20.85,Yearly,2025-03-11
S17752,a91fbf1f-d,Basic,3.1,Monthly,2023-06-23
S17753,238fbed9-5,Standard,24.93,Yearly,2024-07-21
S17754,,Basic,3.9,Monthly,2025-07-09
S17755,7d7df040-3,Standard,17.56,Monthly,2024-08-12
S17756,db73906c-9,Standard,9.86,Monthly,2025-06-12
S17757,2c8b2726-0,Standard,20.86,Yearly,2021-06-28
S17758,5d69a9c5-6,Basic,22.79,Yearly,2023-01-19
S17759,b8b75ad4-c,Standard,23.2,Yearly,2021-04-26
S17760,241c6120-f,Standard,8.12,Monthly,2021-07-15
S17761,177ccabe-f,Standard,3.32,Yearly,2024-04-19
S17762,99fb85f6-2,Standard,18.43,Monthly,2026-02-06
S17763,3e1ccc97-c,Basic,20.75,Yearly,2025-09-18
S17764,502b258d-f ,Standard,24.85,Monthly,2022-02-24
S17765,9d69ce83-3,Premium,24.88,Monthly,2025-04-24
S17766,b5b55045-d,Standard,20.0,Yearly,2023-04-29
S17767,93e56878-d,Standard,24.67,Monthly,2021-06-22
S17768,d5c4e2e8-d,Standard,24.14,Yearly,2024-02-01
S17769,25630709-2,Premium,15.33,Yearly,2025-11-12
S17770,c53068cc-e,Basic,11.58,Monthly,
S17771,29b6618f-4,Basic,13.02,Yearly,2022-08-30
S17772,12841a98-3,Standard,5.88,Monthly,2023-07-30
S17773,ed039d6c-f,Premium,18.23,Yearly,2022-12-05
S17774,36707942-2,Standard,23.66,Monthly,2021-07-08
S17775,baf80f82-2,Basic,18.16,Yearly,2024-07-04
S17776,fdce6f79-a,Premium,14.1,Monthly,2023-07-16
S17777,aadce074-3,Premium,23.2,Yearly,2025-12-29
S17778,5f09fbbe-b,Premium,11.71,Yearly,2023-06-13
S17779,a9ce5f47-e,Standard,16.56,Yearly,2023-10-18
S17780,c46bdae6-b,Premium,4.51,Yearly,2023-03-15
S17781,d6d20472-a,Premium,19.19,Yearly,2024-01-08
S17782,af08903b-b,Standard,9.85,Yearly,2025-01-13
S17783,78969064-d,Premium,12.45,Yearly,2022-08-30
S17784,d90b6e01-7,Premium,17.19,Yearly,2025-12-28
S17785,d4abc9b9-b,Premium,24.9,Monthly,2025-12-31
S17786,2a1825f2-6,Standard,15.92,Yearly,2022-04-16
S17787,ebfce1df-7,Standard,24.9,Monthly,2024-07-17
S17788,b912eb90-8,Basic,17.82,Monthly,2022-05-25
S17789,3a37f5a8-0,Basic,11.2,Yearly,2022-05-17
S17790,c95f84aa-4,Standard,11.26,Monthly,2025-04-08
S17791,d18dcbf5-4,Basic,17.27,Monthly,2022-06-11
S17792,1f031c49-6,Premium,15.06,Yearly,2024-09-22
S17793,37ced671-6,,17.65,Monthly,2021-04-07
S17794,acb979e0-0,Standard,8.25,Monthly,2022-09-09
S17795,ba864ed5-7,Standard,,Monthly,2024-01-09
S17796,c21ccb87-d,Standard,5.7,Yearly,2025-06-24
S17797,d9abb1de-7,Premium,12.54,Yearly,2023-11-12
S17798,79e211a2-4,Standard,7.38,Yearly,2021-06-25
S17799,d6922986-d,Standard,16.92,Monthly,2023-11-20
S17800,f0935c15-a,Premium,15.55,Monthly,2022-10-04
S17801,655bb5f0-5,Basic,6.61,Yearly,2022-12-06
S17802,416053fe-4,Premium,12.45,Monthly,2022-11-30
S17803,384b0b9f-d,Standard,24.44,Monthly,2021-04-30
S17804,,Standard,23.06,Yearly,2023-03-04
S17805,cf8cdf75-e,Premium,13.0,Monthly,2021-12-09
S17806,1730c3f6-f,Standard,17.75,Yearly,2024-02-13
S17807,3f40617c-c,Standard,5.87,Monthly,2025-01-07
S17808,01ff3e24-3,Standard,10.9,Yearly,2025-06-14
S17809,405f78d0-0,Premium,7.45,Monthly,2022-01-08
S17810,6855d570-d,Basic,8.62,Monthly,2025-06-19
S17811,95cf81f6-e,Basic,6.09,Monthly ,2024-08-23
S17812,25608ab4-f,Standard,17.79,Monthly,2023-08-23
S17813,58aa3c77-d,Basic,4.85,Monthly,2024-03-20
S17814,7556b534-4,Premium,20.99,Monthly,2023-02-05
S17815,e8de685f-4,Basic,13.91,Monthly,2024-09-11
S17816,ff63d292-8,Standard,,Monthly,2023-03-09
S17817,6c13f509-0,Premium,5.27,Monthly,2025-02-25
S17818,dc7f8809-e,Premium,9.79,Monthly,2023-09-07
S17819,abe40783-2,Premium,14.19,Monthly,2025-07-17
S17820,bbb373fe-b,Standard,19.77,Yearly,2025-09-18
S17821,0bdd7c29-0,Premium ,23.29,Yearly,2021-03-04
S17822,f9a162e0-7,Premium,21.05,Monthly,2023-07-27
S17823,414da3b4-d,Standard,16.85,Yearly,2022-11-19
S17824,dd2b2a4d-e,Premium,8.61,Monthly,2025-07-09
S17825,d639efc1-a,Standard,24.79,Yearly,2021-08-08
S17826,80d75b9e-6,Basic,19.7,Yearly,2026-02-03
S17827,23f90431-6,Basic,8.71,Monthly,2025-09-28
S17828,66644059-a,Basic,12.2,Yearly,2021-06-01
S17829,44bd02e5-c,Standard,8.26,Yearly,2022-06-12
S17830,ce09fed0-a,Premium,3.77,Monthly,2024-07-02
S17831,1fd627f4-3,Basic,18.67,Monthly,2024-03-05
S17832,c1579690-c,Standard,4.02,Monthly,2021-03-31
S17833,8e56fd39-e,Basic,14.28,Monthly,2023-05-15
S17834,e8d46c51-2,Standard,16.92,Yearly,2024-05-30
S17835,8d3412da-a,Standard,21.71,Yearly,2025-03-06
S17836,ee455b93-4,Basic,11.1,Yearly,2024-09-16
S17837,535fa649-e,Standard,7.47,Monthly,2025-04-01
S17838,2a58d761-3,Premium,10.47,Monthly,2024-07-26
S17839,5567c1bc-2,Standard,10.6,Yearly,2024-10-23
S17840,6077c673-a,Standard,3.13,Yearly,2021-04-06
S17841,9a0dab06-2,Standard,11.74,Monthly,2022-02-21
S17842,c2be8e59-9,Premium,22.04,Monthly,2021-11-20
S17843,dd4d19bc-5,Basic,7.94,Monthly,2023-09-06
S17844,fba0a086-8,Premium,22.01,Monthly,2022-05-25
S17845,3ae5ef1e-c,Basic,11.04,Yearly,2022-03-19
S17846,6dc68a1b-9,Premium,15.18,Yearly,2024-04-17
S17847,3887e215-5,Basic,11.38,Monthly,2022-11-21
S17848,44d33933-b,Standard,13.6,Yearly,2021-06-19
S17849,f060dbbf-4,Basic,7.02,Monthly,2023-09-14
S17850,87408ada-d,Standard,23.41,Yearly,2021-10-16
S17851,a919d4fe-1,Premium,23.17,Monthly,2023-11-13
S17852,107f5952-3,Basic,18.58,Yearly,2021-06-24
S17853,a339724a-1,Standard,14.0,Yearly,2022-07-05
S17854,b2ce645f-4,Premium,8.13,Yearly,2022-07-16
S17855,4c09cfcf-7,Basic,8.08,Yearly,2022-07-04
S17856,8b1cc7f5-3,Standard,24.61,Monthly,2021-07-20
S17857,0b3ec91c-d,Standard,9.23,Monthly,2026-01-15
S17858,a218ba56-4,Standard,11.9,Yearly,2021-07-02
S17859,1ec59d9a-1,Standard,13.96,Monthly,2024-01-18
S17860,f8f97f57-9,Premium,15.69,Yearly,2025-05-15
S17861,c3e8f3b3-9,Premium,16.01,Monthly,2022-01-29
S17862,77becece-0,Basic,13.55,Yearly,2022-04-22
S17863,5bf5ff63-c,Basic,7.81,Monthly,2022-09-27
S17864,2f959fa0-6,Standard,4.94,Yearly,2021-12-02
S17865,66219260-3,Premium,23.15,Monthly,2023-09-05
S17866,678a0a33-7,Premium ,7.67,Monthly,2023-08-04
S17867,ac05a602-3,Premium,13.57,Yearly,2021-02-09
S17868,49cc0685-0,Basic,14.52,Monthly,2021-10-08
S17869,af6d4f40-9,Standard,5.66,Yearly,2025-09-10
S17870,be8effff-f,Standard,5.45,Monthly,2025-03-18
S17871,aeca4bad-3,Standard,22.42,Monthly,2025-05-12
S17872,ca6fc0f2-5,Premium,10.7,Yearly,2022-01-14
S17873,0e11ff6f-6,Standard,11.49,Yearly,2022-02-16
S17874,28e36201-2,Basic,19.02,Monthly,2025-08-05
S17875,948e670e-a,Premium,4.61,Monthly,2023-05-08
S17876,33f721b7-0,Premium,12.08,Monthly,2024-03-28
S17877,2228a302-a,Standard,14.15,Yearly,2022-02-12
S17878,099b34ca-9,Standard,13.9,Monthly,2024-03-30
S17879,51cd0e62-4,Standard,,Yearly,2024-09-26
S17880,3a1f9815-5,,5.86,Yearly,2021-03-13
S17881,9a43967f-0,Basic,5.88,Monthly,2022-02-04
S17882,41a752b6-0,Premium,13.78,Yearly,2023-05-21
S17883,e036f79f-7,Standard,10.8,Yearly,2024-04-01
S17884,5e34a841-6,Standard,9.08,Monthly,
S17885,6460ced0-d,Basic,22.43,Yearly,2022-11-29
S17886,d0290a82-0,Premium,17.61,Yearly,2021-07-26
S17887,ae010536-a,Standard,12.92,Monthly,2021-10-08
S17888,f2b879e1-d,Standard,7.91,Yearly ,2022-11-07
S17889,f8127a7f-8,Basic,5.87,Monthly,2022-06-26
S17890,af77821d-a,Basic,18.55,Monthly ,2023-02-09
S17891,99840e45-5,Standard,15.01,Yearly,2022-01-18
S17892,a349e240-5,Basic,3.84,Monthly,2023-08-01
S17893,9b407a7a-f,Basic,9.53,Yearly,2023-08-10
S17894,d04c0a59-9,Premium,9.63,Yearly,2024-06-30
S17895,3e40956e-8,Premium,18.3,Yearly,2025-01-16
S17896,53fc4642-1,Standard,9.62,Yearly,2021-06-27
S17897,37da7d50-f,Basic,10.29,Monthly,2023-07-05
S17898,21a2153b-e,Standard,13.3,Yearly,2022-11-11
S17899,066a3e85-c,Premium,19.17,Yearly,2022-09-03
S17900,c047b856-a,Standard,6.58,Monthly,2021-03-28
S17901,3169e26d-1,Basic,12.71,Yearly,2025-01-28
S17902,4a4a9fbe-c,Basic,8.32,Monthly,2022-07-07
S17903,12f36b51-5,Standard,4.26,Yearly,2024-08-05
S17904,85263f57-2,Pr3mium,24.5,Monthly,2024-01-10
S17905,db89b111-1,,,Monthly,2025-08-18
S17906,b175c1f4-1,Premium,18.75,Monthly,2024-10-04
S17907,5439e73e-e,Premium,6.75,Yearly,2024-06-24
S17908,b693b43e-b,Basic,3.94,Yearly,2022-01-01
S17909,b62b46fe-e,Basic,15.79,Yearly,2021-08-08
S17910,0392861b-c,Basic,18.03,Yearly,2022-06-10
S17911,3a58c6f2-2,Premium,21.31,Monthly,2021-08-26
S17912,c1e56996-3,Premium,23.38,Yearly,2022-09-19
S17913,2bafdee3-6,Premium,14.88,Monthly,2023-04-22
S17914,773100e2-a,Standard,11.56,Monthly,2022-02-04
S17915,9d2d59e8-5,Premium,15.54,Monthly,2025-12-06
S17916,196cfa00-a,Basic,20.81,Monthly,2026-02-09
S17917,9522ae07-d,Premium,20.47,Yearly,2021-08-11
S17918,e5a1c54d-f,Basic,17.99,Monthly,2025-03-16
S17919,4334f647-8,Basic,19.31,Yearly,
S17920,4d9ac58e-1,Standard,11.19,Yearly,2024-03-13
S17921,f4c918a3-5,Premium,8.13,Yearly,2025-03-16
S17922,ae55c760-1,Premium,22.08,Yearly,2021-06-22
S17923,74d20117-a,Standard,20.7,Monthly,2023-10-02
S17924,bea0bc91-6,Basic,7.73,Yearly,2021-03-26
S17925,392df5d9-d,Standard,8.29,Monthly,2021-06-05
S17926,0ebadd86-4,Basic,17.68,Monthly,2024-06-04
S17927,d5b2099e-0,Basic,19.61,Monthly,2025-08-13
S17928,c3d08f7e-6,Basic,24.45,Yearly,2021-06-12
S17929,8edd70bc-7,Standard,13.78,Monthly,2024-07-01
S17930,ba9c4369-6,Basic,22.27,Monthly,2023-11-05
S17931,59d6f2d5-f,Premium,21.72,Monthly,2022-10-29
S17932,1045035c-5,Premium,24.57,Yearly,2025-02-16
S17933,cd162113-8,Premium,4.51,Yearly,2024-12-01
S17934,68261841-0,Premium,22.03,Monthly,2023-01-13
S17935,53cee36c-2,Standard,17.72,Monthly,2024-06-19
S17936,79e9d06f-9,Basic,5.92,Monthly,2023-09-24
S17937,5cdfb21e-e,Standard,15.06,Yearly,2024-09-20
S17938,dc81b0ef-8,Premium,4.13,Yearly,2022-06-19
S17939,93eb31e3-1,Standard,7.55,Yearly,2022-08-17
S17940,eb644f8e-f,Basic,8.61,yearly,2025-06-29
S17941,83623131-7,Basic,24.37,Monthly,2023-12-15
S17942,4c8c1fbe-b,Basic,5.02,Yearly,2026-02-01
S17943,4264bbf3-c,Basic,6.45,Yearly,2023-03-11
S17944,6452a449-e,Standard,4.05,Yearly,2021-06-19
S17945,8f3bcce5-7,Premium,,monthly,2022-12-30
S17946,b27eb087-2,Premium,7.31,Monthly,2021-11-01
S17947,2e2578bc-5,Standard,9.43,Yearly,2024-07-29
S17948,4e6956c0-7,standard,11.94,Monthly,2024-11-05
S17949,5196132a-b,Premium,8.09,Monthly,2023-10-10
S17950,5f809952-f,Premium,20.4,Yearly,2021-04-23
S17951,2e0be61c-f,Standard,,Yearly,2024-05-15
S17952,0872d806-c,Standard,13.7,Yearly,2022-06-13
S17953,c5f33888-e,Premium,6.95,Monthly,
S17954,48669df9-7,Standard,8.94,Monthly,2023-12-30
S17955,379342e6-9,Basic,4.46,Monthly,2022-01-03
S17956,9c5a3853-8,standard,15.09,Yearly,2024-07-07
S17957,d2886f1c-9,Basic,17.86,Yearly,2024-12-08
S17958,091761c7-3,Premium,6.61,Monthly,2021-05-12
S17959,1e6af647-5,Basic,15.63,Monthly,
S17960,dfcb4dc8-0,Premium,23.68,Yearly,2024-02-07
S17961,7521be3e-7,Basic,3.33,Monthly,2021-05-07
S17962,946c90eb-c,Basic,,Yearly,2025-03-04
S17963,06a29ba2-5,Standard,12.81,Yearly,2022-03-26
S17964,223f2be4-e,Basic,15.78,Yearly,2024-07-02
S17965,4a75c1ed-6,Standard,17.22,Monthly,2025-09-16
S17966,f76124fc-3,Basic,19.27,Monthly,2021-09-25
S17967,f5717c91-f,Premium,22.57,Yearly,2024-07-07
S17968,2efd47d4-e,Standard,22.16,Monthly,2025-06-10
S17969,6bb13a36-1,Premium,10.46,Monthly,2024-03-09
S17970,6543f3cb-8,Premium,22.89,Monthly,2024-09-10
S17971,6728f324-0,Standard,21.02,Yearly,2025-06-21
S17972,9b300ec0-5,Standard,4.34,Yearly,2021-04-21
S17973,69750047-3,Basic,22.53,Monthly,2022-05-05
S17974,011df311-3,Standard,10.44,Yearly,2024-12-30
S17975,,Premium,6.06,Yearly,2025-02-02
S17976,516813f1-3,Standard,5.46,Yearly,2022-03-02
S17977,6f25aae8-9,Basic,6.71,Yearly,2022-03-06
S17978,839c19d2-4,Premium,20.43,Yearly,2021-05-23
S17979,98c22804-9,Standard,18.42,Monthly,2024-11-24
S17980,24ff992a-c,Basic,15.32,Yearly,2022-09-12
S17981,a6d68e46-b,Basic,20.89,Monthly,2023-09-29
S17982,7dc6f218-7,Standard,24.61,Yearly,2022-10-12
S17983,cc9d7b9e-6,Premium,21.85,Monthly,2022-12-13
S17984,191e1f9f-9,Standard,8.77,Yearly,2022-10-16
S17985,900d704a-4,Basic,24.59,Yearly,2021-06-12
S17986,8405f35a-5,Standard,19.73,Monthly,2024-03-05
S17987,33b1de78-c,Standard,13.14,Monthly,2024-11-11
S17988,7748cae4-e,Basic,8.32,Monthly,2026-01-28
S17989,3a94bcff-2,Standard,18.1,Yearly,2025-12-10
S17990,3516ba9e-6,Premium,14.36,Yearly,2025-02-02
S17991,188b3eaf-3,Standard,6.23,Monthly,2021-08-06
S17992,0e0afa61-b,Standard ,3.11,Monthly,2021-04-12
S17993,17c11aed-e,Premium,17.46,Monthly,2026-01-28
S17994,8f418ad3-e,Standard,13.17,Yearly,2024-06-21
S17995,d5303d49-4,Premium,4.9,Yearly,2022-08-30
S17996,9d1677a0-b,Basic,13.52,Yearly,2023-01-19
S17997,1d6e6306-1,Standard,8.89,Yearly,2021-12-20
S17998,f09adfee-a,standard,16.84,Yearly,2025-09-01
S17999,949a7043-9,Basic,4.8,Monthly,2023-12-07
S18000,c5ca5349-d,Premium,6.82,Monthly,2022-12-26
S18001,c8136788-5,Standard,5.43,Monthly,2022-10-31
S18002,c56172fc-7,Standard,8.49,Monthly,2021-11-05
S18003,707d38a7-5,Standard,13.77,Monthly,2022-01-06
S18004,0463a651-9,Basic,18.2,Monthly,2024-02-05
S18005,c81dec26-9,Standard,21.38,Yearly,
S18006,de579ac8-9,Standard,15.08,Yearly,2023-06-29
S18007,5bc9d144-4,Standard,12.3,Yearly,2024-10-21
S18008,c62cc5c0-4,Standard,8.21,Monthly,2023-04-20
S18009,c174fe3b-5,Premium,5.14,Monthly,2022-08-03
S18010,c9786463-e,Standard,20.32,Monthly,2024-12-27
S18011,b657c5fa-c,Premium,15.19,Yearly,2025-05-05
S18012,8b453dec-b,Premium,17.51,Monthly,2022-05-04
S18013,e60b16ca-9,Standard,7.25,Yearly,2025-05-21
S18014,b192aa5a-5,Basic,17.82,Monthly,2022-04-13
S18015,b3e5f4da-c,Premium,21.74,Yearly,2021-06-17
S18016,7018c7cb-4,Premium,18.94,Monthly,2024-06-20
S18017,6b71c91f-b,Premium,16.98,Yearly,2021-09-08
S18018,049021bb-3,Premium,12.78,Yearly,2022-03-30
S18019,61553a3b-6,Premium,7.37,Yearly,2022-12-09
S18020,f7c8ecb0-2,Premium,21.87,Yearly,2023-03-04
S18021,71ba0458-9,Basic,20.59,Yearly,2024-03-27
S18022,7f02652a-2,Basic,11.35,Yearly,2023-04-03
S18023,15894362-e,Standard,12.22,Yearly,2021-06-14
S18024,35fc42fc-3,Basic,16.82,Monthly,2023-02-26
S18025,000e3dee-f,Premium,19.91,Monthly,2025-03-02
S18026,73d635b6-4,Standard,9.9,Yearly,2022-06-25
S18027,d965082f-9,Basic,3.65,Yearly,2025-05-12
S18028,f5cbe735-f,Basic,11.94,Monthly,2022-03-20
S18029,4c27b64d-b,Standard,11.65,Monthly,2023-02-02
S18030,1b2ffff8-1,Basic,13.93,Yearly,2023-05-07
S18031,242573e8-1,Basic,21.34,Monthly,2025-03-01
S18032,dffe622a-b,Premium,19.65,Yearly,2024-07-21
S18033,d2330f9c-0,Premium,17.09,Monthly,2025-11-11
S18034,2765ad22-d,Premium,5.45,Monthly,2022-07-16
S18035,40f2162e-9,Standard,17.84,Yearly,2021-08-02
S18036,eaafede8-6,Standard,10.45,Monthly,2023-11-26
S18037,7eee7c34-2 ,Basic,,Monthly,2021-07-17
S18038,ec243bb5-5,Premium,15.72,Yearly,2023-02-18
S18039,9272b415-b,Premium,11.36,,2024-06-06
S18040,9d4bbe3a-f,Basic,3.82,Monthly,2024-01-02
S18041,9f0dfad7-a,Standard,14.19,Yearly,2022-07-01
S18042,faf6c818-f,Standard,16.04,Monthly,2021-07-17
S18043,8ad82838-d,Premium,20.29,Monthly,2025-12-17
S18044,a1dfb28c-1,Standard,17.22,Yearly,2024-07-20
S18045,6e0ec0fa-9,Standard,21.77,Monthly,2022-09-16
S18046,ac7c4c74-f,Premium,17.92,Monthly,2023-10-08
S18047,3986cbd4-9,Premium,21.86,Yearly,2025-12-05
S18048,829adc73-a,Premium,21.8,Yearly,2024-08-01
S18049,63753c1e-3,Premium,21.91,Yearly,2022-09-17
S18050,320c9f48-4,Basic,5.7,Monthly,2024-12-31
S18051,2a0afa73-7,Standard,21.4,Monthly,2024-10-02
S18052,02737fd9-a,Premium,22.17,Monthly,2022-04-03
S18053,d7799bfb-6,Standard,21.74,Yearly,2025-03-27
S18054,2f191f4a-d,Premium,21.08,Yearly,2025-04-09
S18055,882735bd-c,Standard,19.57,Yearly,2023-10-01
S18056,c0472d51-0,Premium,20.78,Monthly,2022-12-28
S18057,d7a0bbf0-f,Basic,13.91,Yearly,2023-09-17
S18058,9929c6ce-b,Premium,12.74,Yearly,2022-08-07
S18059,62112ab0-a,Standard,9.24,Monthly,2024-11-23
S18060,ac175e99-4,Premium,23.68,Yearly,2022-09-16
S18061,aa9c5fac-a,Basic,16.02,Yearly,2021-11-30
S18062,014df6ca-1,Standard,4.29,Monthly,2024-08-14
S18063,043606e2-b,Premium,9.06,Monthly,2023-07-11
S18064,99532f01-9,Basic,22.7,Monthly,2021-05-18
S18065,d48e522b-9,Premium,21.22,Yearly,2023-04-07
S18066,2627a11d-0,Premium,8.6,Yearly,2021-11-06
S18067,9d9df645-2,Basic,4.61,Yearly,2021-05-16
S18068,cb140269-1,Premium,12.18,Yearly,2025-03-07
S18069,86027a12-f,Standard,12.8,Yearly,2022-04-21
S18070,a4f6a001-d,Standard,18.24,Monthly,2025-11-16
S18071,63c353f6-1,Standard,12.04,Monthly,2024-05-27
S18072,00205678-f,Basic,6.9,Yearly,2021-09-01
S18073,64dafc36-2,Basic,12.91,Monthly,2023-03-13
S18074,f207375a-c,Premium,3.33,Yearly,2022-03-27
S18075,49c63243-3,Basic,15.34,Monthly,2025-09-15
S18076,6972df7e-c,Basic,11.19,Yearly,2025-10-28
S18077,1ef4bcbd-e,Standard,9.94,Monthly,2024-08-22
S18078,98c5be37-b,Standard,22.06,Monthly,2023-06-09
S18079,a4bf9623-1,Premium,9.98,Monthly,2024-02-24
S18080,723fe42f-5,Basic,21.8,Yearly,2024-12-23
S18081,e5bafca1-5,Basic,3.65,Yearly,2024-05-19
S18082,6f4305d9-8,Basic,11.34,Yearly,2024-11-10
S18083,4a864888-8,Standard,15.12,Monthly,2023-08-14
S18084,05d66ac5-d,Standard,12.49,Yearly,2023-12-22
S18085,4e364769-f,Standard,17.09,Monthly,2022-11-13
S18086,c73b687b-1,Basic,6.45,Monthly,2022-06-22
S18087,6c2eeb59-9,Standard,13.78,Monthly,
S18088,9633aed0-9,Premium,16.07,Yearly,2025-06-14
S18089,4406930d-5,Premium,17.93,Monthly,2021-03-22
S18090,d0e9289d-2,Premium,23.82,Monthly,2023-09-20
S18091,1e3680b4-d,Basic,,Monthly,2023-12-27
S18092,a3f99ad3-0,Standard,14.52,,2025-02-25
S18093,1c2516e5-6,Premium,16.1,Yearly,2022-03-18
S18094,9f74168c-a,Premium,9.3,Monthly,2022-05-10
S18095,99ecce30-a,Standard,24.26,Yearly,2022-03-11
S18096,794ac542-9,Premium,20.28,Yearly,2021-05-04
S18097,0ae9c87f-e,Basic,23.7,Yearly,2022-02-26
S18098,234f2ff4-b,Premium,17.89,Monthly,2021-09-26
S18099,54f95a5c-7,Premium,23.42,Yearly,2025-02-22
S18100,3078003c-2,Premium,4.66,Yearly,2022-01-12
S18101,a57b801e-f,Premium,15.95,Monthly,2021-11-04
S18102,d706b0bf-5,Standard,7.94,Yearly,2022-01-13
S18103,5a589690-8,Standard,18.44,Monthly,2025-07-31
S18104,e1dee529-8,Standard,7.09,Monthly,2024-08-19
S18105,9d692380-2,Standard,23.93,Yearly,2021-07-01
S18106,f428bf13-c,Premium,19.26,Monthly,2021-04-30
S18107,f4e7a007-6,Basic,15.08,Monthly,2023-05-07
S18108,63d48414-0,Premium,5.33,Monthly,2024-01-07
S18109,d534454e-c,Premium,23.87,Yearly,2025-09-29
S18110,69967cf6-5,Basic,17.04,Monthly,2025-01-02
S18111,fa4ba8ad-2,Standard,24.59,Yearly,2025-10-30
S18112,f385cc6c-2,Standard,14.36,Yearly,2021-05-02
S18113,48a0f66a-e,Standard,17.99,Monthly,2021-10-18
S18114,556bfd32-8,Basic,22.64,Monthly,2023-03-28
S18115,57109028-7,Premium,18.05,Monthly,2022-07-03
S18116,cbc4cb33-f,Standard,15.53,Monthly,2022-02-24
S18117,33ec002f-0,Standard,5.55,Yearly,2022-10-28
S18118,07b435c4-d,Premium,11.31,Monthly,2023-03-05
S18119,6874f6de-d,Basic,7.04,Yearly,2025-10-29
S18120,c83a5fe6-5,Standard,11.31,Monthly,2021-06-15
S18121,e3d1ae6a-7,Premium,3.86,Monthly,2024-04-10
S18122,0f2e3966-1,Basic,16.02,Monthly,2022-09-10
S18123,ca2e5214-4,Premium,22.66,Yearly,2023-10-22
S18124,01440762-b,Premium,12.5,Monthly,2021-04-13
S18125,fca58e1a-9,Basic,8.7,Yearly,2023-07-23
S18126,b613c627-b,Premium,15.71,Yearly,2023-11-01
S18127,f34a9ece-1,Standard,3.1,Monthly,2021-12-16
S18128,25fe13ac-2,Premium,20.25,Yearly,2022-09-01
S18129,0e4c1819-6,Premium,9.33,Yearly,2022-02-03
S18130,68f41e7e-2,Standard,21.97,Yearly,2025-02-01
S18131,bb6d774f-5,Premium,22.34,Monthly,2024-01-27
S18132,23b2a592-e,Standard,13.08,Monthly,2024-09-13
S18133,8b1e9ed3-3,Standard,17.95,,2024-12-01
S18134,fa01dbd7-b,Standard,10.82,Yearly,2022-09-26
S18135,c2b62fab-8,Standard,21.95,Monthly,2021-02-23
S18136,8399f9f8-5,Standard,14.73,Monthly,2021-03-05
S18137,cb763675-8,Basic,15.5,Monthly,2026-01-01
S18138,e08e5d1e-4,Premium,3.08,Monthly,2022-10-26
S18139,03137cf9-0,Standard,7.9,Yearly,2021-05-24
S18140,0d5197d1-d,Standard,24.07,Yearly,2024-01-03
S18141,457ed264-d,Basic,14.92,Yearly,2023-06-06
S18142,9daf7f4f-8,Premium,19.33,Monthly,2021-04-03
S18143,16eb3cc9-7,Premium,9.82,Yearly,2023-05-20
S18144,654882b9-d,Standard,21.1,Yearly,2024-04-19
S18145,f6ad9c00-b,Premium,9.88,Monthly,2023-11-12
S18146,49d8b199-3,Premium,15.12,Yearly,2023-08-19
S18147,a83c9b2e-b,Standard,13.71,Yearly,2024-06-21
S18148,8f9b846c-d,Premium,4.48,Yearly,2022-03-20
S18149,ab3d49c0-a,Basic,,Monthly,2022-03-24
S18150,335090b8-5,Standard,11.26,Monthly,2023-06-18
S18151,b94bc920-b,Standard,13.85,Monthly,2025-11-24
S18152,e1087902-7,Premium,4.06,Monthly,2021-03-17
S18153,d8cd3aa7-7,Premium,20.29,Yearly,2023-04-17
S18154,09c22335-e,Basic,3.48,Monthly,2025-07-10
S18155,2f226988-2,Standard,4.18,Yearly,2021-03-26
S18156,13109e25-e,Standard,6.8,Monthly,2023-04-07
S18157,f7f7e2aa-9,Premium,18.55,Yearly,2023-08-08
S18158,b2c3d909-9,Standard,7.23,Monthly,2024-10-27
S18159,b728bd06-4,Basic,22.82,Yearly,2024-01-06
S18160,00171de0-5,Premium,15.06,,2021-08-16
S18161,840fe76d-d,Standard,19.56,Yearly,2023-08-26
S18162,f0f2d9ba-0,Standard,5.28,Monthly,2024-06-15
S18163,4eecadc9-b,Basic,9.3,Monthly,2022-08-15
S18164,6ebc59ef-0,Standard,20.57,Monthly,2021-03-29
S18165,7b329ede-a,,22.23,Monthly,2024-05-23
S18166,5cc330d6-0,Standard,17.91,Monthly,2024-12-05
S18167,8d2d9fa2-1,Standard,19.49,Yearly,2023-08-11
S18168,8a78e9b3-e,Premium,24.9,Monthly,2021-08-23
S18169,c1a05aea-a ,Basic,19.05,Monthly,2023-11-09
S18170,41b63c88-1,Basic,12.29,Yearly,
S18171,5cd06b02-f,Standard,5.38,Yearly,2024-11-01
S18172,0c255315-f,Premium,3.68,Monthly,2021-03-04
S18173,b3d80b86-7,Basic,13.6,Monthly,2024-10-19
S18174,3e6b2574-c,Premium,9.74,Yearly,2021-05-21
S18175,e186b1ea-a,Basic,4.21,Yearly,2022-11-27
S18176,7716596d-7,Premium,5.81,Yearly,2021-05-15
S18177,ecbed5d0-2,Standard,4.82,Monthly,2025-08-07
S18178,ae9ee3e2-7,Premium,19.63,Monthly,2023-02-22
S18179,9852c45e-b,Premium,20.07,Yearly,2024-11-27
S18180,09701839-b,Standard,5.24,Monthly,2025-08-24
S18181,375eae68-7,Premium,24.59,Monthly,2023-06-24
S18182,f79945fa-a,Premium,21.89,Monthly,2025-03-22
S18183,51041482-f,Premium,14.79,Yearly,2022-12-28
S18184,b874a0fe-f,Premium,23.35,Yearly,2024-01-07
S18185,cb3aa6e7-3,Standard,23.43,Yearly,2022-08-10
S18186,516c3463-3,Standard,16.95,Monthly,2023-05-17
S18187,8daae13f-5,Basic,14.19,Yearly,2022-04-25
S18188,4189fa80-f,Standard,10.16,Monthly,2022-07-31
S18189,b6e3799a-a,Standard,20.29,Monthly,2023-07-17
S18190,9a5a2964-c,Basic,20.31,Monthly,
S18191,0b68b567-9,Premium,8.49,Yearly,2026-01-10
S18192,24336551-a,Premium,15.22,Monthly,2024-07-09
S18193,5d7782df-a,Premium,3.71,Yearly,2021-03-22
S18194,ac30b441-2,Premium,17.19,Yearly,2022-05-07
S18195,1a53cf23-c,Standard,17.49,Yearly,2022-03-19
S18196,be0736ff-9,Standard,9.65,Monthly,2026-01-10
S18197,c0fd916f-a,,13.04,yearly,2023-01-22
S18198,cf14f8e7-2,Standard,8.36,Monthly,2026-01-06
S18199,2f524757-9,Basic,18.84,Monthly,2025-02-17
S18200,26135f0e-6,Basic,19.66,Monthly,2021-03-18
S18201,cacf553f-a,Basic,13.39,Monthly,2023-01-15
S18202,2282a4e6-e,Basic,18.51,Yearly,2024-04-05
S18203,74a50255-d,Basic,22.1,Monthly,2021-09-10
S18204,4c5bba4c-5,Standard,6.5,Monthly,2021-05-05
S18205,21a49584-1,Standard,3.17,Monthly,2023-01-05
S18206,75e98930-2,Premium,5.6,Yearly,2023-11-03
S18207,5220e254-7,Premium,23.14,Yearly,2023-09-10
S18208,9d6b41b8-b,Standard,16.97,Monthly,2023-01-15
S18209,bba6629c-9,Premium,3.47,Yearly,2022-08-07
S18210,852924c9-d,Standard,15.06,Monthly,2025-04-19
S18211,efacbae8-a,Premium,16.49,Yearly,2025-05-08
S18212,b6781ca6-b,Basic,6.56,Yearly,2022-07-10
S18213,ca8e6d1e-1,Basic,6.33,Yearly,2026-01-05
S18214,447cc37e-a,Premium,10.46,Monthly,2025-12-19
S18215,741638eb-6,Standard ,15.37,Monthly,2022-04-04
S18216,00b2327d-5,Basic,13.52,Monthly,2022-09-05
S18217,200814c3-6,Basic,16.26,Monthly,2021-06-13
S18218,a271f502-7,Standard,16.52,Yearly,2024-05-28
S18219,351573bc-3,Basic,19.39,Monthly,2021-02-11
S18220,82009ccd-8,Premium,19.39,Monthly,2026-02-09
S18221,7f0908da-e,Standard,8.96,Monthly,2022-03-01
S18222,3a39a950-6,Basic,21.97,Monthly,2021-08-30
S18223,1d178039-e,Standard,4.42,Monthly,2021-02-23
S18224,248caf8e-c,Basic,18.15,Yearly,2024-06-18
S18225,4eff9bb8-b,Basic,18.87,Monthly,2023-08-19
S18226,4fb95500-8,Basic,22.96,Yearly,2021-04-04
S18227,0fcaa82f-e,Basic,22.15,Monthly,2022-07-11
S18228,e256870b-1,Standard,12.57,Monthly,2025-08-21
S18229,b1eb9db7-f,Premium,14.92,Yearly,2022-04-06
S18230,19ed77f3-1,Standard,11.94,Yearly,2023-09-16
S18231,9d555edd-8,Basic,4.75,Yearly,2025-05-10
S18232,c6caf72f-d,Standard,8.85,Y3arly,2023-07-08
S18233,1aefa681-e,Basic,15.94,Monthly,2023-04-26
S18234,f75b571e-3,Premium,11.81,Monthly,2021-04-21
S18235,96359e77-7,Standard,23.72,Yearly,2023-11-20
S18236,a516df5f-6,Standard,10.37,Yearly,2025-11-22
S18237,dd24052c-6,Premium,17.58,Monthly,2023-12-01
S18238,5d8350bc-1,Premium,14.97,Monthly,2025-04-12
S18239,b84ac68d-c,Basic,5.8,Yearly,2025-07-16
S18240,87bf5e79-f,Basic,8.21,Yearly,2021-06-06
S18241,1e3c0d3b-0,Basic,11.37,Yearly,2022-07-05
S18242,a50f1ce8-f,Standard,11.74,Yearly,2023-08-15
S18243,a0fa96e5-9,Standard,10.49,Yearly,2021-05-27
S18244,160017dd-e,Standard,5.59,Monthly,2021-09-23
S18245,444bb722-e,Standard,6.38,Monthly,2022-03-16
S18246,6b316bbf-e,Standard,3.79,Monthly,2023-05-23
S18247,4314752b-3,Premium,5.53,Yearly,2022-09-08
S18248,767ef7d3-7,Premium,15.5,Yearly,2025-01-03
S18249,1402cc58-0,Standard,18.5,Monthly,2025-08-28
S18250,f7419c4b-9,Basic,14.39,Monthly,2023-08-17
S18251,961d6088-5,Basic,12.48,Yearly,2021-03-19
S18252,b1a0d906-f,Standard,9.25,Monthly,2021-09-29
S18253,42972ded-4,Basic,,Yearly,2024-04-09
S18254,a6d4d27a-8,Basic,4.17,Yearly,2021-12-27
S18255,e2c504d4-8,Basic,11.08,Yearly,2023-01-25
S18256,5c2d6d52-3,Basic,22.09,Yearly,2023-04-21
S18257,2f4e7978-c,Standard,20.62,Monthly,2023-09-01
S18258,c10e6a3b-a,Basic,8.53,,2025-04-12
S18259,76cf4454-8,Premium,13.06,Monthly,2021-12-29
S18260,041b2a86-5,Basic,7.82,Monthly,2025-07-12
S18261,6d25ae68-3,Basic,7.93,Yearly,2024-11-13
S18262,c2893f03-a,Premium,8.96,Monthly,2022-03-17
S18263,247988d4-8,Basic,23.68,Yearly,2024-05-05
S18264,2b53fc53-3,Premium,16.28,Yearly,2025-07-23
S18265,40475dd2-3,Standard,23.94,Yearly,2026-01-14
S18266,,Basic,7.49,Monthly,2021-03-24
S18267,c65f9250-0,Premium,6.52,Yearly,2023-06-08
S18268,0c03cf9d-0,Premium,3.55,Monthly,2023-10-13
S18269,48f58e26-e,Basic,3.4,Yearly,2026-02-06
S18270,218cbedc-3,Standard,3.03,Monthly,2021-03-29
S18271,0273cc0a-c,Basic,5.18,Yearly,2025-03-15
S18272,5ab3b9c5-7,Standard,16.98,Monthly,2021-04-12
S18273,fb5e0245-1,Premium,18.49,Monthly,2023-03-07
S18274,431fedb2-e,Basic,15.76,Monthly,2024-04-14
S18275,dd20ae11-d,Premium,24.87,Yearly,2025-01-21
S18276,6d50f982-5,Standard,,Monthly,2025-09-29
S18277,451d2cdd-2,Basic,6.85,Yearly,2024-04-12
S18278,,Standard,4.08,Yearly,2023-07-12
S18279,6af44e91-1,Premium,24.13,Monthly,2021-12-15
S18280,2cfd319f-f,Premium,13.06,Monthly,2023-01-26
S18281,47746e2f-b,Premium,6.13,Yearly,2023-04-11
S18282,c832e817-e,Premium,18.99,Monthly,2024-12-06
S18283,7b300059-e,Premium,8.47,Monthly,2025-07-30
S18284,3d78fd4d-b,Basic,10.65,Yearly,2023-02-07
S18285,e10bcb3f-7,Standard,10.47,Yearly,2023-03-13
S18286,36e7c9f0-9,Basic,12.34,Yearly,2021-04-12
S18287,673cd3b2-d,Standard,15.79,Yearly,2025-05-29
S18288,7bdf7457-f,Premium,7.75,Monthly,2021-08-29
S18289,c0267674-f,Basic,20.4,Yearly,2022-07-02
S18290,8355d637-2,Premium,21.01,Yearly,2025-05-29
S18291,01ed211a-5,Standard,21.61,Yearly,2022-07-05
S18292,d682de30-9,Basic,18.23,Monthly,2022-07-09
S18293,a3caedb3-8,Basic,18.09,Monthly,2025-08-24
S18294,042f6258-8,Premium,18.86,Monthly,2021-02-18
S18295,,Standard,21.49,Monthly,2023-03-08
S18296,732c6db5-7,Basic,11.55,Yearly,2021-10-26
S18297,6a937772-0,Basic,18.15,Monthly,2023-02-26
S18298,01ac4103-f,Standard,15.11,Monthly,2025-05-22
S18299,0070c89e-3,Basic,3.76,Yearly,2025-08-16
S18300,9afc2015-c,Basic,21.1,Yearly,2022-08-18
S18301,e8191377-9,Premium,22.41,Yearly,2021-02-28
S18302,afcb71f3-2,Basic,7.67,Yearly,2021-06-19
S18303,aaea5203-0,Premium,8.4,Monthly,2022-02-26
S18304,d5a401e5-5,Basic,10.22,Yearly,2024-07-15
S18305,3111c181-a,Standard,12.67,Monthly,2023-12-19
S18306,127f586c-9,Premium,23.08,Yearly,2022-03-25
S18307,00807776-8,Premium,23.33,Yearly,2025-04-29
S18308,0db778df-d,Premium,14.1,Monthly,2022-11-11
S18309,0859f6dc-d,Standard,13.28,Monthly,2025-11-16
S18310,278aabaf-3,Basic,3.7,Monthly,2022-01-22
S18311,e2876166-4,Basic,6.56,Yearly,2024-02-12
S18312,4919b4a6-8,Basic,22.35,Monthly,2024-06-24
S18313,d78ac0a8-2,Basic,19.78,Monthly,2024-12-03
S18314,2f0b0579-2,Basic,6.86,Monthly,2024-04-24
S18315,,Standard,6.45,Monthly,2021-11-18
S18316,ed2e7ce8-a,Standard,19.79,Yearly,2023-09-01
S18317,a9c9fbe7-d,Basic,9.12,Yearly ,2022-07-09
S18318,c7f1e17a-b,Basic,16.98,Yearly,2023-07-25
S18319,e3a113bf-7,Standard,24.23,Monthly,2026-01-23
S18320,b3c21595-8,Basic,23.43,Monthly,2024-09-16
S18321,00efdfeb-9,Premium,20.16,Yearly,2023-11-07
S18322,96e781ff-8,Basic,9.02,Yearly,2026-01-05
S18323,7367386b-5,Standard,17.96,Yearly,2024-01-17
S18324,59e7aa73-b,Premium,4.34,Monthly,2023-12-09
S18325,f0623295-b,Basic,4.39,Yearly,2025-03-23
S18326,99c63d36-2,Premium,16.87,Monthly,2022-05-30
S18327,6e95a01a-a,Standard,4.47,Monthly,2023-02-28
S18328,cf6ec6ac-2,Standard,11.28,Monthly,2022-11-03
S18329,aae02640-e,Standard,20.32,Monthly,2023-03-28
S18330,4fb9f99d-0,Premium,22.86,Monthly,2025-04-02
S18331,2f47f64b-e,Pr3mium,7.28,Yearly,2025-06-22
S18332,e77073d7-1,Premium,10.14,Yearly,2025-06-07
S18333,a710d336-a,Premium,,Monthly,2021-05-10
S18334,9b7ff8ab-d,Premium,14.08,Monthly,2022-10-14
S18335,6b5555e0-0,Premium,17.19,Yearly,2021-07-14
S18336,0ab7df5e-3,Basic,24.28,Yearly,2024-01-18
S18337,963115b3-1,Premium,20.79,Yearly,2024-12-09
S18338,7a28b877-1,Standard,20.2,Yearly,2025-07-18
S18339,60a04bfb-2,Standard,17.04,Yearly,2021-03-26
S18340,07578f3f-e,Basic,22.12,Yearly,2022-06-05
S18341,1095d450-1,Premium,22.46,Monthly,2023-09-22
S18342,7d347e95-5,Standard,24.06,Yearly,2025-10-05
S18343,595e5b05-a,Basic,17.14,Yearly,2023-02-26
S18344,5c882d15-6,Premium,8.31,Yearly,2021-03-17
S18345,ec01b173-e,Standard,22.04,Monthly,2024-07-15
S18346,ae627697-b,Premium,19.18,Monthly,2023-02-14
S18347,fe80c821-2,Standard,19.9,Yearly,2025-03-16
S18348,efa69ef7-1,Basic,20.58,Yearly,2025-02-03
S18349,94b7aaf0-7,Premium,19.89,Yearly,2023-05-31
S18350,cf6b4aae-0,Standard,15.58,Monthly,2023-03-06
S18351,6f389e8c-6,Premium,17.18,Monthly,2022-11-10
S18352,620c0469-5,Standard,11.68,Yearly,2026-01-20
S18353,cbaa26ee-9,Basic,18.84,Yearly,2024-12-04
S18354,96c5dc93-3,Standard,18.56,Yearly,2023-11-09
S18355,5ad88166-7,Basic,16.32,Monthly,2022-05-10
S18356,0b94cce7-b,Basic,8.38,Yearly,2023-08-21
S18357,,Standard,13.84,,2024-07-11
S18358,05c16646-7,Premium,21.27,Yearly,2021-11-01
S18359,9a49a055-5,Premium,8.07,Monthly,2024-06-07
S18360,46e0be3b-0,Basic,10.9,Yearly,2025-04-14
S18361,3f890c4d-a,Premium,16.94,Yearly,2023-12-15
S18362,269fcffb-0,Premium,,Yearly,2024-08-22
S18363,28c17c0b-b,Premium,5.5,Yearly,2023-01-17
S18364,4259d3e8-d,Basic,4.88,Monthly,2024-10-25
S18365,37409320-9,Standard,15.61,Monthly,2026-01-15
S18366,b82de8c7-e,Basic,14.2,Monthly,2022-06-20
S18367,37670f66-3,Standard,,Yearly,2022-04-03
S18368,2bd2a74e-e,Basic,13.42,Monthly,2022-10-27
S18369,5067aa8f-a,Basic,5.75,Yearly,2022-07-31
S18370,6a1b20b8-b,Standard,24.62,Yearly,2025-05-08
S18371,3705aebe-2,Premium,11.79,Yearly,2021-09-22
S18372,71768c38-b,Basic,18.6,Yearly,2021-09-18
S18373,723a9a33-8,Standard,3.14,Monthly,2022-08-06
S18374,9e96f109-2,Standard,15.34,Yearly,2023-09-21
S18375,b937977c-b,,16.55,Monthly,2025-10-25
S18376,0f5a06f8-3,Basic,24.22,Yearly,2021-04-03
S18377,d4742b50-4,Standard,23.97,Yearly,2021-08-06
S18378,24b5a75f-d,Standard,10.15,Yearly,2022-04-29
S18379,e38f3c54-9,Standard,16.46,Yearly,2024-03-07
S18380,0e66bb3b-e,Premium,14.48,Yearly,2024-01-12
S18381,7dbdefdf-a,Basic,3.31,,2023-08-15
S18382,1fa03e43-4,Basic,3.49,Yearly,2025-03-23
S18383,18d1c7b2-c,Standard,7.44,Yearly,2025-03-15
S18384,662f2d65-2,Premium,15.89,Monthly ,2024-06-10
S18385,ee619d13-9,Premium,17.24,Monthly,2022-10-21
S18386,780df40b-3,Basic,12.75,Yearly,2025-09-10
S18387,04b09d86-5,Standard,12.96,Monthly,
S18388,62210105-f,Basic,24.29,Monthly,2025-03-18
S18389,f73314dc-c,Standard,20.64,Yearly,2021-12-10
S18390,3432447e-6,Basic,18.16,Yearly,2025-05-13
S18391,2af0038b-1,Premium,17.19,Yearly,2024-12-27
S18392,3ce7d1f4-6,Basic,20.87,Monthly,2022-05-01
S18393,11a77af4-9 ,Basic,20.53,Monthly,
S18394,13a702bd-4,Premium,10.45,Monthly,2023-09-05
S18395,96013a2c-9,Basic,15.35,Monthly,2021-09-21
S18396,594e5048-3,Premium,8.07,Monthly,2021-08-07
S18397,53df0d15-0,Basic,15.57,Yearly,2025-05-12
S18398,a31ed41e-6,Basic,21.62,Monthly,2023-12-17
S18399,e48c0e27-d,Standard,12.71,Yearly,2025-09-13
S18400,a12c5ae6-d,Standard,18.23,Monthly,2025-03-23
S18401,bb1fed96-7,Premium,22.25,Yearly,2023-09-14
S18402,d07e44c5-8,Premium,17.51,Yearly,2023-08-01
S18403,948f28ad-4,basic,6.81,Monthly,2023-04-20
S18404,6a5d862f-8,Basic,14.9,Yearly,2022-10-05
S18405,dfc1f768-1,Basic,10.92,Monthly,2026-01-29
S18406,35401954-5,Premium,15.8,Yearly,2023-01-14
S18407,7e687d5a-0,Premium,5.66,Yearly,2026-01-06
S18408,5d1b8e3a-9,Standard,5.79,Yearly,2023-06-02
S18409,b885b3f7-4,Standard,11.38,Monthly,2022-07-27
S18410,92501db8-a,Basic,7.93,Yearly,2022-12-12
S18411,06a48b1a-0,Basic,3.92,Monthly,2022-10-08
S18412,34535af0-b,Premium,10.99,Yearly,2024-11-10
S18413,3a317ba6-b,Premium,11.67,Monthly,2024-08-14
S18414,028f2ee1-f,Standard,4.64,Monthly,2023-10-25
S18415,39f298f9-7,Standard,24.75,Yearly,2021-09-29
S18416,988e2555-c,Basic,19.24,Yearly,2021-11-16
S18417,764d6f8c-c,Premium,5.82,Yearly,2023-04-29
S18418,8efc7aff-b,Basic,7.33,Yearly,2021-12-07
S18419,5b75fc16-f,Basic,24.37,Monthly,2022-09-06
S18420,9b12b0b1-f,Premium,10.44,Monthly,2022-05-02
S18421,4abc3568-d,Basic,7.12,Monthly,2021-02-19
S18422,4c41070f-d,Basic,3.34,Yearly,2026-01-26
S18423,e97ebf8b-8,Standard,8.05,Monthly,2024-07-10
S18424,94b5a7d5-3,Basic,12.3,Yearly,2024-07-17
S18425,0f98ae06-c,Premium,3.33,Monthly,2022-06-15
S18426,e6285dea-e,Premium,18.14,Monthly,2022-01-22
S18427,241b8021-4,Basic,16.23,Yearly,2025-02-19
S18428,d6685583-b,Basic,3.99,Yearly,2024-03-13
S18429,60d82d46-c,Premium,6.05,Monthly,2022-03-03
S18430,5c074534-b,Basic,6.05,Yearly,2022-01-18
S18431,7b9cae42-0,Basic,6.13,Yearly,2026-02-01
S18432,34a5fd68-a,Basic,12.4,Monthly,2024-04-24
S18433,7cbad6a8-c,Premium,6.01,Yearly,2025-12-05
S18434,fd2640a2-7,Premium,12.57,Monthly,2024-08-03
S18435,0b86e23b-8,Basic,7.66,Monthly,2025-08-26
S18436,5ec3688d-c,Standard,7.15,Monthly,2023-11-28
S18437,bdee060e-0,Standard,7.83,Monthly,2021-11-21
S18438,a8696a4a-9,Standard,23.14,Monthly,2022-09-04
S18439,b56e27ee-d,Basic,5.9,Yearly,2024-12-01
S18440,5cdf2b7a-0,Premium,14.99,Monthly,2021-10-14
S18441,d282b76f-b,Standard,20.26,Yearly,2023-07-06
S18442,047abcd7-0,Premium,16.07,Yearly,2022-06-01
S18443,7951006d-e,Standard,10.79,Yearly,2024-03-05
S18444,cc1e2dde-0,Premium,9.96,Yearly,2023-08-12
S18445,5ee54ece-7,Premium,17.02,Monthly,2023-12-19
S18446,4359ecf7-d,Premium,10.71,Yearly,2025-05-23
S18447,45591ede-a,Premium,19.83,Yearly,2025-02-17
S18448,9f79130d-9,Basic,20.92,Monthly,2024-06-08
S18449,91100b43-7,Standard,17.84,Monthly,2022-03-29
S18450,15abac57-8,Standard,3.85,Yearly,2022-07-08
S18451,b9e19b72-3,Premium,17.48,Yearly,2023-01-31
S18452,bc7da8c7-8,Basic,20.75,Monthly,2024-05-28
S18453,b1ed7d17-d,Standard,7.17,Monthly,2022-07-18
S18454,0d571f4d-f,Premium,16.94,Yearly,2023-01-17
S18455,d71fce0e-c,Premium,23.62,Monthly,2023-04-18
S18456,eddb1f14-b,Standard,12.3,Monthly,2022-05-11
S18457,79cbc7b6-4,Basic,22.42,Yearly,2025-10-28
S18458,59aafea9-e,Basic,8.42,Monthly,2024-09-08
S18459,fb63ba0f-a,Basic,24.77,Yearly,2021-09-15
S18460,52a5190b-7,Basic,3.48,Yearly,2025-04-08
S18461,05dabcd8-a,Standard,8.69,Yearly,2023-03-04
S18462,74ae5225-6,basic,20.58,Monthly,2022-05-01
S18463,f159ef7b-1,Basic,17.46,Monthly,2022-04-04
S18464,0c4462fa-f,Basic,6.34,Monthly,2022-12-25
S18465,23aa6455-e,Premium,18.11,Monthly,2024-02-06
S18466,e19a1c5c-a,Basic,15.57,Monthly,2021-06-22
S18467,51c84b97-f,Basic,22.25,Yearly,2022-11-27
S18468,e8634ae3-f,Premium,9.94,Monthly,2021-11-07
S18469,395de764-3,Premium,15.55,Monthly,2025-02-12
S18470,dcbdd61e-a,Premium,11.51,Monthly,2021-06-12
S18471,e5c38a59-b,Standard,10.24,Yearly,2024-01-17
S18472,09d9ec15-9,Basic,9.65,Yearly,2025-11-02
S18473,21e745d3-1,Premium,7.89,monthly,2023-03-10
S18474,bee6e6e3-b,Standard,12.38,Monthly,2025-12-26
S18475,a8a18789-7,Standard,12.91,Monthly,2021-10-02
S18476,1e806b80-e,Basic,18.21,Monthly,2022-12-18
S18477,6e4476e7-5,Premium,17.88,Yearly,2021-03-24
S18478,c78b9cf0-2,Basic,11.61,Monthly,2026-01-15
S18479,a8a39e5e-e,Premium,19.25,Monthly,2023-09-21
S18480,631039e1-3,Standard,12.3,Monthly,2023-12-04
S18481,ef20e591-8,Premium,19.42,Monthly,2021-10-02
S18482,8e274d86-f,Basic,8.41,Yearly,2024-02-27
S18483,edf373d5-5,Standard,23.71,Monthly,2022-03-11
S18484,8394ab0c-e,Standard,24.81,Monthly,2021-07-15
S18485,e5e6f6c0-5,Standard,6.28,Monthly,2021-05-23
S18486,ead36d12-b,Basic,13.07,Yearly,2021-10-15
S18487,a470831e-a,Basic,14.85,Monthly,2025-11-17
S18488,8f2e13e4-c,Premium,13.15,Monthly,2021-06-26
S18489,75b55ad3-d,Basic,,Monthly,2026-01-24
S18490,fe88e23b-f,Premium,6.46,Yearly,2023-02-16
S18491,ea4a3bae-3,Basic,14.19,Yearly,2022-02-20
S18492,614ea950-c,Standard,11.47,Monthly,2023-12-09
S18493,8a4960a3-e,Premium,11.47,Yearly,2026-01-30
S18494,45ff1d29-a,Basic,17.46,Yearly,2023-05-16
S18495,f72a675d-1,Premium,14.38,Monthly,2021-03-23
S18496,6ff0a5f0-1,Standard,18.9,Yearly,2022-08-19
S18497,c2f5112f-7,Standard,13.98,Yearly,2021-10-24
S18498,c78d8d39-c,Standard,6.34,Yearly,2024-07-22
S18499,4eafa44e-5,Premium,16.93,Monthly,2023-05-31
S18500,3b41ea55-c,Standard,5.46,Yearly,2022-04-03
S18501,4249501f-e,Premium,3.89,Monthly,2023-11-30
S18502,fe6968b2-c,Premium,4.13,Monthly,2025-03-29
S18503,5ca83ca5-a,Standard,13.67,Yearly,2024-10-31
S18504,09d35032-0,Standard,14.89,Yearly,2022-10-25
S18505,0c463a5e-5,Basic,21.34,Yearly,2025-07-13
S18506,b8de9e26-f,Premium,21.16,Yearly,2025-10-02
S18507,d29a4f63-8,Basic,14.12,Yearly,2021-10-04
S18508,7b0fd754-9,Standard,24.9,Monthly,2022-09-20
S18509,3c2b6c61-8,Basic,11.86,Monthly,2022-09-16
S18510,e95b7b10-5,Basic,18.69,Monthly,2021-08-28
S18511,cb3bed13-4,Basic,18.53,Yearly,2025-02-20
S18512,a8966342-7,Basic,15.04,Monthly,2022-09-28
S18513,d4bac083-0,Basic,14.33,Monthly,2023-07-20
S18514,79c1327c-4,Standard,17.09,Monthly,2024-09-26
S18515,fdf34877-a,Standard,23.26,Yearly,2023-02-22
S18516,718a074e-6,Premium,7.69,Yearly,2024-09-02
S18517,d4a805ee-0,Standard,11.01,Yearly,2022-02-15
S18518,b4243d8b-2,Premium,6.95,Yearly,2023-02-17
S18519,1aa2ee0a-7,Standard,11.91,Yearly,2024-10-19
S18520,3fe4facf-4,Premium,20.59,Monthly,2024-02-04
S18521,f74be425-0,Basic,5.28,Yearly,2021-03-04
S18522,edd6cdbf-f,Premium,8.72,Monthly,2022-08-09
S18523,,Premium,15.71,Monthly,2024-06-08
S18524,c7c7a990-8,Premium,6.33,Monthly,2025-12-11
S18525,ba538346-9,Premium,22.36,Monthly,2022-11-06
S18526,f964ccff-8,Basic,16.45,Yearly,2021-09-29
S18527,fc144a34-2,,12.83,Monthly,2021-03-26
S18528,d90fe84a-c,Standard,9.03,Yearly,2022-11-12
S18529,0c1a24c9-b,Standard,17.16,Monthly,2024-06-16
S18530,1298ccaa-2,Basic,24.15,Monthly,2024-10-13
S18531,69ed40f8-f,Premium,13.1,Yearly,2024-11-13
S18532,6de3fce3-3,Premium,14.17,Monthly,2024-09-13
S18533,b0e78970-9,Standard,14.76,Yearly,2024-09-16
S18534,885cc95a-f,Standard,22.27,Yearly,2021-11-09
S18535,f0adac9e-5,Basic,12.98,Monthly,2021-06-03
S18536,0b716741-a,Basic,6.49,Monthly,2025-11-17
S18537,ca1cd361-4,Basic,23.73,Monthly,2023-03-28
S18538,1d1740eb-9,Standard,21.16,,
S18539,f3f36c41-d,Premium,20.84,Monthly,2022-05-06
S18540,6b80572a-8,Standard,24.86,Yearly,2025-11-03
S18541,4bb76e8a-c,Premium,,Monthly,2023-01-29
S18542,5640625b-d,Standard,3.21,Yearly,2024-05-22
S18543,b849f95c-7,Premium,14.04,Monthly,2022-06-22
S18544,42572c05-d,,14.13,Monthly,2022-03-16
S18545,,Premium,7.29,Yearly,2023-10-06
S18546,c5cfbb2a-f,Premium,11.93,Yearly,2022-10-17
S18547,fb22fee9-6,Basic,15.44,Yearly,2025-03-03
S18548,f57c2f7a-3,Standard,21.68,Yearly,2022-08-27
S18549,623e88cb-f,Basic,23.58,Monthly,2025-07-11
S18550,652bc4fb-b,Standard,10.97,Monthly,2021-03-03
S18551,cccd8078-1,Basic,11.56,Monthly,2022-06-15
S18552,9d464200-f,Basic,11.05,Monthly,2026-01-03
S18553,4c734d59-7,Standard,17.79,Monthly,2022-11-23
S18554,873eab41-b,Basic,20.62,Monthly,2025-05-30
S18555,f0fb053d-8,Premium,13.71,Yearly,2023-11-30
S18556,649fc51e-1,Standard,24.96,Yearly,2025-11-11
S18557,9bdb78f6-6,Basic,6.9,Yearly,2021-10-14
S18558,5c6ac5e2-5,Premium,4.97,Yearly,2023-03-29
S18559,e0aa0408-e,Basic,17.45,Monthly,2021-09-25
S18560,4942c9ed-b,Basic,12.07,Yearly,2023-06-26
S18561,fd4a3653-e,Standard,7.21,Yearly,2021-11-23
S18562,ee5d4679-7,Premium,11.65,Monthly,2023-02-05
S18563,25f3adfd-3,Standard,5.37,Monthly,2022-08-12
S18564,800348c5-3,Basic,3.06,Monthly,2022-04-12
S18565,06651edd-b,Standard,12.69,Monthly,2022-05-15
S18566,341845c3-8,Basic,17.08,Monthly,2023-08-01
S18567,7c7db05a-e,Standard,21.42,Yearly,2024-11-25
S18568,24056f07-8,Standard,9.43,Monthly,2021-06-26
S18569,39b892f4-b,Standard,12.95,Monthly,2021-09-26
S18570,43d19e08-9,Basic,10.88,Monthly,2021-02-19
S18571,6a604d5c-5,Standard,12.6,Yearly,2025-08-16
S18572,502d8eeb-c,Basic,12.48,Yearly,2021-08-01
S18573,ff8280f3-7,Basic,23.32,Monthly,2024-12-14
S18574,8f4a70cc-f,Standard,4.8,Monthly,2023-04-10
S18575,5e7d2993-1,Premium,19.06,Yearly,2024-09-22
S18576,9441157e-4,,24.1,Monthly,2025-10-03
S18577,398d7732-f,Premium,17.9,Monthly,2025-10-02
S18578,7351ed12-2,Basic,10.9,Monthly,2022-08-26
S18579,0d9a62bd-7,Standard,16.55,Monthly,2022-06-08
S18580,1d4c9cd7-1,Standard,9.04,Monthly,2025-08-23
S18581,752bd8b5-5,Premium,9.85,Monthly,2023-02-14
S18582,515d894a-2,Standard,3.3,Monthly,2024-07-18
S18583,caa23214-4,Basic,4.87,yearly,2021-03-02
S18584,e3573b65-6,Premium,17.85,Yearly,2023-03-27
S18585,426ee277-6,Basic,5.08,Monthly,2023-10-07
S18586,53c9f190-5,Basic,11.81,Yearly,2021-05-21
S18587,053a27f5-5,Basic,12.84,Monthly,2022-01-13
S18588,a63b43e9-9,Standard,22.57,Yearly,2022-06-10
S18589,d2b62d68-4,Standard,5.45,Yearly,2021-08-08
S18590,e0e29ca2-9,Basic,6.84,Monthly,
S18591,11b213d7-b,Premium,14.49,Yearly,2021-03-05
S18592,23148863-3,Standard,20.41,Yearly,2025-07-01
S18593,85256952-d,Standard,12.48,Yearly,2021-09-12
S18594,7687bd48-1,Standard,8.68,Yearly,2022-10-11
S18595,0c7ad6ed-0,Basic,17.7,Yearly,2022-06-06
S18596,9db7a331-6,Standard,8.61,Yearly,2022-09-30
S18597,6ba75153-1,Basic,20.79,Monthly,2022-01-22
S18598,5e7088d3-c,Basic,13.08,Monthly,2021-12-19
S18599,c10c0661-b,Standard,13.89,Yearly,2021-11-10
S18600,36b59c12-2,Basic,19.17,Yearly,2023-02-20
S18601,4f991e4b-c,Basic,13.32,Yearly,2025-07-26
S18602,49765fff-c,Basic,6.11,Monthly,2022-02-11
S18603,8fae37ad-0,Standard,17.78,Yearly,2022-12-08
S18604,e95c6a60-8,Premium,6.77,Yearly,2022-04-19
S18605,97e696e6-f,Standard,8.57,Yearly,2021-10-28
S18606,0b29a9f5-c,standard,20.78,Yearly,2021-08-11
S18607,26ca042a-8,Premium,16.25,Yearly,2021-08-23
S18608,6c776a60-e,Premium,14.52,Yearly,2025-02-15
S18609,7602514d-e,Basic,10.22,Monthly,2024-04-09
S18610,d92c127e-2,Premium,24.92,Monthly,2022-08-26
S18611,a91180d8-7,Standard,11.93,Monthly,2024-11-03
S18612,99340d7a-0,Basic,21.8,Monthly,2024-09-25
S18613,66999c20-7,,9.25,Yearly,2026-01-26
S18614,81e5b744-0,Standard,24.29,Monthly,2024-12-01
S18615,bf2aaf0b-2,Premium,13.61,Monthly,2022-11-21
S18616,7e0fb92e-7,Basic,16.59,Monthly,2024-02-11
S18617,50f35359-8,Premium,8.22,Monthly,2025-02-11
S18618,df16cd59-2,Standard,4.96,Yearly,2022-05-20
S18619,d8a43c9a-7,Premium,16.58,Monthly,2021-03-29
S18620,19158066-7,Basic,16.68,Monthly,2025-02-18
S18621,d7fe36da-e,Premium,3.89,Yearly,2026-01-14
S18622,5a845333-4,Standard,19.92,Yearly,2023-12-06
S18623,87ec801a-0,Basic,14.01,Yearly,2025-07-08
S18624,7cfc3ed8-8,Premium,19.47,Yearly,2025-11-22
S18625,aac92834-d,Premium,24.91,Yearly,2024-03-04
S18626,d7960aff-5,Basic,24.59,Yearly,2025-01-05
S18627,ccbf09d4-b,Premium,17.87,Yearly,2021-04-16
S18628,c753e55f-7,Premium,11.87,Yearly,2024-07-09
S18629,eed92452-3,Basic,5.06,Yearly,2025-02-11
S18630,57787b84-7,Standard,,Monthly,2025-04-28
S18631,6cebcdc8-9,Standard,15.67,Monthly,2025-04-14
S18632,c6388f33-1,Premium,22.31,Yearly,2023-12-02
S18633,346dfc72-6,,7.66,Yearly,2021-08-21
S18634,9b07e193-0,Basic,10.86,Monthly,2022-07-25
S18635,233b4fe5-4,Premium,3.11,Yearly,2021-05-27
S18636,d0b51556-7,Standard,11.64,Monthly,2024-01-24
S18637,69ec3c24-7,Premium,5.51,Yearly,2022-11-04
S18638,78dd132c-d,Premium,18.85,Yearly,2024-06-15
S18639,8a4baa03-1,Standard,12.35,Yearly,2022-02-25
S18640,4e33cdad-4,Basic,13.38,Monthly,2023-03-06
S18641,31f946a0-6,Standard,7.49,Yearly,2023-10-13
S18642,31c9da00-4,Basic,13.8,Monthly,2022-11-28
S18643,afe05315-3,Standard,12.8,Yearly,2023-03-22
S18644,f12f30cb-2,Premium,7.43,Monthly,2021-05-18
S18645,,Standard,10.93,Monthly,2023-09-17
S18646,4707d888-2,Premium,15.33,Yearly,2022-10-24
S18647,55f75169-5,Standard,19.02,Yearly,2021-07-31
S18648,5f039f00-5,Standard,18.67,Monthly,2022-08-25
S18649,7faf8b4c-0,Standard,18.48,Yearly,2021-05-19
S18650,ce9df20f-d,Basic,10.95,Yearly,2021-11-14
S18651,2e362765-f,Premium,5.05,Monthly,2022-10-24
S18652,be37f5f1-7,Premium,13.68,,2022-11-10
S18653,c0fc6e83-e,Basic,17.8,Monthly,2021-09-06
S18654,29550124-5,,6.69,Yearly,2024-09-10
S18655,e18fc656-2,Standard,11.44,Yearly,2024-03-14
S18656,c344f7b1-b,Basic,10.94,Monthly,2023-04-08
S18657,d5c5bbce-c,Standard,3.93,Yearly ,2021-11-24
S18658,39165ca1-3,Basic,4.78,Yearly,2026-02-03
S18659,cd51649c-8,Standard,5.45,Monthly,2024-04-13
S18660,8d6d3f5a-e,Basic,14.8,Monthly,2025-03-20
S18661,f19e4598-0,Basic,7.06,Yearly,2023-04-23
S18662,bb5d60fa-6,Basic,12.72,Monthly,2023-12-14
S18663,a8581146-9,Premium,,Monthly,2025-04-17
S18664,c8e30cb9-6,Standard,5.8,Monthly,2022-11-25
S18665,800a3fc4-d,Premium,20.08,Monthly,2022-12-24
S18666,3cdcef3c-2,Standard,13.39,Yearly,2023-01-06
S18667,3c1fc4fc-0,Premium,11.7,Yearly,2021-05-28
S18668,9cc091cb-1,Standard,12.83,Monthly,2022-01-19
S18669,3c30ee1d-2,Premium,15.67,Yearly,2022-10-25
S18670,6018ba9f-8,Standard,16.93,Yearly,2025-04-02
S18671,05cdb6a1-9,Premium,3.29,Monthly,2022-06-13
S18672,896ef245-d,Premium,7.74,Monthly,2021-07-28
S18673,75cb8eb9-9,Standard,8.07,Monthly,2021-08-01
S18674,f4bf4887-b,Basic,5.28,Yearly,2024-09-04
S18675,5db40460-a ,Premium,23.38,Monthly,2025-05-22
S18676,7d3b9c73-0,Basic,14.97,Monthly,2023-01-31
S18677,ea17f163-5,Premium,8.02,Monthly,2023-11-22
S18678,db1a0f56-7,Premium,20.81,Monthly,2025-05-30
S18679,697da66b-8,Basic,16.41,Monthly,2022-02-08
S18680,10c4fb6d-7,Premium,12.98,Yearly,2023-03-02
S18681,d853e86c-a,Standard,12.6,Yearly,2022-10-10
S18682,5626c090-7,Basic,20.15,Monthly,2023-10-13
S18683,ee9e9d94-9,Basic,21.92,Yearly,2021-02-10
S18684,c23d9975-a,Basic,6.23,Monthly,2022-10-27
S18685,1295c44f-b,Standard,16.43,Monthly,2022-10-07
S18686,b10957cc-1,Premium,23.61,Monthly,2022-05-27
S18687,209d234d-b,Basic,23.0,Yearly,2021-05-31
S18688,62a0bb61-f,Basic,16.79,Yearly,2023-02-25
S18689,b0b724d6-f,Basic,6.05,Monthly,2022-07-01
S18690,8eed1f7d-d,Premium,10.9,Yearly,2025-10-06
S18691,35c2f384-f,Standard,12.55,Monthly,2024-05-13
S18692,0fa375b4-6,Standard,24.43,Monthly,2024-06-29
S18693,ed2eeb88-b,Premium,9.72,Monthly,2025-07-31
S18694,ae792f38-d,Standard,22.35,Yearly,2022-07-16
S18695,e70534ea-8,Premium,21.13,Monthly,2025-03-14
S18696,538abbda-c,Basic,6.08,Monthly,2024-04-18
S18697,33b87f1e-b,Premium,15.22,Yearly,2023-11-26
S18698,68957434-c,Standard,9.26,Monthly,2023-08-28
S18699,9d4b3c54-b,Basic,10.04,Monthly,2022-09-14
S18700,14df2a89-9,Standard,22.64,Yearly,2023-07-18
S18701,eaa3ed74-8,Premium,22.14,Yearly,2024-09-10
S18702,439a610c-d,Premium,14.61,Monthly,2025-03-22
S18703,f7a6a70d-6,Premium,,Monthly,2024-04-22
S18704,2fbf8b2d-5,Standard,5.49,Monthly,2023-02-09
S18705,3bd64247-3,Standard,16.79,Monthly ,2026-01-12
S18706,8e3a14d5-3,Standard,5.23,Monthly,2022-11-25
S18707,50066065-8,Basic,20.86,Yearly,2025-01-06
S18708,fc2dbe25-d,Basic,5.21,Yearly,2024-06-07
S18709,3e1724e3-2,Premium,21.06,Yearly,2022-11-15
S18710,8d4b7426-5,Standard,8.81,Yearly,2024-01-15
S18711,f8afe659-b,Premium,15.14,Monthly,2021-03-03
S18712,cecf9358-6,Premium,18.2,Yearly,2022-10-31
S18713,eb726141-9,Basic,22.5,Yearly,2026-01-29
S18714,6a7f0441-6,Premium,,Monthly,2025-01-17
S18715,22053cd3-8,Premium,4.07,Yearly,2024-05-30
S18716,da0117cf-5,Standard,20.27,Yearly,2023-11-01
S18717,5941fa1e-6,Premium,23.22,Yearly,2025-08-28
S18718,ef633bf7-d,Standard,24.3,Monthly,2022-11-22
S18719,a7acf198-d,Premium,15.71,Monthly,2022-04-07
S18720,b7b6f2e9-a,Standard,22.22,Yearly,2024-04-19
S18721,b748bcae-6,Premium,6.49,Monthly,2021-11-27
S18722,7caf3075-d,Standard,16.81,Yearly,2025-09-28
S18723,1af2cbf2-0,Standard,8.87,Monthly,2022-12-22
S18724,407f50a7-d,Standard,24.02,Monthly,2022-06-19
S18725,b9536f45-d,Basic,22.48,Yearly,2022-01-10
S18726,ad4b1695-4,Standard,24.61,Monthly,2025-07-09
S18727,2b53d803-d,Basic,14.47,Monthly,2025-08-04
S18728,cafd9d0b-0,Basic,8.45,Monthly,2024-01-04
S18729,ecb166c6-8,Standard,8.75,Monthly,2023-12-17
S18730,ef5077a3-0,Premium,6.36,Monthly,2022-12-17
S18731,0cf4f095-d,Standard,10.62,Yearly,2023-08-18
S18732,3d4062cf-e,Premium,4.24,Yearly,2023-02-11
S18733,472e845a-6,Standard,14.91,Monthly,2025-06-05
S18734,9d56e435-d,Premium,24.58,Monthly,2021-11-07
S18735,fdba1117-a,Basic,11.05,Yearly,2025-04-30
S18736,343d9a06-5,Basic,14.51,Monthly,2024-12-06
S18737,c4084cb4-7,Standard,8.67,Yearly,2025-04-25
S18738,072517fc-f,Standard,15.76,Yearly,2025-01-19
S18739,b3d39c02-b,Premium,4.28,Yearly,2021-06-23
S18740,e213c8af-4,Standard,23.04,Yearly,2025-09-29
S18741,2e3ed005-a,Standard,,Yearly,2023-03-18
S18742,7a6dd1a8-a,Basic,17.43,Yearly,2024-07-12
S18743,e583f30f-9,Standard,14.61,Yearly,2024-07-28
S18744,69eb4555-2,Standard,9.06,Yearly,2025-11-17
S18745,5a2d5c02-4,Standard,19.07,Monthly,2025-03-20
S18746,65061dab-f,Basic,3.62,Monthly,2024-04-19
S18747,56e992a2-a,Premium,14.58,Monthly,2021-12-20
S18748,47b5a146-9,Premium,9.08,Yearly,2022-04-27
S18749,29ff6a15-8,Standard,6.15,Yearly,2022-07-05
S18750,66d4c34c-8,Standard,20.96,Yearly,2024-08-16
S18751,f73743f8-4,Premium,15.75,Monthly,2025-04-06
S18752,49052fbe-1,Premium,8.49,Monthly,2022-04-05
S18753,5f01a892-6,Basic,15.05,Monthly,2024-11-03
S18754,a5656b8f-0,Standard,23.25,Monthly,2025-08-07
S18755,6afb7d98-4,Basic,12.5,Yearly,2025-03-31
S18756,5ef67a58-a,Basic,3.02,Monthly,2024-10-29
S18757,13f95c0e-1,Premium,11.93,Monthly,2021-11-30
S18758,af16be88-e,Basic,19.2,Yearly,2026-02-08
S18759,dcb0bfa3-b,Premium,12.94,Monthly,2021-06-18
S18760,68fd2c1b-6,Standard,5.56,Yearly,2024-06-28
S18761,a901084d-8,Basic,11.99,Yearly,2022-04-14
S18762,4f2f4659-4,Basic,5.03,Monthly,2023-01-21
S18763,1940c24f-8,Basic,17.7,Monthly,2022-07-03
S18764,3e83bbdd-6,Premium,9.25,Monthly,2022-03-22
S18765,fbc4eb7a-4,Basic,,Yearly,2021-02-18
S18766,13d929a0-2,Basic,14.57,Monthly,
S18767,e89b0d34-8,Basic,16.57,Monthly,2024-06-12
S18768,4489c83c-1,Premium,20.15,Monthly,2024-03-05
S18769,83171829-c,Basic,15.8,Monthly,2023-10-01
S18770,a93deff5-0,Standard,17.9,Yearly,2024-02-01
S18771,89f112d0-c,Premium,21.36,Yearly,2025-09-20
S18772,7938f89d-2,Premium,22.15,Monthly,2024-09-18
S18773,85350c05-9,Premium,3.47,Yearly,2022-09-20
S18774,1547c3dc-8,Premium,17.42,Yearly,2023-11-21
S18775,c9b9a8ee-d,Basic,11.98,Monthly,2022-05-12
S18776,125332d5-9,Premium,21.94,Monthly,2023-07-17
S18777,c0ae81ac-e,Premium,23.75,Monthly,2023-08-10
S18778,1523e41e-6,Standard,21.04,Yearly,2024-03-13
S18779,e427546c-6,Standard,13.23,monthly,2023-05-01
S18780,b98d9775-5,Standard,19.57,Yearly,2025-02-01
S18781,4b9471d7-0,Basic,3.53,Yearly,2022-06-04
S18782,f2a888e9-3,Premium,12.99,Yearly,2026-01-09
S18783,d3933360-6,Basic,4.48,Monthly,2024-04-11
S18784,9f65577b-5,Standard,9.77,Yearly,2025-01-18
S18785,572bb2ba-d,Standard,17.06,Monthly,2021-10-05
S18786,8accee8a-f,Standard,3.51,Monthly,2024-07-31
S18787,bdd292d3-a,Basic,18.61,Yearly,2022-06-30
S18788,619cf5aa-3,Standard,11.85,Yearly,
S18789,273fc390-c,Premium,6.81,Yearly,2022-08-06
S18790,402761b7-f,Premium,17.0,Yearly,2022-02-04
S18791,5e3b3839-d,Standard,6.04,Yearly,2022-02-28
S18792,23fece37-0,Premium,6.19,Yearly,2022-03-08
S18793,76e57601-1,Premium,13.21,Yearly,2022-06-03
S18794,5957e281-9,Basic,11.69,Monthly,2025-12-28
S18795,3a361996-0,Premium,5.64,Monthly,2023-08-03
S18796,cc3c7a8a-9,Premium,17.93,Monthly,2026-01-08
S18797,e6749449-4,Premium,19.38,Monthly,2022-08-27
S18798,5aeab8d9-d,Premium,3.62,Yearly,2021-04-20
S18799,a59cb496-b,Basic,8.95,Yearly,2022-04-02
S18800,d4a1f988-2,Basic,10.35,Monthly,2023-12-02
S18801,bbf2a1f6-0,Premium,23.87,Yearly,2022-02-07
S18802,48be20d7-1,Premium,3.55,Yearly,2022-10-19
S18803,5280eec2-7,Standard,8.68,Yearly,2022-07-21
S18804,674ec4d4-1,Basic,6.4,Yearly,2024-04-26
S18805,9f57704f-e,Standard,24.18,Monthly,2023-12-08
S18806,f9434fdc-6,Standard,21.1,Monthly,2024-08-01
S18807,eb5ad562-f,Premium,23.0,Yearly,2026-02-08
S18808,47193626-4,Standard,18.14,Yearly,2021-06-08
S18809,bd6affec-8 ,Standard,10.57,Yearly,2024-08-02
S18810,37ad0909-6,Standard,18.61,Monthly,2023-11-06
S18811,821d2aa8-2,Standard,5.5,Monthly,2022-04-25
S18812,955197d3-a,,9.91,Yearly,2022-07-15
S18813,c87fcf25-9,Premium,3.51,Monthly,2022-06-04
S18814,2738e502-d,Basic,12.88,Yearly,2022-05-22
S18815,c15f54ea-d,Standard,9.99,Yearly,2022-11-08
S18816,f8639ba3-3,Standard,21.82,Yearly,2021-12-10
S18817,fb4d12b8-0,Premium,5.8,Yearly,2025-04-15
S18818,6b8f0b19-4,Premium,17.45,Monthly,2025-11-15
S18819,a4ff16f3-a,Basic,22.94,Yearly,2023-10-31
S18820,864d481f-0,Basic,8.33,Yearly,2025-03-29
S18821,e35628bd-4,Basic,13.48,Yearly,2025-05-25
S18822,37b41746-d,Standard,3.33,Monthly,2023-11-02
S18823,9f20293c-2,Premium,16.18,Yearly,2024-01-16
S18824,6afc8a01-f,Standard,17.66,Monthly,2025-12-21
S18825,163023c0-e,Basic,21.61,Yearly,2025-10-29
S18826,d9ed9734-4,Standard,13.25,Monthly,2025-07-17
S18827,43600244-e,Basic,21.33,Yearly,2025-04-27
S18828,2f786f86-0,Premium,16.03,Monthly,2021-11-12
S18829,cc5c513e-6,Basic,3.06,monthly,2024-04-11
S18830,85c29cfa-1,Basic,22.44,Yearly,2025-09-12
S18831,cf905cea-a,Premium,7.2,Yearly,2023-10-29
S18832,,Basic,5.83,Yearly,2025-12-06
S18833,4f091b05-7,Premium,,Yearly,2022-12-25
S18834,73a18825-9,Basic,15.96,Monthly,2023-02-22
S18835,8a219637-e,Standard,15.45,Yearly,2021-07-26
S18836,de57e985-8,Basic,21.68,Monthly,2022-03-30
S18837,d7d665b6-e,Standard,12.66,Yearly,2021-02-25
S18838,6d179016-1,Premium,10.64,Monthly,2023-05-04
S18839,65f494a0-3,Standard,15.85,Yearly,2022-08-12
S18840,ce4df8b5-5,Premium,23.95,Monthly,2023-08-24
S18841,55c0f17f-e,Standard,15.79,Monthly,2023-01-28
S18842,49f39886-5,Premium,5.93,Yearly,2023-09-06
S18843,29cb20c7-d,Standard,12.95,Monthly,2021-08-31
S18844,38f87471-4,Standard,16.82,Yearly,2022-01-21
S18845,7002fbf7-3,Premium,20.36,Yearly,2025-01-06
S18846,56e49efd-b,Premium,19.09,Yearly,2023-04-15
S18847,b977d396-6,Basic,14.42,Y3arly,2025-03-20
S18848,fd655ac7-f,Premium,16.16,Yearly,2023-05-01
S18849,,Basic,14.8,Yearly,2022-12-07
S18850,fba88f64-b,Premium,10.55,Monthly,2022-11-21
S18851,9abcd64c-a,Premium,4.18,Yearly,2023-07-15
S18852,dee5dcd8-7,Premium,4.23,Monthly,2024-12-22
S18853,a385133b-a,Basic,13.88,Monthly,2025-09-11
S18854,5f7241de-0,Standard,12.12,Monthly,2022-09-19
S18855,a7803c74-6,Premium,15.01,Yearly,2022-11-21
S18856,a1980104-f,Premium,13.7,Monthly,2024-01-08
S18857,522ab22a-4,Basic,15.56,Yearly,2024-10-11
S18858,0896b7ef-5,Premium,9.46,Monthly,2025-12-24
S18859,cb02bcf0-6,Standard,12.85,Yearly,2025-01-17
S18860,cc9137d4-e,Basic,9.3,Yearly,2025-09-06
S18861,b8dc0cf4-5,Basic,19.47,Yearly,2022-04-25
S18862,bf5b6759-f,Basic,3.7,Yearly,2022-07-30
S18863,c2b578d7-3,Basic,22.87,Yearly,2022-09-21
S18864,0f890377-9,Standard,22.5,Yearly,2021-10-11
S18865,c5097c2b-2,Basic,14.53,Yearly,2025-08-24
S18866,1d0ad4e4-a,Premium,21.31,Monthly,2025-01-12
S18867,9531f897-a,Basic,5.21,Monthly,2025-02-11
S18868,74a44705-7,Basic,13.84,Yearly,2021-09-09
S18869,a8ddf895-4,Standard,15.13,Monthly,2021-06-06
S18870,a4a26bc6-4,Basic,22.15,,2023-11-20
S18871,95c5ed93-3,Standard,18.1,Monthly,
S18872,3d47d1b8-e,Standard,14.79,Yearly,2023-02-03
S18873,934bf07d-1,Premium,5.76,Yearly,2023-03-13
S18874,847b8478-4,Premium,7.02,Yearly,2024-08-26
S18875,b91cb5ba-b,Basic,19.14,Yearly,2022-02-21
S18876,3b2a4207-4,Premium,13.35,Y3arly,2021-04-09
S18877,30482c09-e,Premium,4.84,Yearly,2024-12-17
S18878,73211b52-6,Basic,18.34,Yearly,2024-12-22
S18879,807217d6-9,Basic,19.6,Yearly,2023-04-29
S18880,52d9d7f5-6,Premium,8.0,Monthly,2024-06-10
S18881,aa63d02e-a,Basic,23.2,Yearly,2024-05-01
S18882,73650c2d-a,Standard,6.01,Monthly,2022-01-01
S18883,e7bd582d-5,Standard,15.06,Yearly,2024-12-16
S18884,74c06302-b,Premium,23.7,Monthly,2022-08-05
S18885,a023ff82-2,Basic,15.76,Monthly,2023-07-27
S18886,d6c2e43b-6,Premium,20.14,Yearly,2022-12-16
S18887,c7902c4c-c,Basic,17.99,Yearly,2023-06-26
S18888,c50d89af-6,Premium,16.58,Monthly,2021-06-02
S18889,e7bb21fc-f,Premium,20.46,Yearly,2024-11-16
S18890,a5fca90d-4,Standard,4.5,Monthly,2024-05-17
S18891,f9279482-6,Standard,9.46,Yearly,2024-09-04
S18892,5e19f0eb-2,Standard,24.64,,2023-10-30
S18893,98fbab4b-1,Basic,6.25,Yearly,2022-06-10
S18894,8982db2b-f,Basic,13.96,Monthly,2021-03-12
S18895,296e0e45-b,Premium,17.64,Monthly,2022-05-18
S18896,0774183c-f,Premium,17.75,Monthly,2023-05-01
S18897,9154c6cd-a,Basic,11.24,Yearly,2025-12-18
S18898,a42b5797-0,Standard,21.43,Monthly,2025-11-23
S18899,a542dec1-5,Standard,10.09,Monthly,2021-06-21
S18900,f5ee4a5e-a,Premium,23.62,Monthly,2025-12-26
S18901,732654df-b,Premium,23.47,Monthly,2024-04-18
S18902,4906b246-c,Premium,20.51,Monthly,2022-05-07
S18903,27d88d6a-8,Standard,22.71,Monthly,2022-02-25
S18904,17fa51e4-9,Premium,15.16,Monthly,2024-06-11
S18905,87c1c0be-2,Standard,7.31,Yearly,2023-08-12
S18906,0e265038-d,Premium,23.55,Yearly,2025-10-27
S18907,6d6e700a-7,Premium,12.06,Yearly,
S18908,e7e52677-b,Premium,19.7,Monthly,2022-01-27
S18909,bcad4a9a-9,Standard,20.77,Yearly,2025-02-13
S18910,e3be6b7d-7,Basic,17.07,Monthly,2022-10-03
S18911,0c67376c-7,Basic,21.36,Monthly,2023-11-20
S18912,699854f1-d,Standard,24.62,Yearly,2023-10-18
S18913,1e917e7d-1,Standard,8.1,Monthly,2024-02-08
S18914,ccb5cd15-a,Premium,18.48,,2025-02-05
S18915,014c37f4-3,Standard,7.32,Monthly,2023-05-01
S18916,6e87cdd3-7,Premium,11.6,Yearly,2024-04-04
S18917,e3583936-7,Premium,14.12,Monthly,2025-01-31
S18918,d5f284b6-d,Basic,5.62,Yearly,2023-05-13
S18919,cf15f536-b,Premium,4.71,Yearly,2025-03-24
S18920,1c9c21d8-3,Premium ,19.25,Yearly,2023-12-01
S18921,272247f9-0,Premium,8.73,Monthly,2022-04-29
S18922,d95f5c4b-5,Standard,6.21,Yearly,2021-12-14
S18923,f79c79f9-d,Standard,10.65,Yearly,2021-05-02
S18924,376c5760-a,Standard,3.87,Yearly,2024-01-21
S18925,64ecae3a-7,Basic,24.43,Yearly,2021-10-03
S18926,956784ec-9,Standard,20.68,Yearly,2023-10-17
S18927,f0a4d6c0-6,Standard,24.0,Yearly,2023-08-27
S18928,6c3f6605-e,Standard,11.6,Yearly,2025-09-19
S18929,cd388122-7,Premium,5.27,Yearly,2023-01-07
S18930,30447e4b-6,Premium,4.24,Yearly,2024-12-05
S18931,1332b86a-e,Standard,14.16,Yearly,2025-06-07
S18932,67f37ac6-3,Standard,19.03,,2024-03-03
S18933,fc3f7da5-4,Basic,7.44,Yearly,2024-10-08
S18934,b28a14f2-4,Standard,18.56,Yearly,2024-05-17
S18935,e31e6001-1,Standard,19.25,Monthly,2021-11-22
S18936,33dbf694-e,Premium,17.46,Yearly,2021-06-28
S18937,70281add-3,Basic,3.17,Yearly,2023-10-26
S18938,56a6a79c-0,Basic,24.21,yearly,2023-09-23
S18939,f0c266b0-8,Basic,5.08,Monthly,2026-01-06
S18940,d1acdbb0-0,Premium,23.91,Monthly,2025-01-21
S18941,962372e5-8,Basic,11.84,Monthly,2025-06-02
S18942,943afad7-f,Standard,23.13,Yearly,2022-04-28
S18943,0e94a940-b,Premium,16.19,Yearly,2023-03-24
S18944,d840b415-b,Premium,12.95,Yearly,2021-09-22
S18945,4555a8ae-1,Basic,6.07,Monthly,2022-12-29
S18946,1fb26714-6,Standard,7.98,Monthly,2024-05-11
S18947,a678c44d-4,Premium,9.94,Yearly,2023-06-20
S18948,68189dfc-d,Standard,24.44,Yearly,2024-04-28
S18949,4ebdbd5c-8,Premium,4.99,Monthly,2024-11-07
S18950,61dcdbf4-6,Premium,9.0,Yearly ,2024-09-15
S18951,25d68732-f,Standard,22.26,Yearly,2025-01-30
S18952,01881846-5,Basic,6.59,Yearly,
S18953,fa17a43a-e,Basic,6.08,Yearly,2024-03-26
S18954,fd69c23b-a,Premium,14.52,Yearly,2023-09-20
S18955,651495ec-6,Premium,3.85,Monthly,2021-10-24
S18956,9f57657f-5,Premium,4.06,Yearly,2022-03-10
S18957,eb508897-f,Basic,20.72,Monthly,2025-03-26
S18958,fef49fe2-3,Basic,19.45,Monthly,2024-02-18
S18959,725fcca9-a,Standard,10.57,Yearly,2021-03-27
S18960,dfc569fc-c,Basic,15.71,Monthly,2021-10-26
S18961,d8399f87-e,Standard,12.6,Monthly,2023-08-22
S18962,00fb085e-9,Premium,3.56,Yearly,2024-06-06
S18963,4de67c99-b,Premium,9.61,Monthly,2022-07-24
S18964,157081e8-b,Basic,12.81,Monthly,2022-06-04
S18965,8e0e778c-5,Basic,8.7,Yearly,2023-06-29
S18966,3e73b04c-f,Premium,3.44,Yearly,2024-07-19
S18967,1f5ef13f-a,Premium,17.34,Monthly,2024-11-06
S18968,4e974cf7-c,Premium,17.27,Yearly,2025-01-12
S18969,00caa05e-2,Basic,13.41,Monthly,2024-09-17
S18970,72330a9b-c,Premium,19.41,Monthly,2021-05-03
S18971,66125fcd-4,Basic,4.78,Monthly,2022-08-08
S18972,c008bcae-d,Premium,5.25,Yearly,2022-04-24
S18973,67485c6b-2,Premium,5.5,Yearly,2023-11-30
S18974,07510e75-9,Basic,23.89,Monthly,2022-03-17
S18975,8bf9c788-5,Standard,6.31,,2024-09-16
S18976,cef9f941-5,Basic,8.92,Yearly,2022-03-22
S18977,6eccc4fe-1,Standard,17.03,Monthly,2022-11-15
S18978,c93d3385-1,Standard,6.61,Yearly,2023-02-20
S18979,9ff91e53-b,Standard,20.01,Monthly,2021-10-10
S18980,05f1f9bf-e,Basic,14.78,Yearly,2025-12-01
S18981,0d48852c-3,Premium,24.6,Yearly,2022-01-14
S18982,cba66fc8-b,Basic,21.81,Monthly,2023-06-04
S18983,479c403d-c,Basic,20.63,Yearly,2023-02-23
S18984,4e0ccdfd-6,Premium,11.42,Monthly,2021-08-23
S18985,fc0c8cd7-8,Basic,13.73,Yearly,2023-05-21
S18986,2726d16f-3,Basic,5.35,Yearly,2024-03-14
S18987,942a1283-4,Premium,13.84,Yearly,2022-04-07
S18988,122c1dbe-3,Basic,24.33,Monthly,2022-09-14
S18989,7dbbfe62-7,Standard,14.61,Yearly,2022-11-05
S18990,cc1b77d3-9,Premium,17.03,Yearly,2023-09-04
S18991,97c8b920-a,Basic,23.63,Monthly,2023-05-23
S18992,af9da13f-5,Standard,23.61,Monthly,2024-09-01
S18993,246ca415-e,Premium,4.97,Yearly,2025-01-30
S18994,9e0329fd-f,Basic,9.17,Monthly,2023-04-08
S18995,c5b833e1-d,Premium,6.67,Monthly,2024-04-23
S18996,d343b62a-a,Standard,20.97,Yearly,2023-10-01
S18997,d32c91a2-5,Standard,4.26,,2021-11-20
S18998,a9cd1aae-d,Standard,19.41,Monthly,2025-04-23
S18999,2a86b00d-c,Standard,10.68,Monthly,2024-12-05
S19000,cd921c03-e,Premium,12.06,Yearly,2022-03-05
S19001,357238c1-2,Premium,24.07,Monthly,2026-01-13
S19002,d158f5bb-c,Premium,8.16,Yearly,2023-11-11
S19003,0b23a39e-d,Premium,18.63,Monthly,2024-09-01
S19004,ccf1b90f-d,Premium,7.55,Monthly,2022-04-29
S19005,b2376f87-4,Standard,12.0,Yearly,2021-08-13
S19006,4e49f3d1-2,Basic,12.28,Yearly,2023-06-05
S19007,b3a50d4b-1,Standard,24.68,Yearly,2021-12-24
S19008,e08e7998-9,Basic,3.25,Yearly,2023-07-22
S19009,9cf7063d-3,Premium,10.96,Monthly,2022-04-19
S19010,603106dc-9,Standard,21.51,Monthly,2026-01-17
S19011,b95bf545-b,Standard,18.31,Monthly,2023-03-19
S19012,20578659-9,Premium,13.8,Yearly,2024-03-24
S19013,1be583a0-5,Standard,10.87,Monthly,2022-04-05
S19014,02c66d14-3,Basic,17.79,Monthly,2025-04-25
S19015,2ea54c40-b,Premium,16.67,Yearly,2021-09-09
S19016,90a3874f-d,Premium,12.18,Monthly,2025-09-04
S19017,3e31297d-4,Basic,22.9,Monthly,2023-04-22
S19018,99ffcdbf-6,Basic,16.51,Monthly,2021-09-27
S19019,908dc280-1,Standard,12.1,Yearly,2023-10-22
S19020,e40dbc7f-4,Premium,23.1,Yearly,2024-11-12
S19021,cbc16a09-9,Standard,6.53,Monthly,2025-01-21
S19022,e575f896-4,Premium,6.94,Monthly,2024-02-16
S19023,522e0e05-b,Premium,8.52,Yearly,2023-09-09
S19024,2f4ac650-e,Premium,21.98,Monthly,2021-02-11
S19025,4278080d-3,Standard,6.53,Monthly,2021-07-12
S19026,607e65f9-6,Standard,5.82,Monthly,2024-04-27
S19027,9a41e350-7,Premium,20.32,Monthly,2024-12-23
S19028,ae877345-2,Premium,17.94,Yearly,2021-04-30
S19029,df045bd2-8,Basic,24.69,Yearly,2021-11-20
S19030,367f5b6c-7,Basic,13.89,Monthly,2021-12-28
S19031,23abc1d1-9,Basic,15.86,Monthly,2022-11-21
S19032,eee71d58-7,Basic,5.66,Yearly,2023-10-04
S19033,ef1f5a28-f,Standard,22.1,Monthly,2023-12-07
S19034,7a3ab5fa-3,Premium,14.95,Yearly,2021-10-16
S19035,bbe99852-2,Premium,4.23,Monthly,2023-08-22
S19036,,Premium,22.82,Monthly,2021-09-09
S19037,0806dd41-3,Basic,14.15,Monthly,2022-03-01
S19038,b5a2bfaa-9,Premium,7.7,Yearly,2025-09-29
S19039,8da2a670-7,Standard,15.71,Monthly,2023-08-07
S19040,a7c694e3-8,Premium,22.09,Yearly,2022-04-02
S19041,3a0507d9-2,Premium,23.49,Yearly,2025-11-20
S19042,462dbedc-7,Standard,10.53,Yearly,2024-12-22
S19043,85ff1a5f-2,Basic,13.17,Monthly,2022-09-24
S19044,f71dfa28-0,Premium,13.26,Monthly,2021-10-26
S19045,0a9d644c-9,Standard,22.51,Yearly,2021-10-22
S19046,bddd4522-b,Standard,9.66,Monthly,2022-06-25
S19047,eda65d25-6,Standard,5.7,Monthly,2025-02-25
S19048,3c32156b-5,Premium,21.62,Yearly,2023-09-07
S19049,41d4fe2f-6,Premium,17.43,Yearly,2021-04-25
S19050,6bdc0516-5,Premium,13.48,Monthly,2023-05-29
S19051,45a5f3c5-2,Premium,7.36,Monthly,2024-09-21
S19052,1779c180-4,Premium,6.04,Yearly,2023-06-05
S19053,43ac70d9-d,Basic,17.5,Yearly,2022-12-03
S19054,629d4553-5,Premium,19.48,Monthly,2021-03-06
S19055,babcf74b-3,Premium,12.58,Yearly,2024-11-24
S19056,ec11927b-4,Premium,21.85,Yearly,2024-04-08
S19057,69455feb-7,Standard,6.17,Yearly,2021-08-31
S19058,380b39f6-e,Premium,9.49,Yearly,2025-01-17
S19059,ea7e6c05-3,Premium,14.75,Yearly,2026-01-16
S19060,715758fe-1,Standard,24.62,Monthly,2023-09-11
S19061,fa01192c-6,Premium,23.04,Monthly,2024-01-15
S19062,7dcb41f3-5,Premium,20.39,Monthly,2024-03-22
S19063,633b5dcf-7,Standard,6.11,Yearly,2022-06-21
S19064,cde6a257-c,Basic,13.41,Yearly,2022-05-14
S19065,7b3e575d-9,Standard,13.13,Yearly,2024-10-25
S19066,22e4b83a-a,Standard,8.95,Monthly,2021-11-11
S19067,cdd6aef0-b,Premium,16.11,Monthly,2022-08-27
S19068,64f86a1e-4,Basic,7.84,Monthly,2022-04-13
S19069,e7061503-1,Premium,5.13,Monthly,2024-03-10
S19070,04028e74-5,Basic,4.34,Monthly,
S19071,9987659a-c,Basic,21.6,Yearly,2022-08-21
S19072,72180ccb-5,Basic,3.96,Yearly,2021-06-25
S19073,74c9fa71-a,Basic,12.54,Yearly,2024-06-13
S19074,4360123f-3,Standard,5.73,Monthly,2024-07-28
S19075,f6e21df8-1,Standard,8.2,Yearly,2023-02-08
S19076,57c745ea-c,Standard,14.65,Monthly,2025-09-23
S19077,d8469f37-d,Standard,14.11,Monthly,2021-07-29
S19078,27cd9ab2-c,Premium,17.76,Monthly,2025-05-18
S19079,06545679-0,Standard,24.01,,2024-01-20
S19080,470da880-c,Standard,5.88,Monthly,2023-11-25
S19081,,Standard,20.38,Monthly,2024-09-01
S19082,664e9ca8-6,Standard,13.51,Monthly,2022-12-17
S19083,27e0db58-f,Standard,8.86,Monthly,2021-08-05
S19084,a6762b27-7,Standard,17.15,Monthly,2024-10-12
S19085,a7e7aa18-a,Premium,6.26,Yearly,2022-09-24
S19086,af0e28ce-2,Premium,6.77,Monthly,2025-09-22
S19087,1f21206a-3,Standard,11.31,Monthly,2021-04-25
S19088,96ea8fad-9,Premium,24.35,Monthly,2022-09-28
S19089,eecd1e23-e,Premium,21.24,Yearly,2023-02-09
S19090,f22b8cc3-3,Premium,21.69,Monthly,2021-03-05
S19091,522f1024-c,Basic,13.53,Yearly,2024-02-25
S19092,26636ff5-9,Premium,17.9,Yearly,2021-05-31
S19093,36dc25e2-8,Premium,10.1,Monthly,2024-11-20
S19094,d179a197-d,Basic,21.83,Monthly,2025-01-16
S19095,a3a04830-d,Premium,12.12,Monthly,2024-04-24
S19096,a7e86e09-3,Basic,14.1,Yearly,2021-03-09
S19097,a481b428-4,Premium,21.24,Monthly,2021-02-24
S19098,f0082d5b-f,Basic,18.54,Monthly,2023-06-20
S19099,2738e977-c,Basic,10.96,Monthly,2025-06-19
S19100,,Standard,20.64,Monthly,2024-07-19
S19101,c9c9a3f4-7,Basic,23.94,Yearly,2022-06-27
S19102,82ead385-d,Standard,18.9,Monthly,2024-03-16
S19103,8f8e5c87-8,Standard,15.07,Monthly,2023-03-06
S19104,a020f6e1-c,Standard,16.33,Yearly,2022-05-11
S19105,4fad5d86-c,Premium,5.15,Monthly,2024-09-22
S19106,108fabfa-a,Premium,17.62,Yearly,2021-07-03
S19107,a38724c7-e,Standard,24.22,Yearly,2024-10-23
S19108,a08a39d6-c,Basic,24.65,Monthly,2022-04-21
S19109,dea0f496-9,Standard,9.01,Monthly,2023-06-12
S19110,c9f16c20-e,Standard,17.42,Yearly,2024-09-06
S19111,bd6d4dcb-e,Standard,3.68,Yearly,2025-07-12
S19112,feb66a03-a,Basic,11.67,Monthly,2023-08-20
S19113,9c0ad521-8,Standard,3.08,Monthly,2024-12-19
S19114,2f6fc69d-1,Standard,3.77,Yearly,2024-05-08
S19115,a9c29dc3-9,Premium,11.13,Monthly,2024-02-03
S19116,f5135ebd-3,Standard,17.57,Yearly,2022-06-12
S19117,c81894aa-c,Standard,6.18,Yearly,2022-07-08
S19118,3309d0c7-8,Premium,13.53,Monthly,2025-07-15
S19119,c0bca2f6-1,Premium,23.8,Yearly,2023-12-26
S19120,1ea85b11-f,Standard,3.39,Yearly,2022-07-06
S19121,9fe36880-e,Standard,22.83,Yearly,2026-01-10
S19122,f56c5c9e-2,Premium,18.21,Monthly,2021-08-25
S19123,09851779-3,Basic,19.87,yearly,2021-08-28
S19124,27e3b02e-f,Basic,11.1,Yearly,2025-01-21
S19125,1dfd8e50-f,Basic,5.85,Yearly,2024-07-18
S19126,2a274742-0,Basic,23.64,Monthly,2025-11-19
S19127,22666a50-c,Basic,20.56,Yearly,2022-12-23
S19128,388b5ebe-3,Standard,14.48,Yearly,2021-04-29
S19129,4a40dbf7-3,Standard,18.19,Yearly,2022-04-04
S19130,cee762c0-0,Standard,19.86,Yearly,2024-11-04
S19131,ee22606b-e,Premium,22.65,Yearly,2024-11-07
S19132,33aaf6cb-e,Premium,12.91,Monthly,2023-01-30
S19133,22bb964a-9,Standard,11.43,Monthly,2021-12-31
S19134,91553014-4,Standard,3.39,Yearly,2024-02-25
S19135,4c8e8849-b,Basic,5.16,Monthly,2021-05-18
S19136,,Standard,3.6,Yearly,2023-04-09
S19137,3bf4523e-6,Premium,20.83,Yearly,2025-05-28
S19138,1d36775b-3,Basic,16.77,Monthly,2021-06-16
S19139,6457a161-8,Basic,15.14,Yearly,2024-10-19
S19140,6ba6541f-3,Basic,4.1,Yearly,2025-04-16
S19141,7b91b14d-1,Premium,7.11,Monthly,2022-04-11
S19142,9d87cd96-3,Premium,24.4,Yearly,2023-01-31
S19143,0bb1ec43-c,Premium,3.08,Monthly,2025-08-01
S19144,d1d86880-1,Standard,4.71,Yearly,2022-08-06
S19145,4035fc74-5,Standard,14.09,Yearly,2025-07-13
S19146,26251a01-a,Basic,22.78,Yearly,2021-05-18
S19147,7d9499a5-f,Basic,21.4,Yearly,2022-04-26
S19148,3f1d346a-4,Standard,20.79,Yearly,2022-03-31
S19149,af934ec0-c,Standard,12.15,Yearly,2022-04-04
S19150,fbdd7154-a,Basic,16.45,Monthly,2025-10-28
S19151,1c014cc1-4,Standard,6.32,Yearly,2021-08-02
S19152,91f7bae3-3,Standard,7.62,Yearly,2021-10-03
S19153,b4d02942-9,Standard,20.48,Yearly,2021-10-11
S19154,da262772-e,Standard,9.52,Yearly,2024-10-26
S19155,0b48ae84-a,Basic,21.36,Monthly,2024-06-04
S19156,14970006-8,Standard,13.0,Yearly,2023-11-29
S19157,0842ba75-3,Standard,10.22,Yearly,2023-05-12
S19158,3d3f6aa0-2,Standard,8.34,Monthly,2025-08-31
S19159,ad18f2e9-7,Standard,19.14,Yearly,2024-05-31
S19160,872612bd-6,Premium,4.69,Yearly,2023-02-08
S19161,43789321-b,Premium,22.58,Monthly,2023-07-17
S19162,fd81c5f3-f,Premium,10.22,Monthly,2022-03-03
S19163,e5fa32f3-7,Basic,23.3,,2022-03-09
S19164,82534aba-7,Premium,4.1,Monthly,2023-08-17
S19165,a24d9018-c,Standard,5.68,Yearly,2025-04-01
S19166,67b0f2d4-2,Standard,18.99,Yearly,2026-02-08
S19167,e2729b40-c,Standard,14.58,Monthly,2025-03-04
S19168,4a1b9f75-f,Basic,19.97,Yearly,2023-11-25
S19169,a85d9e43-c,Basic,6.72,Yearly,2021-03-19
S19170,f96c0ebb-f,Standard,6.49,Monthly,2021-07-19
S19171,1a13aa9a-7,Premium,12.57,Monthly,2025-02-21
S19172,94836e6d-1,Standard,7.05,Yearly,2023-10-26
S19173,a50beb5f-f,Premium,21.26,Yearly ,2021-05-17
S19174,39dafc72-2,Basic,18.19,Yearly,2025-08-28
S19175,ffc8ca68-9,Premium,24.04,Yearly,2025-02-05
S19176,3e176ced-8,Premium,7.8,Monthly,2025-07-14
S19177,147f2003-4,Standard,24.06,Monthly,2023-11-09
S19178,1481d215-f,Basic,7.48,Monthly,2021-04-08
S19179,7844723d-e,Premium,15.79,Yearly,2025-11-21
S19180,f2f6505e-2,Basic,10.91,Yearly,2022-09-13
S19181,460bbbf2-d,Standard,21.49,Monthly,2023-04-02
S19182,66865d28-e,Standard,24.02,Yearly,2022-06-18
S19183,7700d30b-7,Basic,4.52,Yearly,2023-08-01
S19184,c1f9a019-a,Premium,17.98,Monthly,2022-10-20
S19185,0a5152de-7,Basic,21.07,Yearly,2023-04-12
S19186,8f71503d-b,Premium,11.46,Monthly,2021-03-11
S19187,2c5a2c7a-c,Premium,15.23,Monthly,2022-02-27
S19188,41aee89c-2,Basic,10.86,Monthly,2022-04-01
S19189,d453f316-e,Standard,5.9,Yearly,2026-01-01
S19190,d73d3f82-0,Premium,18.5,Monthly,2023-07-06
S19191,bea2d9c3-1,Premium,15.34,Yearly,2021-07-04
S19192,b8909b1a-1,Basic,7.03,Monthly,2021-06-13
S19193,6dbd4d47-0,Premium,13.14,Monthly,2022-01-30
S19194,0b3b7174-7,Standard,17.39,Yearly,2025-04-01
S19195,bead2568-b,Basic,12.15,Monthly,2021-07-25
S19196,6a2c1f3b-d,Premium,5.94,Monthly,2025-04-29
S19197,4d444c5e-e,Premium,16.77,Monthly,2025-11-21
S19198,,Premium,9.67,Yearly,2024-08-26
S19199,aa8aa40c-3,Premium,20.78,Yearly,2022-01-29
S19200,d1e326b7-1,Standard,18.65,Yearly,2024-05-21
S19201,d6525433-5,Premium,9.81,Yearly,2021-02-23
S19202,554c1dea-5,Basic,6.23,Yearly,2023-09-24
S19203,9863579c-5,Basic,4.96,Monthly,2023-01-03
S19204,0493b71e-0,Basic,23.04,Yearly,2026-01-14
S19205,7d22b841-2,Basic,22.99,Monthly,2025-01-08
S19206,fae696fa-0,Basic,21.27,Yearly,2022-05-01
S19207,f2b0edd2-9,premium,16.06,Monthly,2022-02-22
S19208,d0c61adb-0,Standard,7.02,Yearly,2022-06-22
S19209,1b0e23b6-2,Basic,3.4,Monthly,2023-01-08
S19210,2ddaa4fb-8,Premium,24.32,Yearly,2024-01-20
S19211,26dee81d-f,Basic,3.89,Yearly,2021-03-01
S19212,f7dc90f2-2,Basic,6.1,Monthly,2021-06-05
S19213,ecd7d2a3-9,Premium,4.73,Monthly,2023-06-05
S19214,4c1365d3-2,Standard,15.76,Yearly,2022-05-10
S19215,306662ca-9,Basic,21.02,Yearly,2025-01-01
S19216,47d2c5da-b,Premium,24.46,Monthly,2022-11-22
S19217,8c75fddb-8,Standard,19.01,Monthly,2021-04-06
S19218,cb9fe1f8-a,Premium,18.64,Monthly,2024-06-20
S19219,e54e1173-4,Standard,22.76,Monthly,2024-02-28
S19220,9965d2ba-5,Premium,18.45,Monthly ,2025-06-07
S19221,b413c28b-5,Standard,17.16,Yearly,2025-11-16
S19222,e6527bae-4,Premium,18.22,Monthly,2023-11-06
S19223,30879ce1-9,Standard,16.43,Monthly,2021-06-25
S19224,88f16dea-8,Standard,8.94,Yearly,2022-08-17
S19225,09fc95d3-0,Basic,23.8,Yearly,2024-07-29
S19226,4282ad93-c,Basic,16.88,Yearly,2021-04-07
S19227,989eae18-f,Standard,21.16,Monthly,2023-05-19
S19228,787a2964-a,Standard,19.31,Monthly,2021-12-23
S19229,08f213dd-2,Premium,22.85,Yearly,2025-12-14
S19230,0598d229-c,Standard,6.04,Monthly,2023-04-18
S19231,d56b4b8a-2,Standard,4.73,Monthly,2025-01-08
S19232,e124312a-0,Standard,20.67,Yearly,2024-12-25
S19233,14cffea4-c,Basic,14.46,Yearly,2023-05-15
S19234,2e129c00-e,Standard,16.91,Monthly,2021-10-23
S19235,4862a4dd-5,Basic,11.3,Monthly,2022-01-01
S19236,0a834756-0,Standard,10.71,Yearly,2023-12-20
S19237,8d0e010e-0,Standard,5.71,Monthly,2021-04-12
S19238,cef751f0-7,Standard,6.41,Yearly,2025-01-21
S19239,ee9cb415-1,Standard,20.1,Yearly,2023-08-28
S19240,3eefb3f9-2,Premium,19.6,Yearly,2022-02-27
S19241,78894550-a,Basic,23.78,Monthly,2022-06-11
S19242,4fea6a49-b,Premium,21.05,Yearly,2021-04-17
S19243,f86604f2-8,Basic,12.07,Yearly,2021-11-01
S19244,d69a2628-0,Basic,12.62,Yearly,2023-01-20
S19245,3d33a98e-0,Basic,4.93,Monthly,2025-05-21
S19246,d0e88d50-e,Premium,19.38,Monthly,2025-05-17
S19247,9b7131c6-7,Standard,18.32,Monthly,2022-03-13
S19248,e040a2ed-a,Premium,14.43,Yearly,2021-03-26
S19249,3713bf69-1,Basic,18.5,Yearly,2024-03-15
S19250,ceafd231-4,Basic,13.85,Yearly,2024-12-25
S19251,06d5b703-1,Basic,24.36,Monthly,2025-07-24
S19252,83a4c81e-5,Premium,19.78,Yearly,2025-01-05
S19253,de4d588b-5,Premium,3.44,Yearly,2025-08-16
S19254,a4c419d5-2,Basic,15.46,Yearly,2021-09-21
S19255,eb730bb6-5,Standard,4.4,Yearly,2021-06-08
S19256,0851bfa2-5,Basic,18.22,Monthly,2024-03-07
S19257,b7339967-8,Premium,16.34,Yearly,2022-04-07
S19258,25a6f221-2,Premium,6.1,Yearly,2025-02-18
S19259,6ecc751e-d,Standard,7.95,Yearly,2023-06-25
S19260,4c0242ef-3,Basic,15.55,Yearly,2022-12-04
S19261,c5e2ea49-0,Standard,16.25,Monthly,2021-03-20
S19262,4818c95b-c,Standard,18.33,Monthly,2021-04-29
S19263,c0442ebe-8,Standard,9.02,Yearly,2023-06-26
S19264,2fae61a0-f,Basic,10.48,Yearly,2024-03-08
S19265,6321f54f-5,Premium,22.28,Yearly,2022-11-02
S19266,183aeb33-1,Basic,7.97,Yearly,2025-05-30
S19267,f5d1ddd4-2,Basic,15.09,Yearly,2025-05-21
S19268,459d825e-2,Basic,20.22,Monthly,2023-12-21
S19269,13a8c4b4-5,Standard,20.37,Yearly,2026-01-05
S19270,22e67807-e,Premium,20.65,Yearly,2023-03-15
S19271,b01721d8-1,Premium,21.83,Yearly,2021-07-16
S19272,63be718d-0,Standard,4.13,Monthly,2021-06-09
S19273,4a3f8b8b-8,Basic,16.47,Monthly,2022-03-27
S19274,f2ff041c-5,Premium,20.04,Yearly,2021-07-16
S19275,22ed1119-8,Standard,16.32,Yearly,2025-05-13
S19276,b3daf85e-9,Premium,23.23,Yearly,2023-06-04
S19277,3c6d4201-6,Standard,5.88,Yearly,2024-09-19
S19278,1dea4f48-6,Basic,12.93,Monthly,2024-12-22
S19279,688644b2-e,Basic,21.3,Yearly,2023-06-14
S19280,1daf2576-f,Standard,7.27,Yearly,2024-10-13
S19281,f74d7953-2,Premium,12.57,Monthly,2023-02-22
S19282,6af73d54-8,Basic,24.58,Yearly,2024-12-20
S19283,fd62b437-c,Basic,23.79,Yearly,2025-02-03
S19284,7a5aa404-6,Standard,13.81,Yearly,2025-11-11
S19285,e89a29a4-e,Basic,5.57,Yearly,2025-03-20
S19286,fe1c395b-5,Standard,20.08,Monthly,2021-11-27
S19287,,Basic,24.37,Yearly,2023-11-23
S19288,6ad307b2-6,Standard,20.3,Monthly,2023-07-08
S19289,1dee376d-d,Standard,4.81,Yearly,2022-05-17
S19290,f6824e78-7,Standard,3.94,Yearly,2026-01-03
S19291,d8dc4700-c,Premium,4.96,Yearly,2021-10-14
S19292,34fec518-c,Premium,5.72,Monthly,2022-02-11
S19293,a34ff165-6,Basic,12.37,Monthly,2022-07-15
S19294,90e66adc-9,Standard,6.39,Monthly,2022-10-09
S19295,ea25ea76-f,Premium,15.45,Monthly,2025-01-20
S19296,14bef676-8,Premium,7.95,Monthly,2021-12-22
S19297,d636c142-b,Basic,8.08,Yearly,2023-03-22
S19298,77f60ea0-1,Basic,16.94,Monthly,2023-02-08
S19299,8f8e8b75-3,Premium,3.45,Yearly,2022-01-28
S19300,43ae61d2-e,Basic,22.0,Yearly,2025-01-22
S19301,5e637310-5,Premium,13.75,Monthly,2025-02-25
S19302,c0cc2c4b-0,Standard,17.0,Monthly,2021-06-12
S19303,1462bdcf-5,Basic,11.99,Yearly,2021-09-21
S19304,d2e63199-a,Premium,9.85,Yearly,2022-01-11
S19305,51cd2ccb-b,Standard,3.95,Monthly,2021-08-16
S19306,da3b1c70-8,Basic,11.85,Monthly,
S19307,f2f5da6b-7,Premium,12.19,Yearly ,2022-09-20
S19308,49079f6e-d,Basic,5.96,Yearly,2024-06-29
S19309,57e91899-a,Premium,3.59,Monthly,2024-08-21
S19310,69c4478c-b,Basic,16.25,Yearly,2022-01-03
S19311,7c348df1-d,Premium,14.81,Yearly,2023-09-21
S19312,8bacaf9a-c,Premium,10.78,Monthly,2022-07-19
S19313,4f2a05f6-f,Premium,13.28,Yearly,2024-04-20
S19314,c731369d-4,Basic,6.89,Monthly,2022-01-30
S19315,30e13a73-9,Basic,4.37,Yearly,2021-12-14
S19316,ce702e39-6,Standard,15.58,monthly,
S19317,ed4511dc-b,Standard,24.62,Monthly,2023-08-19
S19318,57d46fbe-0,Premium,16.08,Monthly,2022-04-13
S19319,dd210962-e,Standard,16.46,Monthly,2022-05-12
S19320,4a4ae3a3-1,Basic,5.72,Monthly,2021-07-25
S19321,44ad9cce-4,Basic,14.48,Monthly,2025-06-27
S19322,f8b15986-b,Standard,6.91,Yearly,2025-01-30
S19323,1e2dba60-2,Standard,6.14,,2022-02-17
S19324,e0070925-6,Standard,8.15,Monthly,2023-02-21
S19325,e94fa1b7-2,Basic,8.46,Monthly,2022-07-28
S19326,c4b94ada-f,Basic,18.85,Yearly,2023-03-16
S19327,7cc2dfce-e,Basic,17.65,Monthly,2024-11-29
S19328,f6cb83ec-4,Premium,20.46,Yearly,2025-03-31
S19329,d487904f-5,Basic,12.12,Yearly,2022-08-15
S19330,03c55f11-c,Premium,11.49,Yearly,2022-12-27
S19331,2a96df78-0,Premium,3.09,Yearly,2022-02-21
S19332,3fb5df94-d,Premium,9.68,Yearly,2025-11-05
S19333,c224c4a3-1,Standard,19.45,Monthly,2021-10-26
S19334,ddfd10f2-7,Basic,24.74,Monthly,2025-04-10
S19335,67709844-6,Premium,7.67,Yearly,2024-12-23
S19336,e6cd9a58-1,Standard,18.28,Yearly,2021-04-11
S19337,8994c1c0-6,Basic,24.45,Yearly,2023-03-10
S19338,da2cea29-f,Basic,3.12,Monthly,2025-05-22
S19339,c78e4b95-c,Basic,23.16,Yearly,2025-11-08
S19340,c9ed1abc-8,Standard,13.74,Monthly,2025-12-25
S19341,6da78e3c-2,Premium,6.31,Monthly,2022-05-11
S19342,25d1efe3-b,Basic,20.64,Yearly,2025-11-06
S19343,c4dd70cb-f,Basic,17.9,Monthly,2023-04-16
S19344,9d98fdc1-3,Premium,12.12,Yearly,2025-07-14
S19345,d1147b88-5,Basic,24.27,Yearly,2025-04-24
S19346,894cc4e2-b,Basic,7.32,Monthly,2024-10-19
S19347,5507383b-d,Premium,24.4,Yearly,2024-04-01
S19348,d0ded18d-c,Standard,11.24,Yearly,2022-04-05
S19349,9ae00498-a,Premium,15.57,Yearly,2025-04-21
S19350,7e309a3c-2,Basic,13.64,Yearly,2025-10-02
S19351,2bfaaeaa-e,Standard,3.24,Yearly,2021-05-03
S19352,6f42de79-d,Basic,23.38,Monthly,2021-05-05
S19353,ffe01cc3-6,Premium,18.3,Monthly,2023-05-13
S19354,dd6ad5df-f,Standard,8.92,Monthly,2022-11-10
S19355,5a23304f-3,Basic,22.3,Yearly,2024-06-03
S19356,850b3db4-0,Premium,8.79,Monthly,2026-01-15
S19357,73729d5f-f,Basic,22.58,Yearly,2021-07-24
S19358,51f9e3bb-e,Premium,24.28,Yearly,2023-08-16
S19359,2ba2482d-6,Standard,19.39,Yearly,2025-01-18
S19360,782cd059-9,Standard,18.02,Yearly,2023-03-14
S19361,441fd3e6-4,Basic,19.19,Yearly,2023-11-04
S19362,f610476a-1,Basic,13.1,Monthly,2025-11-03
S19363,a0ac7e99-e,Basic,18.22,Yearly,2022-03-30
S19364,964d99d1-8,Standard,,Yearly,2023-08-07
S19365,af256efb-f,Basic,7.18,Monthly,2025-04-19
S19366,90d6010b-5,Basic,24.97,Yearly,2025-02-13
S19367,5ca41744-f,Standard,13.05,Monthly,2026-01-19
S19368,74b639b9-c,Premium,20.5,Monthly,2021-02-13
S19369,93138f4b-2,Standard,18.77,Yearly,2021-09-26
S19370,43bca898-6,Basic,17.57,Yearly,2021-12-06
S19371,f58fffe8-3,Premium,23.64,Monthly,2023-02-03
S19372,4abb9451-1,Basic,8.56,Monthly,
S19373,e5dc3085-b,Standard,5.99,Yearly,2022-04-22
S19374,e52d331f-f,Premium,6.53,Monthly,2022-05-22
S19375,5f8b1bb7-e,Standard,19.82,Monthly,2022-07-18
S19376,7910ef6d-f,Basic,15.92,Monthly,2022-07-17
S19377,09efe28b-c,Basic,18.4,Monthly,2021-04-26
S19378,838b1d1d-6,Premium,8.99,Yearly,2025-01-20
S19379,5f61fdae-e,Premium,21.6,Monthly,2021-08-31
S19380,b186afae-9,Basic,11.8,Monthly,2026-01-30
S19381,6350cec1-6,Standard,5.22,Monthly,2026-01-06
S19382,80f41388-2,Basic,10.83,Monthly,2023-08-11
S19383,c12750c2-e,Basic,21.66,Monthly,2023-11-24
S19384,be89ced6-c,Basic,3.14,Yearly,2025-02-28
S19385,47ea0369-2 ,Basic,12.07,Monthly,2021-03-05
S19386,3cd80772-8,Basic,8.79,Monthly,2025-02-25
S19387,170e75fd-c,Standard,18.41,Yearly,2022-09-20
S19388,047e8af5-e,,8.66,Yearly,2023-07-05
S19389,a9a48624-a,Premium,14.25,Yearly,2021-10-02
S19390,f2fa56ff-c,Premium,12.33,Monthly,2021-09-08
S19391,b72107cc-c,Premium,21.88,Monthly,2021-04-10
S19392,a8f89366-6,Standard,15.23,Yearly,2022-04-04
S19393,da7884ea-6,Standard,6.94,Yearly,2025-11-23
S19394,7577016b-a,Premium,5.01,Monthly,2023-04-16
S19395,fc1c531c-2,Premium,17.04,Yearly,2025-07-11
S19396,3829de9c-2,Basic,11.05,Monthly,2025-10-18
S19397,4bb3daa2-3,Premium,5.22,Monthly,2023-03-13
S19398,8318e5cf-c,Standard,4.84,Yearly,2025-05-02
S19399,ab1a51e4-2,Basic,22.6,Monthly,2023-03-07
S19400,66fadc56-e,Standard,17.39,Yearly,2024-03-19
S19401,e27ec67a-9,Basic,14.84,Yearly,2022-01-20
S19402,bfc02bb6-d,Standard,4.55,Monthly,2021-10-14
S19403,a3cf3dec-e,Premium,11.54,Yearly,2023-01-01
S19404,081ea029-9,Premium,9.86,Yearly,2022-08-25
S19405,38333f0a-1,Basic,14.07,Yearly,2025-05-22
S19406,d98197f5-f,Premium,11.75,Monthly,2025-11-12
S19407,9f8ca394-e,Premium,21.37,Monthly,2025-05-14
S19408,3557cee6-1,Standard,18.93,Yearly,2021-02-24
S19409,b3a84a73-d,Basic,10.72,Yearly,2024-12-23
S19410,82134096-a,Standard,3.88,Yearly,2022-05-08
S19411,75c99b62-a,Standard,14.9,Yearly,2023-03-19
S19412,a8c4638e-d,Premium,12.25,Yearly,2025-12-02
S19413,dfd01da4-1,Standard,5.72,Monthly,2025-05-10
S19414,9c255b21-4,Premium,5.44,Yearly,2021-12-21
S19415,3a80be8f-5,Standard,19.53,Yearly,2021-11-10
S19416,34c82267-1,Premium,7.28,Monthly,2022-07-31
S19417,eca90d4d-e,Standard,7.16,Monthly,2023-05-15
S19418,0f167f44-5,Premium,21.98,Monthly,2025-01-31
S19419,8123f7c5-6,Basic,22.85,Yearly,2022-06-28
S19420,e023ef08-a,Standard,20.49,Yearly,2021-12-08
S19421,fe1bd3c3-1,Basic,19.07,Monthly,2023-06-17
S19422,6b9544a4-5,Basic,21.46,Monthly,2025-04-05
S19423,28b6d5d4-5,Premium,21.31,Yearly,2024-05-08
S19424,caff7c45-f,Basic,10.9,Monthly,2022-10-07
S19425,be3ce4db-0,Standard,12.73,Monthly,2022-02-24
S19426,89123d5c-c,Standard,9.66,Yearly,2024-10-28
S19427,5e79250c-2,Premium,12.91,Monthly,2022-12-21
S19428,932a64f7-f,Premium,24.67,Monthly,2024-08-06
S19429,19866bf7-e,Basic,23.41,Yearly,2022-03-30
S19430,e83c9844-8,Basic,12.13,Yearly,2021-09-28
S19431,f98098c2-9,Premium,24.2,Monthly,
S19432,f56c6b17-2,Basic,12.52,Yearly,2021-07-15
S19433,3cd43203-4,Premium,22.16,Yearly,2021-03-03
S19434,eb2e273f-e,Standard ,14.68,Monthly,2025-04-10
S19435,3e2cf755-3,Standard,10.09,Monthly,2021-04-16
S19436,53faf12f-a,Standard,3.54,Yearly,2021-08-22
S19437,f5ccda78-e,Premium,4.99,Yearly,2021-09-20
S19438,d576c7bf-7,Standard,23.83,Monthly,2025-06-20
S19439,0e682730-4,Basic,20.58,Yearly,2022-01-05
S19440,00b9da34-8,Premium,17.16,Monthly,2022-07-12
S19441,55f13bad-c,Premium,8.4,Yearly,2021-04-08
S19442,35c2f056-2,Standard,5.75,Monthly,2025-11-20
S19443,e598641f-d,Basic,4.92,Yearly,2025-10-15
S19444,4f0103d6-f,Standard,9.11,Yearly,2024-02-03
S19445,c95211a3-8,Basic,24.92,Yearly,2022-01-31
S19446,dff29780-a,Basic,13.39,Yearly,2025-02-08
S19447,fee39851-5,Basic,3.53,Monthly,2024-10-20
S19448,73e12ec9-8,Standard,20.41,Yearly,2022-12-12
S19449,f41c0059-4,Standard,20.42,Yearly,2022-02-24
S19450,3c3465a0-3,Standard,5.55,Monthly,2025-05-17
S19451,ea55fb09-5,Standard,24.74,Yearly,2022-04-26
S19452,30e1ee5e-e,Standard,22.91,Monthly,2025-12-09
S19453,f88cbdd4-a,Standard,22.54,Yearly,2023-07-05
S19454,5aad84f5-0,Standard,23.65,Yearly,2025-07-11
S19455,e13c2f80-b,Standard,20.82,Monthly,2022-03-31
S19456,03422035-6,Premium,21.92,Monthly,2022-01-07
S19457,0d447116-3,Basic,24.37,Yearly,2024-05-21
S19458,a5c505e4-9,Premium,13.69,Monthly,2024-03-09
S19459,e5eba3c6-b,Standard,21.05,Monthly,2021-04-14
S19460,4cea0a03-5,Standard,13.08,Yearly,2022-07-03
S19461,33586711-9,Basic,23.31,Monthly,2021-04-14
S19462,abe7e366-7,Standard,15.92,Yearly,2023-03-30
S19463,e1f2c000-7,Basic,4.48,Yearly,2025-11-01
S19464,90d1a68f-f,Basic,15.75,Yearly,2025-07-17
S19465,37d0d537-f,Premium,16.09,Yearly,2023-07-16
S19466,a72962b4-2,Premium,22.56,Monthly,2021-05-29
S19467,390bbadc-6,Premium,16.09,Monthly,2023-06-20
S19468,0a8816a9-4,Standard,20.74,Monthly,2022-01-01
S19469,f4708b2c-e,Standard,8.82,Yearly,2025-04-15
S19470,25cd4f60-5,Basic,8.48,Yearly,2023-04-18
S19471,c8ce567f-1,Standard,9.48,Yearly,2023-10-08
S19472,c27ee709-d,Standard,22.42,Yearly,2025-01-15
S19473,ebed12f2-8,Premium,10.87,Yearly,2021-12-18
S19474,e9a0dd81-5,Standard,23.61,Yearly,2021-06-17
S19475,931a2caf-7,Basic,21.99,Monthly,2023-09-01
S19476,fec20d09-3,Standard,4.1,Yearly,2024-04-02
S19477,c789004d-6,Standard,16.69,Yearly,2023-03-17
S19478,6478bc1f-2,Basic,10.94,Yearly,2025-12-21
S19479,2b3c7448-6,Basic,15.64,Monthly,2024-10-18
S19480,bf5242b0-9,Premium,7.32,Monthly,2021-12-11
S19481,9f371dbc-5,Standard,19.5,Yearly,2025-09-12
S19482,36c892c5-f,Standard,10.99,Yearly,2025-03-11
S19483,89ccc7a1-3,Premium,6.69,Yearly,2024-12-29
S19484,5fe37038-5,Standard,23.96,Yearly,2021-10-09
S19485,65d78fd7-8,Standard,5.35,Yearly,2023-09-09
S19486,df456b35-1,Standard,23.98,Yearly,2025-08-16
S19487,e7edd064-c,Basic,19.02,Monthly,2025-06-06
S19488,24f7d8ed-6,Basic,14.77,Yearly,2023-03-05
S19489,669cce2e-6,Basic,3.2,Yearly,2025-07-27
S19490,db00eac6-e,Standard,11.42,Yearly,2022-11-28
S19491,90a466b6-2,Basic,5.0,Monthly,2022-11-07
S19492,75ed877b-6,Premium,7.94,Monthly,2024-10-22
S19493,e5b5db28-7,Basic,18.48,Yearly,2021-09-16
S19494,0157f19a-9,Basic,16.88,,2023-08-13
S19495,2be0b5bb-a,Basic,8.16,Yearly,2023-08-11
S19496,25c898d0-e,Basic,4.76,Monthly,2023-07-05
S19497,431e4a3e-3,Basic,16.8,Yearly,2023-01-13
S19498,31e62557-1,Basic,10.56,Monthly,2021-08-25
S19499,0b87452a-2,,23.57,Yearly,2023-12-06
S19500,847173b6-1,Basic,4.49,Monthly,2021-08-10
S19501,25e71816-4,Basic,18.07,Monthly,2025-01-04
S19502,8210f9a1-f,Premium,8.85,Monthly,2024-11-17
S19503,51220a39-1,Premium,6.19,Yearly,2023-02-22
S19504,42269abc-0,Basic,4.53,Yearly,2026-01-26
S19505,f7114e29-4,Premium,9.45,Monthly,2022-11-03
S19506,2787c960-f,Basic,10.6,Monthly,2023-09-22
S19507,09ca7446-f,Premium,16.78,Yearly,2026-01-27
S19508,56b0ffd5-b,Basic,20.0,Monthly,2023-12-22
S19509,dbfa7950-1,Standard,4.06,Yearly,2024-02-08
S19510,e48ba68a-c,Premium,22.82,Monthly,2023-06-17
S19511,65a3aee1-5,Basic,14.54,Monthly,2025-09-15
S19512,ac65601b-7,Basic,17.83,Yearly,2024-04-13
S19513,06d7194c-3,Premium,3.16,Monthly,2024-04-10
S19514,879b21d2-1,Premium,11.06,Yearly,2024-10-27
S19515,4f96be32-e,Premium,12.66,Monthly,
S19516,2b21b14a-e,Standard,12.09,Monthly,2024-09-07
S19517,d0e33b55-9,Basic ,10.49,Yearly,2023-05-09
S19518,9d5cbd00-1,Standard,4.13,Yearly,2022-11-23
S19519,4eb5c056-b,Premium,20.14,Yearly,2024-09-20
S19520,9a21126a-f,Basic,4.55,Yearly,2023-03-15
S19521,280cb2b8-a,Basic,5.05,Yearly,2023-10-08
S19522,91bf20c1-6,Standard,9.15,Monthly,2026-02-01
S19523,071cc009-8,Premium,13.13,Monthly,2024-10-27
S19524,a073470a-f,Premium,18.55,Monthly,2025-01-11
S19525,cecfa66b-2,premium,13.22,Yearly,2024-02-28
S19526,d030c04f-d,Premium,16.56,Monthly,2022-10-07
S19527,c429c8ab-3,Premium,24.79,Yearly,2023-12-29
S19528,493a9db6-1,Premium,12.75,Yearly,2023-09-30
S19529,76955608-3,Standard,20.57,Yearly,2022-07-11
S19530,c7b5afce-6,Premium,5.82,Yearly,2021-09-23
S19531,d0f1b751-7,Premium,7.78,Monthly,2025-05-18
S19532,19ae1b06-2,Basic,4.14,Yearly,2025-11-24
S19533,8e41e595-1,Basic,21.04,Yearly,2025-03-16
S19534,91133f6f-e,Premium,6.92,Monthly,2023-07-06
S19535,4c57be3d-e,Standard,6.96,Monthly,2022-12-24
S19536,bd2c5d47-0,Basic,24.0,Monthly,2022-01-05
S19537,8a5aeae5-d,Premium,18.63,Monthly,2025-06-30
S19538,86b3f257-d,Standard,16.54,Yearly,2022-05-27
S19539,666455bf-0,Standard,10.48,Yearly,2023-05-30
S19540,0167d063-d,Standard,12.62,Yearly,2023-06-18
S19541,f973ce50-3,Premium,19.71,Monthly,2025-06-13
S19542,7d3d5292-a,Standard,6.23,Monthly,2023-10-02
S19543,4af4d15f-2,Basic,13.55,Yearly,2024-12-13
S19544,dcf013f4-d,Basic,24.42,Monthly,2021-08-20
S19545,548f951a-e,Standard,19.48,Yearly,2022-09-18
S19546,74900f3d-4,Basic,5.4,Monthly,2025-09-25
S19547,375c7b84-f,Standard,10.87,Yearly,2025-03-27
S19548,2c86283d-d,Standard,22.85,Yearly,2022-10-31
S19549,27fe4005-1,Basic,8.07,Yearly,2022-11-13
S19550,89c6917d-e,Basic,6.54,Yearly,2023-07-17
S19551,c74a3cc9-c,Premium,24.75,Monthly,2025-11-15
S19552,9e2a797a-e,Basic,5.21,Yearly,2025-09-19
S19553,f0c7b065-1,,12.04,Yearly,2025-06-15
S19554,4e1134b0-1,Basic,3.46,Yearly,2023-12-18
S19555,37c7937d-4,Standard,5.88,Monthly,2025-11-22
S19556,b63c31f9-a,Premium,12.1,Yearly,2025-12-13
S19557,c679ae38-d,Premium,19.7,Yearly,2021-09-01
S19558,fac3d4e0-1,Basic,11.12,Monthly,2025-07-12
S19559,5d8e9917-d,Standard,4.47,Yearly,2023-06-21
S19560,ffe58341-c,Standard,4.45,Yearly,2022-09-21
S19561,6e186cdd-b,Standard,22.09,Monthly,2021-07-02
S19562,9335f61a-6,Basic,3.2,Monthly,2026-01-22
S19563,bae4ba21-2,Basic,17.49,Monthly,2023-03-04
S19564,6ab4048a-1,Standard,13.97,Yearly,2022-11-08
S19565,a5ac5620-e,Standard,10.02,Yearly,2021-10-17
S19566,11584496-a,Premium,11.76,Yearly,2022-06-16
S19567,2cafc662-6,Premium,15.24,Yearly,2024-09-03
S19568,328bf8f8-9,Premium,21.88,Monthly,2024-08-26
S19569,a5bb068b-0,Standard,20.41,Yearly,2021-04-11
S19570,0f4f183c-f,Premium,9.93,Monthly,2024-09-23
S19571,0ec07c8d-4,Standard,20.81,Monthly,2024-12-13
S19572,dadeca65-7,Standard,19.19,Yearly,2022-05-20
S19573,ba0f324a-5,Basic,19.9,Monthly,2024-03-22
S19574,e956a9fe-5,Premium,,Monthly,2025-03-02
S19575,47041792-0,Basic,11.38,Monthly,2022-08-28
S19576,3887999e-a,Standard,20.69,Yearly,2021-07-27
S19577,ef13c710-6,Standard,9.01,Monthly,2022-07-31
S19578,b53c180d-6,Standard,20.77,Yearly,2024-01-11
S19579,c98847d4-d,,10.15,Monthly,2023-07-13
S19580,e458cbd5-8,Standard,20.51,Yearly,2022-07-29
S19581,ee152ca1-6,Basic,20.88,Yearly,2023-12-01
S19582,0d827c71-2,Basic,5.65,Monthly,2025-11-23
S19583,b29dc0e0-d,Standard,22.11,Yearly,2024-03-29
S19584,2de5405c-c,Standard,20.97,Monthly,2023-11-28
S19585,bcf50bdb-1,Premium,24.37,Monthly,2025-02-10
S19586,88a962c7-9,Basic,10.12,Yearly,2022-11-29
S19587,8452f967-c,Basic,7.34,Yearly,2025-09-10
S19588,330c8fcb-5,Premium,10.36,Yearly,2022-08-03
S19589,f81c5c75-7,Standard,23.84,Monthly,2024-09-15
S19590,c22e4e1c-b,Premium,6.9,Monthly,2023-07-13
S19591,04a57288-3,Premium,4.02,Yearly,2022-05-19
S19592,aed74abd-2,Premium,5.99,Yearly,2022-07-12
S19593,4d08aee4-4,Basic,12.48,Monthly,
S19594,420a64ce-1,Basic,13.15,Yearly,2021-09-24
S19595,6d6f0435-2,Basic,15.21,Yearly,2022-01-22
S19596,4ad15ee0-d,Premium,10.1,Monthly,2021-07-31
S19597,e71a468c-6,Basic,23.33,Monthly,2021-12-29
S19598,068d9615-1,Premium,8.82,Monthly,2023-01-28
S19599,59c54d18-a,Premium,3.35,Yearly,2023-05-28
S19600,c26518a3-f,Basic,7.05,Yearly,2025-10-23
S19601,8c5b0d17-c,Basic,17.09,Yearly,2021-09-13
S19602,daf68c06-e,Standard,23.57,Monthly,2022-04-04
S19603,6662f321-e,Premium,13.74,Monthly,2023-08-27
S19604,70c56db3-0,Premium,12.78,Yearly,2024-02-25
S19605,44dec658-6,Basic,22.92,Yearly,2024-04-18
S19606,6e0bf2b8-e,Basic,24.13,Monthly,2023-08-12
S19607,bb6d29a8-2,Premium,22.1,Monthly,2023-01-23
S19608,5a00c888-e,Premium,11.15,Monthly,2024-01-02
S19609,b0c00a1b-e,Premium,12.66,Yearly,2025-10-11
S19610,bf9b0e95-2,Standard,22.34,Monthly,2025-09-23
S19611,2817f99b-8,Premium,15.91,Monthly,2024-08-24
S19612,d7b3609f-9,Standard,5.45,Yearly,2022-03-03
S19613,fc7d1c5d-d,Basic,12.8,Yearly,2023-03-14
S19614,b2825f94-1,Standard,6.83,Yearly,2023-03-15
S19615,f2aed854-b,Premium,11.0,Monthly,2024-05-10
S19616,9a14eb93-c,Standard,7.59,Monthly,2023-12-11
S19617,757af7ec-0,Basic,7.97,Yearly,2022-01-06
S19618,a94b01d4-3,Standard,12.68,Yearly,2022-10-08
S19619,1801ae27-7,Standard,18.74,Yearly,2025-12-24
S19620,abbd1a62-5,Standard,16.15,Monthly,2023-12-23
S19621,03a6fd54-d,Standard,18.4,Monthly,2022-05-10
S19622,3d3dc7ec-a,Standard,10.34,Yearly,2023-01-07
S19623,444c71c7-e,Standard,6.37,Yearly,2024-03-22
S19624,27193a86-5,Standard,23.29,Monthly,2025-12-24
S19625,c0d1daf7-6,Standard,15.93,Monthly,2024-09-28
S19626,b2dd5e4f-a,Basic,12.13,Yearly,2023-05-22
S19627,a489657b-7,Standard,12.01,Monthly,2021-06-11
S19628,a34be49a-0,Standard,14.31,Yearly,2023-05-25
S19629,f0f9f701-6,Standard,22.64,Yearly,2025-08-29
S19630,840bdd58-8,Premium,8.22,Yearly,
S19631,20f3bfa8-0,Basic,21.32,Yearly,2021-08-19
S19632,35714b71-2,Premium,23.35,Monthly,2023-10-15
S19633,12a5964b-5,Basic,7.79,Monthly,2021-02-09
S19634,ddf6bd24-6,Premium,8.53,Monthly,2021-12-29
S19635,eb29433e-f,Standard,14.24,Yearly,2021-08-27
S19636,ba6f54a9-4,Premium,22.01,Yearly,2022-03-13
S19637,f8895bcc-a,Premium,11.77,Monthly,2025-04-14
S19638,88c2495c-2,Premium,3.03,Monthly,2024-06-04
S19639,f248c448-8,Basic,12.1,Monthly,2021-10-12
S19640,8adc03ee-8,Basic,24.15,Monthly,2021-12-08
S19641,16a9b4e8-4,Premium,6.62,Monthly,2023-11-17
S19642,8695d60e-d,Standard,5.58,Monthly,2025-12-27
S19643,194f0a56-b,,17.27,Yearly,2024-09-26
S19644,3cc2bd07-b,,5.65,Yearly,2025-07-17
S19645,99a65bc8-9,Premium,11.89,Yearly,2021-02-16
S19646,7febcbdb-4,Standard,8.71,Y3arly,2022-04-26
S19647,b00b53b9-1,Basic,5.99,Monthly,2025-01-25
S19648,5122f40e-9,Premium,8.5,Yearly,2022-12-07
S19649,0254f91e-8,Standard,5.0,Yearly,2022-02-02
S19650,58702945-9,Standard,12.17,Monthly,2021-12-17
S19651,d67111de-0,Premium,4.18,Monthly,2022-11-20
S19652,07a7702f-e,Standard,21.94,Monthly,2024-07-17
S19653,f0474d63-6,Premium,12.45,Yearly,2021-02-14
S19654,7285d073-5,Standard,20.63,Yearly,2024-01-22
S19655,7f231bb6-d,Standard,23.58,Yearly,2022-09-05
S19656,57c57d46-c,Basic,12.44,Monthly,2024-04-15
S19657,76c46e3c-0,Premium,6.99,Monthly,2025-10-02
S19658,bc88a33f-a,Premium,7.46,Yearly,2022-05-22
S19659,d857c5ba-3,Basic,21.91,Yearly,2025-05-18
S19660,98a4177c-c,Standard,13.71,Yearly,2022-03-01
S19661,07954a8a-7,Standard,7.63,Monthly,2021-02-12
S19662,b9787942-0,Basic,19.55,Yearly,2023-10-31
S19663,e3bded90-6,Premium,11.26,Yearly,2024-02-28
S19664,b498af22-5,Standard,14.61,Yearly,2023-11-10
S19665,df76c7cf-9,Basic,15.1,Monthly,2022-10-21
S19666,c9cfc72a-3,Basic,4.15,Yearly,2022-03-10
S19667,426a6676-0,Premium,18.37,Monthly,2021-03-21
S19668,c9dc0459-6,Basic,22.8,Yearly,2024-06-04
S19669,40c68a5d-b,Basic,13.05,Yearly,2021-12-30
S19670,18a0bc66-e,Standard,6.71,Yearly,2024-07-01
S19671,dd3c0fae-2,Standard,12.65,Monthly,2025-08-10
S19672,a65a0608-a,Premium,16.93,Yearly,2024-08-25
S19673,4f620328-a,Basic,23.39,Monthly,2021-07-11
S19674,da2f7732-d,Basic,23.79,Yearly,2025-04-17
S19675,f3940285-c,Standard,18.06,Yearly,2024-11-14
S19676,42d8a9bf-5,Standard,16.08,Yearly,2023-09-24
S19677,a6751d64-f,Premium,21.87,Monthly,2024-02-15
S19678,827589e1-c,Premium,11.73,Yearly,2021-05-25
S19679,c6f822ad-1,Basic,17.27,Yearly,2023-06-14
S19680,,Premium,14.45,Monthly,2025-02-12
S19681,3a17baf3-d,Basic,10.08,Monthly,2023-01-10
S19682,a9918c1c-2,Basic,23.99,Yearly,2023-12-26
S19683,373de0e5-e,Standard,17.95,Monthly,2023-07-29
S19684,d1b70355-2,Premium,8.06,Yearly,2024-12-25
S19685,7e21b55c-4,Basic,3.76,Yearly,2021-12-25
S19686,fb0cac8c-b,Standard,11.94,Monthly,2022-09-02
S19687,761734b5-e,Basic,12.75,Monthly,2024-02-17
S19688,c7939ea6-c,Standard,5.86,Monthly,2023-03-26
S19689,4b5576fc-c,Basic,7.5,Yearly,2025-04-08
S19690,3d3ff0aa-d,Basic,14.59,Yearly,2022-06-05
S19691,d6dd293c-4,Standard,10.61,Yearly,2025-12-15
S19692,e34a9458-8,Basic,14.85,Yearly,2022-01-04
S19693,91b999f3-a,Premium,6.49,Yearly,2025-10-02
S19694,09a7dea3-7,Standard,14.17,Monthly,2022-06-28
S19695,bcafde1c-9,Basic,4.26,Monthly,2024-02-10
S19696,3e483701-9,Premium,8.63,Monthly,2022-02-19
S19697,d5a0190f-2,Basic,12.75,Monthly,2025-01-24
S19698,73e59f07-f,Basic,23.95,Yearly,2025-11-27
S19699,a7d45f9e-1,Basic,22.09,Monthly,2024-07-03
S19700,e19cb3ef-2,Premium,14.94,Yearly,2021-09-04
S19701,6363ab4e-7,Premium,16.6,Yearly,2024-05-08
S19702,0b722df5-5,Standard,19.27,Monthly,2025-01-02
S19703,6ddb6da3-2,Basic,8.36,Yearly,2022-03-10
S19704,dcedb007-7,Basic,7.04,Monthly,2024-05-08
S19705,ac5356e8-b,Premium,13.22,Yearly,2024-01-16
S19706,6e23d6a1-2,Premium,5.66,Yearly,2022-06-22
S19707,46f99abf-8,Premium,21.21,Yearly,2021-12-06
S19708,ddd342b9-0,Premium,6.36,Monthly,2022-08-04
S19709,14485aa1-1,Premium,19.06,Yearly,2024-12-20
S19710,457fe76d-0,Basic,9.79,Yearly,2022-02-26
S19711,0cea9ed7-c,Premium,7.93,Monthly,2022-10-17
S19712,3ff518f9-2,Standard,13.42,Yearly,2022-02-21
S19713,a5aa379c-b,Premium,3.68,Monthly,2022-10-28
S19714,7570e412-7,Standard,8.0,Yearly,2021-11-14
S19715,1d53bdac-2,Basic,13.15,Monthly,2025-07-30
S19716,28ce2bf8-4,Basic,19.31,Monthly,2022-01-22
S19717,b60c8b8c-5,Basic,4.22,Monthly,2021-05-09
S19718,a5313979-6,Premium,16.67,Yearly,2024-03-19
S19719,150fd195-6,Standard,13.24,Monthly,2025-12-03
S19720,02c5fa2d-2,Standard,22.71,Yearly,2024-09-13
S19721,d01e3c89-e,Basic,11.42,Monthly,2021-12-31
S19722,e50793a0-e,Premium,18.54,Monthly,2023-08-22
S19723,ff7bbc7b-1,Premium,11.8,Monthly,2025-01-16
S19724,e512cb74-6,Basic,20.1,Monthly,2023-02-08
S19725,2d16f2dd-b,Standard,17.39,Monthly,2026-01-01
S19726,ad2a36d0-9,Premium,3.4,Monthly,2023-10-11
S19727,e34ea86c-d,Standard,3.98,Yearly,2021-09-24
S19728,f78e8d54-0,Basic,10.07,Yearly,2021-05-09
S19729,4883f097-f,Standard,9.34,Yearly,2025-01-25
S19730,79b1b70a-9,Premium,,Monthly,2025-04-22
S19731,7c5d0aa0-9,Basic,8.5,Monthly,2024-12-13
S19732,609d35a9-d,Basic,17.53,Yearly,2021-11-08
S19733,6170a93d-d,Standard,11.96,Monthly,2024-02-23
S19734,d1b65274-a,Standard,14.22,Yearly,2023-12-25
S19735,54f04401-f,Premium,20.76,Monthly,2024-11-14
S19736,e21eebb4-c,Basic,23.11,Yearly,2022-11-27
S19737,a12ac03a-6,Standard,3.84,Yearly,2023-06-08
S19738,04747f63-6,Basic,19.59,Yearly,2024-12-09
S19739,2c8e4405-5,Standard,16.15,Yearly,
S19740,668a5c3f-8,Standard,6.48,Yearly,2023-01-28
S19741,c595bf95-b,Basic,21.49,Yearly,2022-05-16
S19742,087119b0-8,Premium,9.94,Yearly,2022-10-25
S19743,f30cd2f9-e,Basic,15.89,Monthly,2024-06-24
S19744,277999ad-9,Basic,18.36,Monthly,2025-12-23
S19745,17e69345-f,Premium,4.01,Yearly,2023-06-02
S19746,a1a70b52-5,Basic,19.14,Yearly,2022-03-18
S19747,46b932c3-6,Premium,9.39,Yearly,2025-05-17
S19748,2805f029-d,Premium,7.96,Monthly,2025-11-19
S19749,0e25e9fc-6,Premium,20.67,Yearly,
S19750,dad78a66-e,Premium,12.63,Yearly,2025-05-27
S19751,a2b8fd22-7,Basic,13.23,Monthly,2025-03-18
S19752,2e307cf6-c,Basic,6.1,Yearly,2021-04-14
S19753,552d37a6-b,Premium,19.4,Monthly,2022-08-04
S19754,0915ea8b-d,Standard,18.24,Monthly,2022-01-08
S19755,c5c1ef53-8,Standard,11.15,Yearly,2024-04-21
S19756,219a8d93-d,Standard,10.42,Monthly,2023-11-05
S19757,69162e84-c,Basic,22.94,Monthly,2022-08-17
S19758,0c03fd5c-9,Premium,12.99,Yearly,2024-01-24
S19759,ec156b15-c,Basic,9.32,Yearly,2025-04-15
S19760,239ec4cc-7,Basic,5.63,Monthly,2024-07-14
S19761,aff9e593-a,Premium,21.84,Yearly,2025-01-14
S19762,92e6aed9-9,Basic,4.01,Yearly,2022-04-02
S19763,24e39461-7,Standard,20.39,Monthly,2022-12-19
S19764,aa19bb71-0,Basic,6.28,Monthly,2021-07-26
S19765,ff5992a7-a,Standard,19.13,Monthly,2021-12-12
S19766,eca2b7a0-f,Premium,4.22,Yearly ,2023-03-31
S19767,28a78652-8,Premium,13.42,Monthly,2024-06-09
S19768,b64cde39-6,Basic,22.54,Yearly,2021-11-14
S19769,91105a05-4,Premium,13.06,Yearly,2025-08-20
S19770,289ff155-3,Basic,9.22,Monthly,2023-04-29
S19771,f889f05c-c,Basic,8.55,Monthly,2024-11-21
S19772,4007bfde-d,Premium,19.77,Monthly,2023-08-30
S19773,2cbc8d4f-a,Basic,10.8,Yearly,2024-01-27
S19774,2adbb633-8,Premium,15.16,Yearly,2025-06-21
S19775,687575c1-f,Basic,24.23,Yearly,2024-09-03
S19776,53c50872-8,Basic,15.1,Monthly,2023-12-19
S19777,d2481686-3,Premium,13.3,Monthly,2024-01-25
S19778,cd28ac35-7,Premium,15.52,Monthly,2023-07-22
S19779,5024dd1c-8,Standard,10.78,Monthly,2024-09-05
S19780,838f9a54-1,Basic,22.21,Yearly,2021-04-27
S19781,edf0bbd4-6,Premium,14.08,Yearly,2024-04-25
S19782,8015f8e6-3,Standard,16.21,Yearly,2024-08-02
S19783,7b827cd1-9,Premium,8.1,Monthly,2023-01-20
S19784,e77f82d3-d,Premium,16.7,Yearly,2022-08-01
S19785,5350ba75-8,Premium,11.81,Yearly,2025-01-10
S19786,a16de9a0-1,Basic,9.85,Monthly,2025-03-15
S19787,afc5d240-d,Basic,15.76,Yearly,2022-07-31
S19788,e680086c-a,Premium,16.11,Monthly,2022-03-16
S19789,44c6da73-6,Standard,23.4,Yearly,2024-08-02
S19790,3e6e349b-6,Premium,22.34,Monthly,2025-02-14
S19791,59d7dda4-2,Premium,13.55,yearly,2022-05-02
S19792,f5a31d14-b,Basic,14.7,Yearly,2022-06-15
S19793,236a47d9-0,Basic,4.06,Yearly,2025-12-04
S19794,8dc1ad9b-d,Premium,7.61,Monthly,2023-01-14
S19795,826179b9-b,Basic,21.51,Monthly,2023-12-27
S19796,6fb6a294-c,Standard,20.26,Yearly,2023-01-23
S19797,72b35861-e,Premium,14.57,Yearly,2025-06-19
S19798,a5116c39-6,Basic,11.44,Monthly,2022-03-11
S19799,02d028be-1,Standard,20.24,Monthly,2024-05-13
S19800,134cc637-e,Premium,13.88,Monthly,2021-07-14
S19801,1db011fd-8,Basic,15.71,Yearly,2021-03-15
S19802,b71e7591-4,Premium,19.05,Yearly,2025-07-19
S19803,c764eca9-e,Premium,24.55,Yearly,2022-08-28
S19804,e185564d-4,Standard,5.57,Monthly,2024-02-27
S19805,9368c9fa-1,Standard,3.08,Monthly,2023-01-13
S19806,ddd6c0ff-a,Standard,3.47,Yearly,2025-07-31
S19807,43ce2dcb-a,Basic,3.16,Monthly,2023-11-01
S19808,983b6f45-f,Standard ,3.43,Monthly,2023-02-20
S19809,cf8eb936-5,Premium,10.38,Monthly,2021-09-09
S19810,32b58247-b,Premium,22.91,Monthly,2021-06-14
S19811,d679d808-1,Standard,9.88,yearly,2024-05-20
S19812,c24cc2c4-9,Premium,24.51,Yearly,2024-12-12
S19813,1d8b812e-e,Standard,24.21,Monthly,2023-03-12
S19814,77bba9d9-b,Basic,14.34,Monthly,2021-03-31
S19815,094f2d5a-d,Basic,6.75,Monthly,2025-03-27
S19816,21310436-8,Premium,4.17,Monthly,2021-09-15
S19817,7d861d7d-f,Basic,4.79,Yearly,2021-05-11
S19818,146d86ac-6,Standard,16.98,Monthly,2025-07-04
S19819,a2dfe98f-3,Premium,8.98,Monthly,2021-03-14
S19820,5674a908-4,Basic,14.42,Monthly,2025-02-09
S19821,c0bba14e-a,Premium,6.54,Yearly,2022-07-06
S19822,73230069-f,Premium,6.91,Monthly,2024-08-10
S19823,30f4774d-1,Premium,5.56,Monthly,2023-03-14
S19824,fb81c868-0,Premium,24.93,Monthly,2023-02-28
S19825,6e7dc8e5-9,Premium,13.54,Yearly,2022-04-19
S19826,434baf61-7,Standard,3.98,Monthly,2022-05-25
S19827,1cfefa45-e,Basic,15.88,Monthly,2025-11-17
S19828,34be70fc-8,Premium,18.08,Yearly,2023-07-07
S19829,a1b87cd7-d,Basic,20.64,Monthly,2022-12-17
S19830,835ef91f-b,Premium,20.49,Yearly,2025-01-01
S19831,d7b3d00b-9,Basic,12.48,Yearly,2022-03-23
S19832,4f42663f-9,Premium,7.72,Yearly,2024-12-07
S19833,b3a3e3f5-4,Basic,7.67,Yearly,2022-10-28
S19834,a4e75d1f-3,Premium,23.8,Monthly,2025-02-01
S19835,6b591395-7,Basic,20.95,Yearly,2021-04-22
S19836,8839b572-c,Premium,4.12,Yearly,2024-01-16
S19837,d28ed401-a,Standard,11.9,Yearly,2021-10-24
S19838,e5c117d8-5,Standard,19.28,Monthly,2025-07-01
S19839,640dd0af-2,Standard,3.02,Yearly,2023-02-19
S19840,306673b7-f,Standard,11.5,Yearly,2025-03-15
S19841,5a846539-4,Premium,8.96,Monthly,2021-12-18
S19842,53d36f3e-4,Basic,19.7,Yearly,2021-12-22
S19843,bf7aad04-1,Basic,4.19,Yearly,2025-12-13
S19844,bf38f1dd-1,Premium,11.95,Monthly,2024-01-14
S19845,9a488e5b-d,Basic,7.36,Yearly,2025-03-23
S19846,cb13e8ab-a,Premium,13.93,Yearly,2022-05-31
S19847,45318d97-d,Premium,8.34,Monthly,2022-06-05
S19848,4a85418d-1,Standard,24.28,Monthly,2025-06-16
S19849,4d72ff8b-d,Basic,4.8,Monthly,2021-03-28
S19850,e89c61ec-d,Premium,23.87,Monthly,2023-08-26
S19851,213d5284-4,Standard,9.16,Monthly,2022-05-28
S19852,a2be8ba3-b,Premium,21.53,Yearly,2025-07-19
S19853,95504afa-2,Standard,17.24,Monthly,2024-11-26
S19854,83b3ea45-c,Standard,3.06,Monthly,2025-11-13
S19855,4f0e99fc-3,Premium,24.42,Monthly,2025-08-07
S19856,45024d78-4,Premium,12.76,Yearly,2024-07-02
S19857,b91bb598-8,Basic,21.28,Monthly,2023-12-19
S19858,425fc894-5,Premium,6.98,Yearly,2022-04-02
S19859,b8b5ae4f-f,Premium,22.09,Monthly,2024-12-07
S19860,2701e1d2-b,Standard,6.28,Monthly,2026-01-11
S19861,e228dd75-1,Standard,8.34,Monthly,2024-10-04
S19862,b65626d9-5,Basic,7.43,Monthly,2022-02-13
S19863,7bfc07e1-9,Basic,19.13,Monthly,2023-11-04
S19864,687f722b-1,Standard,3.37,Monthly,2021-10-03
S19865,4b35a415-9,Standard,10.77,Yearly,2022-05-01
S19866,8470273f-1,Premium,17.67,Monthly,2025-06-18
S19867,0f47d697-b,Basic,14.1,Yearly,2024-12-04
S19868,2f005ffa-3,Basic,21.89,Yearly,2023-09-21
S19869,5639d7cb-1,Basic,22.27,Yearly,2022-02-02
S19870,b6b9b89c-8,Basic,12.03,Yearly,2025-05-29
S19871,824b878a-0,Premium,16.74,Monthly,2025-04-18
S19872,285d4d3e-1,Standard,5.38,Yearly,2022-12-29
S19873,af6d07b3-6,Standard,12.6,Yearly,2021-08-14
S19874,008d757c-a,Basic,6.18,,2023-10-29
S19875,d39a10d8-5,Standard,18.73,Monthly,2021-07-25
S19876,58dc0c08-0,Standard,10.1,Yearly,2021-06-17
S19877,8616ee35-0,Basic,10.44,Yearly,2023-09-09
S19878,ac8ac6c1-b,Basic,15.43,Yearly,2022-03-16
S19879,b6bf87bf-1,Standard,22.38,Yearly,2021-05-02
S19880,278f73ca-1,Standard,22.08,Monthly,2025-11-02
S19881,713941d6-0,Premium,14.93,Yearly,2024-10-24
S19882,36f313d4-9,Basic,6.66,Monthly,2024-11-14
S19883,538ba3a1-3,Premium,14.9,Yearly,2023-05-07
S19884,33722346-1,Basic,19.46,Monthly,2023-06-11
S19885,754e37ec-d,Standard,22.24,Yearly,2023-04-27
S19886,5bedaec9-b,Standard,18.02,Yearly,2023-08-21
S19887,7329552f-7,Standard,5.97,Monthly,2025-08-11
S19888,f36c9c43-9,Standard,8.07,Yearly,2024-01-06
S19889,ce450fb8-9,Basic,10.05,Monthly,2023-03-13
S19890,4699f858-6,Basic,3.27,Yearly,2022-07-27
S19891,eb3ac739-1,Premium,14.67,Monthly,2022-12-20
S19892,2dd033b8-e,Premium,3.08,Monthly,2023-09-06
S19893,85b6f011-4,Premium,9.74,Yearly,2025-02-08
S19894,3ccc4379-6,Standard,21.7,Monthly,2021-04-12
S19895,6eab2ac8-3,Premium,20.09,Monthly,2025-05-21
S19896,f706f1cb-3,Basic,20.98,Yearly,2023-09-20
S19897,57e90a8b-3,Premium,21.01,Yearly,2025-12-09
S19898,795d1171-1,Premium,11.62,Monthly,2021-04-27
S19899,2c7e2891-1,Standard,24.4,Yearly,2024-03-17
S19900,ce1dc703-a,Premium,19.41,Monthly,2025-08-22
S19901,28855fc3-9,Premium,9.86,Yearly,2022-05-28
S19902,1409533e-3,Premium,9.0,Yearly,2026-01-18
S19903,d8c9eb64-2,Standard,18.54,Yearly,2024-12-06
S19904,8f623c2a-6,Premium,19.57,yearly,2025-02-28
S19905,d7e531e0-e,Standard,21.54,Monthly,2022-07-27
S19906,7c785556-9,Standard,9.57,Yearly,2023-11-13
S19907,0d9a5ca9-5,Basic,6.35,Monthly,2024-09-25
S19908,4887184e-4,Premium,6.64,Yearly,2021-03-25
S19909,1dc2493a-c,Premium,5.27,Yearly,2024-11-29
S19910,8b379ce9-3,Premium,19.67,Monthly,2025-12-27
S19911,a60de448-6,Premium,19.83,Yearly,2021-09-24
S19912,4a69a600-3,Basic,6.02,Monthly,2023-03-01
S19913,881ebe58-c,Basic,7.72,Yearly,2023-06-10
S19914,983752a8-7,Premium,23.44,Yearly,2025-09-02
S19915,70837fd4-d,Standard,21.04,Yearly,2021-10-17
S19916,20b17804-0,Basic,16.7,Yearly,2024-11-02
S19917,0d48f417-0,Basic,6.06,Yearly,2023-02-24
S19918,ca285df1-5,Standard,9.6,Monthly,2021-11-06
S19919,8290a8a3-9,Premium,8.35,Monthly,2026-02-06
S19920,b79b7b99-7,Standard,7.39,Yearly,2021-07-19
S19921,d542aea4-5,Standard,7.77,Yearly,2023-04-16
S19922,28e44ba0-a,Premium,3.3,Monthly,2021-04-20
S19923,d17ce7f5-1,Premium,9.71,Monthly,2023-03-24
S19924,8b178aa7-0,Basic,23.19,Monthly,2025-03-18
S19925,2a6b3980-a,Premium,6.45,Monthly,2022-04-07
S19926,52a856d2-6,Basic,6.93,Monthly,2022-05-28
S19927,833f9cb9-e,Basic,,Yearly,2022-09-23
S19928,bacab6bc-a,Basic,5.02,Monthly,
S19929,2b2a49e8-3,Premium,13.25,Yearly,2021-12-20
S19930,1531e7f7-b,Basic,16.28,Yearly,2023-04-09
S19931,61874f79-0,Standard,14.77,monthly,2023-09-14
S19932,be02ae7d-0,Basic,14.51,Yearly,2022-05-12
S19933,67bb0016-f,Basic,15.93,Monthly,2022-06-19
S19934,40b55d27-2,Premium,25.0,Yearly,2024-12-22
S19935,e0e616c8-7,Basic,16.96,Monthly,2021-04-12
S19936,a4fa1cf9-1,Basic,8.51,Yearly,2025-09-27
S19937,a0d4ea99-0,Standard,3.99,Monthly,2023-08-31
S19938,495bfb7f-7,Basic,16.39,Yearly,2021-06-08
S19939,386ab92c-5,Standard,12.66,Yearly,2023-02-23
S19940,7a9875bb-5,Standard,,Monthly,2022-12-30
S19941,d134e129-f,Premium,14.38,Monthly,2022-12-18
S19942,6ed1bd54-6,Premium,22.63,Monthly,2023-06-14
S19943,69082603-0,Premium,10.86,Monthly,2023-09-21
S19944,38e6c6ae-b,Standard ,3.4,Yearly,2023-01-04
S19945,315ae471-d,Basic,12.29,Monthly,2023-09-11
S19946,61aefa21-1,Premium ,18.73,Monthly,2025-11-23
S19947,f775b57f-e,Premium,21.02,Monthly,2021-06-13
S19948,0df7f96b-9,Standard,11.17,Yearly,2024-07-11
S19949,6766667e-4,Premium,10.73,Yearly,2023-07-01
S19950,e1da0efc-0,Standard,4.16,Monthly,2025-06-25
S19951,bb83ac3d-3,Standard,15.22,Monthly,2022-07-25
S19952,a38bae64-d,Premium,20.15,Yearly,2023-11-02
S19953,a8ea50f7-e,Standard,21.54,Yearly,2021-06-05
S19954,4d673546-b,Premium,4.47,Monthly,2022-05-11
S19955,59fa4c00-7,Basic,13.4,Monthly,2024-04-07
S19956,b243a333-2,Premium,17.46,Yearly,2024-10-05
S19957,bc3080a7-8,Basic,4.99,Yearly,2023-09-12
S19958,35cff8f6-a,Basic,4.43,Monthly,2021-09-13
S19959,94178cc6-f,Basic,18.89,Monthly,2024-08-23
S19960,fc485cd0-e,Basic,8.72,Monthly,2026-01-14
S19961,76fc6c34-7,Basic,11.52,Monthly,2022-06-20
S19962,8f9f1be6-0,Premium,5.58,Yearly,2022-12-04
S19963,a104b467-5,Standard,24.04,Yearly,2021-09-27
S19964,7936bfb5-4,Standard,15.55,Yearly,2024-10-22
S19965,48b4eeea-5,Premium,10.37,Yearly,2021-11-27
S19966,9b2a3917-1,Basic,20.72,Yearly,2023-12-05
S19967,bbf35fb8-d,Standard,13.06,Yearly,2023-04-30
S19968,df8519d8-8,Basic,10.97,Monthly,2022-01-23
S19969,534b4163-e,Standard,15.27,Yearly,2023-07-14
S19970,20527708-a,Standard,22.38,Monthly,2024-07-23
S19971,fe41476d-3,Premium,9.72,Yearly,2021-06-28
S19972,d7f7bd81-8,Premium,17.46,Yearly,2022-09-21
S19973,51f4e083-f,Basic,16.72,Yearly,2024-11-11
S19974,69e4b1e0-9,Premium,19.53,Monthly,2023-05-10
S19975,02d7b502-8,Premium,20.99,Monthly,2025-12-21
S19976,f8d6814e-d,Basic,16.75,Monthly,2024-10-03
S19977,b3d26ac6-7,premium,10.04,Yearly,2025-10-24
S19978,,Standard,22.8,Yearly,2022-12-11
S19979,d640c8c1-e,Basic,3.08,Monthly,2022-09-01
S19980,a5d902a1-6,Standard,22.81,Monthly,2024-10-29
S19981,10a9a0ea-3,Standard,11.51,Yearly,2025-03-03
S19982,6e9e379b-c,Basic,7.6,Yearly,2025-11-28
S19983,d5a2567b-0,Basic,7.23,Yearly,2026-02-07
S19984,34e29283-b,Basic,11.29,Monthly,2024-09-17
S19985,8778e4e7-f,Premium,16.81,Yearly,2024-10-18
S19986,90c4d03b-7,Premium,4.59,Monthly,2022-03-04
S19987,faf2e68c-4,Premium,4.94,Yearly,2021-07-17
S19988,f380ce9b-f,Standard,19.63,Yearly,2025-06-01
S19989,39717796-8,Basic,11.89,Yearly,2022-06-23
S19990,4a0b1a4f-b,Basic,19.5,Yearly,
S19991,20555088-0,Basic,9.24,Yearly,2024-03-29
S19992,dde2b8ec-5,Standard,23.59,Monthly,2022-03-09
S19993,bc123908-d,Basic,9.68,Yearly,2023-08-29
S19994,ed886709-7,Premium,16.34,Yearly,2024-09-09
S19995,f83a3f5c-0,Standard,19.88,Yearly,2022-06-18
S19996,bd617de7-f,Premium,19.88,Yearly,2023-09-23
S19997,fadd6027-4,Premium,11.59,Monthly,2022-12-15
S19998,f382b395-0,Premium,15.2,Monthly,2025-10-30
S19999,b5e4f131-d,Basic,15.28,Yearly,2021-10-06
S20000,4dd07b39-6,Premium,20.83,Yearly,2026-01-02
